451 1800.023000 1.641E-58 3.133E-07.00080.00116033.74170.700.000034              3              3                    S  9q     352220 1 1 2 3 2 2    69.0   57.0
451 1814.492400 1.117E-31 1.997E-07.00080.001 3187.47050.700.000032              0              0                    S  7q     352220 1 1 2 3 2 2    57.0   45.0
451 1815.604600 5.800E-65 9.576E-08.00120.00118499.22170.670.000120              5              4                    O  8q     352220 1 1 2 3 2 2    13.0   17.0
451 1828.852000 2.034E-79 9.017E-08.00120.00125430.06010.650.000121              8              7                    O  5q     352220 1 1 2 3 2 2    21.0   33.0
451 1829.760800 4.539E-77 4.028E-07.00080.00124691.59620.690.000045              5              5                    S 12q     352220 1 1 2 3 2 2    29.0   25.0
451 1840.695100 1.413E-69 1.078E-07.00120.00120894.89090.670.000119              6              5                    O  7q     352220 1 1 2 3 2 2    33.0   45.0
451 1842.608300 4.641E-95 2.096E-10.00390.00431997.59120.670.000226              3              1                    O 27q     352220 1 1 2 3 2 2   153.0  165.0
451 1846.649400 4.913E-75 1.065E-07.00120.00123209.75760.660.000122              7              6                    O  6q     352220 1 1 2 3 2 2     9.0   13.0
451 1848.377300 5.687E-47 4.836E-08.00110.001 9883.73750.680.000098              2              1                    O 10q     352220 1 1 2 3 2 2    17.0   21.0
451 1876.155300 3.733E-42 2.899E-07.00080.001 8007.58220.700.000028              1              1                    S  8q     352220 1 1 2 3 2 2    21.0   17.0
451 1887.049700 1.062E-68 4.477E-07.00080.00120947.42170.690.000039              4              4                    S 11q     352220 1 1 2 3 2 2    81.0   69.0
451 1889.402400 2.030E-78 4.722E-07.00080.00125590.11180.690.000045              5              5                    S 13q     352220 1 1 2 3 2 2    93.0   81.0
451 1908.822200 3.338E-51 3.753E-07.00080.00112584.71620.700.000031              2              2                    S  9q     352220 1 1 2 3 2 2    69.0   57.0
451 1910.726900 4.692E-52 8.105E-08.00110.00112584.71620.680.000107              3              2                    O  9q     352220 1 1 2 3 2 2    45.0   57.0
451 1912.682500 1.063E-60 4.347E-07.00080.00116904.05820.700.000037              3              3                    S 10q     352220 1 1 2 3 2 2    25.0   21.0
451 1914.658900 6.947E-94 8.072E-10.00390.00431685.72430.670.000239              4              2                    O 25q     352220 1 1 2 3 2 2   141.0  153.0
451 1930.651800 1.009E-83 8.439E-08.00200.00227258.91210.660.000090              9              8                    O  3q     352220 1 1 2 3 2 2     9.0   21.0
451 1937.460800 8.365E-81 5.330E-07.00080.00126521.35700.690.000046              5              5                    S 14q     352220 1 1 2 3 2 2    33.0   29.0
451 1950.003400 2.645E-94 2.990E-11.00380.00430997.52130.680.000216              2              0                    O 28q     352220 1 1 2 3 2 2    53.0   57.0
451 1961.501800 4.746E-58 1.142E-07.00120.00115228.88930.680.000109              4              3                    O  8q     352220 1 1 2 3 2 2    13.0   17.0
451 1967.227400 4.939E-71 5.585E-07.00080.00121869.42620.690.000041              4              4                    S 12q     352220 1 1 2 3 2 2    29.0   25.0
451 1974.029400 2.651E-82 5.806E-07.00080.00127479.51420.690.000047              5              5                    S 15q     352220 1 1 2 3 2 2   105.0   93.0
451 1976.661900 4.542E-39 3.250E-08.00110.001 6030.92030.680.000095              1              0                    O 10q     352220 1 1 2 3 2 2    17.0   21.0
451 1978.977300 8.371E-34 3.229E-07.00080.001 4051.94300.700.000036              0              0                    S  8q     352220 1 1 2 3 2 2    21.0   17.0
451 1980.317100 4.472E-93 2.357E-09.00400.00431490.93800.660.000255              5              3                    O 23q     352220 1 1 2 3 2 2   129.0  141.0
451 1989.890000 3.433E-79 1.231E-07.00170.00225056.40700.650.000111              8              7                    O  4q     352220 1 1 2 3 2 2     5.0    9.0
451 1998.284500 5.141E-63 1.412E-07.00120.00117808.71100.670.000119              5              4                    O  7q     352220 1 1 2 3 2 2    33.0   45.0
451 1999.161800 8.208E-85 6.109E-07.00080.00128458.81780.690.000048              5              5                    S 16q     352220 1 1 2 3 2 2    37.0   33.0
451 2012.828900 2.067E-86 6.206E-07.00080.00129453.54360.690.000049              5              5                    S 17q     352220 1 1 2 3 2 2   117.0  105.0
451 2013.125500 4.480E-62 5.746E-07.00080.00117833.76470.700.000035              3              3                    S 11q     352220 1 1 2 3 2 2    81.0   69.0
451 2016.877400 1.347E-73 1.490E-07.00120.00122735.58600.650.000121              7              6                    O  5q     352220 1 1 2 3 2 2    21.0   33.0
451 2018.029500 7.718E-69 1.547E-07.00120.00120314.82630.660.000122              6              5                    O  6q     352220 1 1 2 3 2 2     9.0   13.0
451 2018.532100 1.992E-43 4.346E-07.00080.001 8908.44080.700.000029              1              1                    S  9q     352220 1 1 2 3 2 2    69.0   57.0
451 2029.892000 1.694E-53 5.268E-07.00080.00113507.28160.700.000031              2              2                    S 10q     352220 1 1 2 3 2 2    25.0   21.0
451 2030.695800 9.858E-93 2.337E-10.00390.00430643.34580.670.000226              3              1                    O 26q     352220 1 1 2 3 2 2    49.0   53.0
451 2035.688300 1.630E-72 6.705E-07.00080.00122834.47140.690.000042              4              4                    S 13q     352220 1 1 2 3 2 2    93.0   81.0
451 2047.176900 2.161E-44 7.436E-08.00110.001 8908.44080.680.000099              2              1                    O  9q     352220 1 1 2 3 2 2    45.0   57.0
451 2071.799600 8.634E-97 8.691E-09.00130.00133332.27960.650.000173              2              1                    Q 28q     352220 1 1 2 3 2 2    57.0   57.0
451 2071.799683 3.919E-95 3.949E-07.00110.00133332.2796-.020.000019              2              1                    Q 28m     582220 3 3 2 3 2 2    57.0   57.0
451 2077.743400 4.883E-84 1.515E-07.00130.00127046.29700.620.000082              9              8                    O  2q     352220 1 1 2 3 2 2     1.0    5.0
451 2092.633200 4.866E-75 7.779E-07.00080.00123836.65360.690.000041              4              4                    S 14q     352220 1 1 2 3 2 2    33.0   29.0
451 2101.055800 5.494E-98 5.823E-09.00130.00133824.79000.650.000168              1              0                    Q 30q     352220 1 1 2 3 2 2    61.0   61.0
451 2101.056352 2.292E-96 2.432E-07.00120.00133824.7900-.030.000018              1              0                    Q 30m     582220 3 3 2 3 2 2    61.0   61.0
451 2101.457400 1.571E-64 7.290E-07.00080.00118816.74070.700.000036              3              3                    S 12q     352220 1 1 2 3 2 2    29.0   25.0
451 2106.968300 1.124E-91 9.950E-10.00400.00430408.02580.670.000239              4              2                    O 24q     352220 1 1 2 3 2 2    45.0   49.0
451 2106.998500 1.054E-50 1.215E-07.00110.00111732.11480.680.000107              3              2                    O  8q     352220 1 1 2 3 2 2    13.0   17.0
451 2109.445187 9.010E-91 4.934E-07.00110.00131490.9380-.070.000019              4              3                    Q 23m     582220 3 3 2 3 2 2   141.0  141.0
451 2109.445200 2.634E-92 1.441E-08.00140.00131490.93800.640.000178              4              3                    Q 23q     352220 1 1 2 3 2 2   141.0  141.0
451 2130.100600 3.549E-35 4.888E-07.00080.001 5001.96290.700.000039              0              0                    S  9q     352220 1 1 2 3 2 2    69.0   57.0
451 2132.291100 6.096E-91 2.553E-11.00380.00429553.43320.680.000216              2              0                    O 27q     352220 1 1 2 3 2 2   153.0  165.0
451 2138.288700 1.097E-76 8.745E-07.00080.00124870.15970.690.000042              4              4                    S 15q     352220 1 1 2 3 2 2   105.0   93.0
451 2138.372200 5.486E-55 7.057E-07.00080.00114493.53840.700.000032              2              2                    S 11q     352220 1 1 2 3 2 2    81.0   69.0
451 2143.065500 5.196E-87 1.883E-08.00130.00128884.04040.640.000163              8              7                    Q 11q     352220 1 1 2 3 2 2    69.0   69.0
451 2143.065618 5.476E-86 1.985E-07.00150.00128884.0404-.130.000021              8              7                    Q 11m     582220 3 3 2 3 2 2    69.0   69.0
451 2147.871600 7.901E-46 6.169E-07.00080.001 9883.73750.700.000029              1              1                    S 10q     352220 1 1 2 3 2 2    25.0   21.0
451 2150.653600 3.221E-78 1.710E-07.00200.00224752.46340.660.000090              8              7                    O  3q     352220 1 1 2 3 2 2     9.0   21.0
451 2154.025700 5.166E-56 1.670E-07.00120.00114495.44310.670.000112              4              3                    O  7q     352220 1 1 2 3 2 2    33.0   45.0
451 2154.475200 1.120E-92 1.518E-08.00140.00131685.72430.640.000172              3              2                    Q 25q     352220 1 1 2 3 2 2   153.0  153.0
451 2154.475350 3.475E-91 4.715E-07.00110.00131685.7243-.040.000018              3              2                    Q 25m     582220 3 3 2 3 2 2   153.0  153.0
451 2156.514400 1.916E-86 2.026E-08.00130.00128284.69500.640.000149              9              8                    Q  6q     352220 1 1 2 3 2 2    13.0   13.0
451 2156.514453 6.479E-86 6.853E-08.00150.00228284.6950-.160.000021              9              8                    Q  6m     582220 3 3 2 3 2 2    13.0   13.0
451 2161.107387 7.201E-89 4.613E-07.00110.00130311.7358-.070.000020              5              4                    Q 20m     582220 3 3 2 3 2 2    41.0   41.0
451 2161.107400 2.985E-90 1.911E-08.00140.00130311.73580.630.000178              5              4                    Q 20q     352220 1 1 2 3 2 2    41.0   41.0
451 2172.878800 2.371E-79 9.532E-07.00080.00125929.28680.690.000043              4              4                    S 16q     352220 1 1 2 3 2 2    37.0   33.0
451 2176.711800 5.159E-91 3.106E-09.00400.00430296.13140.660.000254              5              3                    O 22q     352220 1 1 2 3 2 2    41.0   45.0
451 2177.881400 3.838E-66 8.917E-07.00080.00119846.89020.700.000036              3              3                    S 13q     352220 1 1 2 3 2 2    93.0   81.0
451 2183.340200 1.699E-87 2.229E-08.00130.00128962.76890.640.000167              7              6                    Q 14q     352220 1 1 2 3 2 2    29.0   29.0
451 2183.340290 2.269E-86 2.979E-07.00130.00128962.7689-.120.000021              7              6                    Q 14m     582220 3 3 2 3 2 2    29.0   29.0
451 2185.562700 2.231E-36 4.960E-08.00110.001 5001.96290.680.000093              1              0                    O  9q     352220 1 1 2 3 2 2    45.0   57.0
451 2185.637400 3.379E-62 2.016E-07.00120.00117190.39110.660.000122              5              4                    O  6q     352220 1 1 2 3 2 2     9.0   13.0
451 2187.340000 5.610E-88 2.216E-08.00140.00129453.54360.630.000175              6              5                    Q 17q     352220 1 1 2 3 2 2   105.0  105.0
451 2187.340030 9.888E-87 3.909E-07.00120.00129453.5436-.100.000020              6              5                    Q 17m     582220 3 3 2 3 2 2   105.0  105.0
451 2188.647700 2.645E-73 2.043E-07.00170.00222332.85580.650.000111              7              6                    O  4q     352220 1 1 2 3 2 2     5.0    9.0
451 2191.093300 2.294E-93 1.358E-08.00130.00131997.59120.650.000171              2              1                    Q 27q     352220 1 1 2 3 2 2   165.0  165.0
451 2191.093337 6.619E-92 3.923E-07.00110.00131997.5912-.040.000018              2              1                    Q 27m     582220 3 3 2 3 2 2   165.0  165.0
451 2195.497700 4.000E-85 2.435E-08.00130.00127881.66970.620.000149              9              8                    Q  5q     352220 1 1 2 3 2 2    33.0   33.0
451 2195.497745 8.268E-85 5.035E-08.00150.00227881.6697-.160.000021              9              8                    Q  5m     582220 3 3 2 3 2 2    33.0   33.0
451 2196.596000 4.098E-81 1.010E-06.00080.00127008.44840.690.000046              4              4                    S 17q     352220 1 1 2 3 2 2   117.0  105.0
451 2198.554700 2.499E-67 2.158E-07.00120.00119806.99550.650.000121              6              5                    O  5q     352220 1 1 2 3 2 2    21.0   33.0
451 2203.258300 1.665E-88 1.009E-06.00080.00130311.73580.690.000046              4              4                    S 20q     352220 1 1 2 3 2 2    45.0   41.0
451 2209.570200 7.179E-84 1.040E-06.00080.00128102.16560.690.000047              4              4                    S 18q     352220 1 1 2 3 2 2    41.0   37.0
451 2209.677800 5.825E-86 2.527E-08.00130.00128190.03060.640.000161              8              7                    Q 10q     352220 1 1 2 3 2 2    21.0   21.0
451 2209.677852 3.994E-85 1.734E-07.00150.00128190.0306-.120.000021              8              7                    Q 10m     582220 3 3 2 3 2 2    21.0   21.0
451 2211.831200 1.059E-85 1.041E-06.00080.00129205.04440.690.000045              4              4                    S 19q     352220 1 1 2 3 2 2   129.0  117.0
451 2217.352300 1.998E-89 2.519E-10.00390.00429273.58570.670.000226              3              1                    O 25q     352220 1 1 2 3 2 2   141.0  153.0
451 2218.862700 3.883E-90 2.213E-08.00140.00130296.13140.640.000172              4              3                    Q 22q     352220 1 1 2 3 2 2    45.0   45.0
451 2218.862737 8.468E-89 4.830E-07.00110.00130296.1314-.080.000018              4              3                    Q 22m     582220 3 3 2 3 2 2    45.0   45.0
451 2220.729900 1.974E-94 8.827E-09.00130.00132422.47680.650.000169              1              0                    Q 29q     352220 1 1 2 3 2 2   177.0  177.0
451 2220.730444 5.376E-93 2.407E-07.00120.00132422.4768-.020.000018              1              0                    Q 29m     582220 3 3 2 3 2 2   177.0  177.0
451 2227.970200 6.553E-85 2.840E-08.00180.00227538.44900.630.000143              9              8                    Q  4q     352220 1 1 2 3 2 2     9.0    9.0
451 2227.970326 7.916E-85 3.432E-08.00210.00227538.4490-.170.000019              9              8                    Q  4m     582220 3 3 2 3 2 2     9.0    9.0
451 2234.397500 1.450E-57 9.080E-07.00080.00115537.17360.700.000033              2              2                    S 12q     352220 1 1 2 3 2 2    29.0   25.0
451 2237.098200 1.039E-90 7.897E-09.00400.00430311.73580.670.000243              6              4                    O 20q     352220 1 1 2 3 2 2    37.0   41.0
451 2242.670100 8.327E-69 1.056E-06.00080.00120918.19810.700.000037              3              3                    S 14q     352220 1 1 2 3 2 2    33.0   29.0
451 2253.546300 6.119E-43 1.108E-07.00110.001 8007.58220.680.000099              2              1                    O  8q     352220 1 1 2 3 2 2    13.0   17.0
451 2253.951800 6.658E-84 3.253E-08.00210.00227258.91210.590.000128              9              8                    Q  3q     352220 1 1 2 3 2 2    21.0   21.0
451 2253.951820 4.286E-84 2.095E-08.00250.00327258.9121-.140.000018              9              8                    Q  3m     582220 3 3 2 3 2 2    21.0   21.0
451 2261.328100 2.485E-87 2.814E-08.00130.00129205.04440.630.000181              5              4                    Q 19q     352220 1 1 2 3 2 2   117.0  117.0
451 2261.328149 3.909E-86 4.430E-07.00110.00129205.0444-.070.000020              5              4                    Q 19m     582220 3 3 2 3 2 2   117.0  117.0
451 2262.525200 3.931E-85 3.075E-08.00130.00128105.63640.640.000167              7              6                    Q 13q     352220 1 1 2 3 2 2    81.0   81.0
451 2262.525296 3.468E-84 2.715E-07.00130.00128105.6364-.120.000020              7              6                    Q 13m     582220 3 3 2 3 2 2    81.0   81.0
451 2264.179600 1.960E-47 8.362E-07.00080.00110926.97290.700.000029              1              1                    S 11q     352220 1 1 2 3 2 2    81.0   69.0
451 2266.015800 2.412E-90 2.268E-08.00130.00130408.02580.650.000170              3              2                    Q 24q     352220 1 1 2 3 2 2    49.0   49.0
451 2266.015972 4.903E-89 4.615E-07.00110.00130408.0258-.030.000018              3              2                    Q 24m     582220 3 3 2 3 2 2    49.0   49.0
451 2267.681100 1.095E-37 7.012E-07.00090.001 6030.92030.700.000043              0              0                    S 10q     352220 1 1 2 3 2 2    25.0   21.0
451 2270.089300 4.618E-84 3.241E-08.00130.00127535.95040.640.000159              8              7                    Q  9q     352220 1 1 2 3 2 2    57.0   57.0
451 2270.089378 2.099E-83 1.474E-07.00140.00127535.9504-.120.000021              8              7                    Q  9m     582220 3 3 2 3 2 2    57.0   57.0
451 2273.445500 5.083E-84 3.775E-08.00120.00127046.29700.410.000121              9              8                    Q  2q     352220 1 1 2 3 2 2     5.0    5.0
451 2273.445582 1.427E-84 1.060E-08.00170.00227046.2970-.000.000015              9              8                    Q  2m     582220 3 3 2 3 2 2     5.0    5.0
451 2277.608378 3.386E-85 3.669E-07.00120.00128458.8178-.090.000020              6              5                    Q 16m     582220 3 3 2 3 2 2    33.0   33.0
451 2277.608400 2.910E-86 3.152E-08.00140.00128458.81780.630.000170              6              5                    Q 16q     352220 1 1 2 3 2 2    33.0   33.0
451 2286.446900 2.677E-83 5.570E-08.00070.00126903.11700.430.000121              9              8                    Q  1q     352220 1 1 2 3 2 2     9.0    9.0
451 2286.447060 1.712E-84 3.564E-09.00180.00226903.11700.030.000011              9              8                    Q  1m     582220 3 3 2 3 2 2     9.0    9.0
451 2296.138900 1.341E-70 1.214E-06.00080.00122024.77160.700.000038              3              3                    S 15q     352220 1 1 2 3 2 2   105.0   93.0
451 2297.900500 1.724E-88 1.203E-09.00400.00429118.97510.670.000239              4              2                    O 23q     352220 1 1 2 3 2 2   129.0  141.0
451 2304.178900 7.025E-91 1.982E-08.00130.00130643.34580.650.000169              2              1                    Q 26q     352220 1 1 2 3 2 2    53.0   53.0
451 2304.179031 1.359E-89 3.837E-07.00120.00130643.3458-.070.000018              2              1                    Q 26m     582220 3 3 2 3 2 2    53.0   53.0
451 2309.587100 1.777E-78 3.187E-07.00130.00124521.50350.620.000082              8              7                    O  2q     352220 1 1 2 3 2 2     1.0    5.0
451 2309.650400 1.412E-48 1.768E-07.00120.00110955.61770.680.000107              3              2                    O  7q     352220 1 1 2 3 2 2    33.0   45.0
451 2314.327100 1.561E-88 1.993E-11.00390.00428093.69870.670.000215              2              0                    O 26q     352220 1 1 2 3 2 2    49.0   53.0
451 2318.211600 2.622E-59 1.128E-06.00080.00116631.91060.700.000033              2              2                    S 13q     352220 1 1 2 3 2 2    93.0   81.0
451 2322.231500 5.027E-87 3.184E-08.00130.00129094.64410.640.000173              4              3                    Q 21q     352220 1 1 2 3 2 2   129.0  129.0
451 2322.231560 7.337E-86 4.651E-07.00110.00129094.6441-.080.000019              4              3                    Q 21m     582220 3 3 2 3 2 2   129.0  129.0
451 2324.436700 3.124E-83 4.005E-08.00130.00126927.53170.640.000157              8              7                    Q  8q     352220 1 1 2 3 2 2    17.0   17.0
451 2324.436854 9.495E-83 1.218E-07.00140.00126927.5317-.140.000021              8              7                    Q  8m     582220 3 3 2 3 2 2    17.0   17.0
451 2334.758300 8.363E-92 1.260E-08.00130.00130997.52130.650.000167              1              0                    Q 28q     352220 1 1 2 3 2 2    57.0   57.0
451 2334.758779 1.559E-90 2.351E-07.00120.00130997.5213-.020.000018              1              0                    Q 28m     582220 3 3 2 3 2 2    57.0   57.0
451 2335.842300 8.446E-84 4.050E-08.00130.00127276.24810.640.000165              7              6                    Q 12q     352220 1 1 2 3 2 2    25.0   25.0
451 2335.842334 5.057E-83 2.426E-07.00130.00127276.2481-.110.000020              7              6                    Q 12m     582220 3 3 2 3 2 2    25.0   25.0
451 2338.621800 2.037E-73 1.358E-06.00080.00123160.86820.700.000038              3              3                    S 16q     352220 1 1 2 3 2 2    37.0   33.0
451 2349.261500 2.388E-90 1.493E-06.00080.00131490.93800.690.000048              3              3                    S 23q     352220 1 1 2 3 2 2   153.0  141.0
451 2351.589400 4.083E-55 2.375E-07.00120.00113839.11330.670.000115              4              3                    O  6q     352220 1 1 2 3 2 2     9.0   13.0
451 2355.814000 2.146E-85 3.918E-08.00140.00128102.16560.630.000174              5              4                    Q 18q     352220 1 1 2 3 2 2    37.0   37.0
451 2355.814040 2.291E-84 4.186E-07.00100.00128102.1656-.080.000019              5              4                    Q 18m     582220 3 3 2 3 2 2    37.0   37.0
451 2360.523000 2.830E-72 2.877E-07.00200.00222005.55020.660.000090              7              6                    O  3q     352220 1 1 2 3 2 2     9.0   21.0
451 2362.181900 1.204E-83 4.263E-08.00130.00127479.51420.640.000168              6              5                    Q 15q     352220 1 1 2 3 2 2    93.0   93.0
451 2362.181917 9.559E-83 3.387E-07.00120.00127479.5142-.110.000020              6              5                    Q 15m     582220 3 3 2 3 2 2    93.0   93.0
451 2367.611300 3.892E-50 1.089E-06.00080.00112031.60910.700.000030              1              1                    S 12q     352220 1 1 2 3 2 2    29.0   25.0
451 2370.447900 2.434E-75 1.482E-06.00080.00124320.91050.700.000043              3              3                    S 17q     352220 1 1 2 3 2 2   117.0  105.0
451 2371.728400 5.516E-88 4.018E-09.00410.00429094.64410.660.000254              5              3                    O 21q     352220 1 1 2 3 2 2   117.0  129.0
451 2371.962900 4.703E-87 3.200E-08.00130.00129118.97510.650.000169              3              2                    Q 23q     352220 1 1 2 3 2 2   141.0  141.0
451 2371.963030 6.538E-86 4.453E-07.00110.00129118.9751-.040.000018              3              2                    Q 23m     582220 3 3 2 3 2 2   141.0  141.0
451 2372.793100 1.426E-81 4.795E-08.00130.00126370.30020.640.000156              8              7                    Q  7q     352220 1 1 2 3 2 2    45.0   45.0
451 2372.793123 2.891E-81 9.726E-08.00140.00126370.3002-.130.000021              8              7                    Q  7m     582220 3 3 2 3 2 2    45.0   45.0
451 2376.535500 1.288E-60 2.808E-07.00120.00116649.46880.650.000121              5              4                    O  5q     352220 1 1 2 3 2 2    21.0   33.0
451 2377.910200 2.651E-88 1.593E-06.00080.00130296.13140.690.000048              3              3                    S 22q     352220 1 1 2 3 2 2    49.0   45.0
451 2380.978400 5.672E-67 2.970E-07.00170.00219376.02850.650.000111              6              5                    O  4q     352220 1 1 2 3 2 2     5.0    9.0
451 2390.139800 4.138E-62 1.357E-06.00080.00117771.57110.700.000034              2              2                    S 14q     352220 1 1 2 3 2 2    33.0   29.0
451 2391.728100 2.069E-39 9.603E-07.00090.001 7132.06350.690.000046              0              0                    S 11q     352220 1 1 2 3 2 2    81.0   69.0
451 2391.918800 2.900E-78 1.578E-06.00080.00125499.49000.690.000040              3              3                    S 18q     352220 1 1 2 3 2 2    41.0   37.0
451 2396.293900 2.676E-85 1.651E-06.00080.00129094.64410.690.000042              3              3                    S 21q     352220 1 1 2 3 2 2   141.0  129.0
451 2402.445700 8.000E-35 7.346E-08.00110.001 4051.94300.680.000093              1              0                    O  8q     352220 1 1 2 3 2 2    13.0   17.0
451 2403.285700 2.864E-80 1.641E-06.00080.00126691.35840.690.000045              3              3                    S 19q     352220 1 1 2 3 2 2   129.0  117.0
451 2403.514059 5.524E-81 2.125E-07.00130.00126480.5263-.130.000020              7              6                    Q 11m     582220 3 3 2 3 2 2    69.0   69.0
451 2403.514100 1.335E-81 5.133E-08.00130.00126480.52630.640.000163              7              6                    Q 11q     352220 1 1 2 3 2 2    69.0   69.0
451 2403.831400 4.752E-87 2.678E-10.00390.00427892.30000.670.000226              3              1                    O 24q     352220 1 1 2 3 2 2    45.0   49.0
451 2404.722600 2.968E-83 1.666E-06.00080.00127891.40880.690.000041              3              3                    S 20q     352220 1 1 2 3 2 2    45.0   41.0
451 2412.138600 1.999E-87 2.748E-08.00130.00129273.58570.650.000166              2              1                    Q 25q     352220 1 1 2 3 2 2   153.0  153.0
451 2412.138660 2.693E-86 3.706E-07.00110.00129273.5857-.040.000018              2              1                    Q 25m     582220 3 3 2 3 2 2   153.0  153.0
451 2415.185391 7.046E-81 7.453E-08.00140.00125869.5096-.170.000020              8              7                    Q  6m     582220 3 3 2 3 2 2    13.0   13.0
451 2415.185400 5.285E-81 5.587E-08.00130.00125869.50960.640.000149              8              7                    Q  6q     352220 1 1 2 3 2 2    13.0   13.0
451 2420.327000 6.981E-85 4.358E-08.00130.00127891.40880.640.000168              4              3                    Q 20q     352220 1 1 2 3 2 2    41.0   41.0
451 2420.327153 7.069E-84 4.417E-07.00110.00127891.4088-.070.000018              4              3                    Q 20m     582220 3 3 2 3 2 2    41.0   41.0
451 2435.839200 7.299E-88 1.069E-08.00400.00429205.04440.670.000267              6              4                    O 19q     352220 1 1 2 3 2 2   105.0  117.0
451 2441.411900 4.811E-82 5.538E-08.00130.00126521.35700.640.000167              6              5                    Q 14q     352220 1 1 2 3 2 2    29.0   29.0
451 2441.411966 2.670E-81 3.076E-07.00120.00126521.3570-.100.000019              6              5                    Q 14m     582220 3 3 2 3 2 2    29.0   29.0
451 2444.158000 3.368E-88 1.718E-08.00130.00129553.43320.650.000165              1              0                    Q 27q     352220 1 1 2 3 2 2   165.0  165.0
451 2444.158440 4.448E-87 2.271E-07.00120.00129553.4332-.020.000018              1              0                    Q 27m     582220 3 3 2 3 2 2   165.0  165.0
451 2445.095200 1.534E-82 5.221E-08.00140.00127008.44840.630.000175              5              4                    Q 17q     352220 1 1 2 3 2 2   105.0  105.0
451 2445.095296 1.145E-81 3.899E-07.00100.00127008.4484-.100.000019              5              4                    Q 17m     582220 3 3 2 3 2 2   105.0  105.0
451 2450.562300 4.767E-64 1.589E-06.00080.00118950.12220.700.000039              2              2                    S 15q     352220 1 1 2 3 2 2   105.0   93.0
451 2451.609585 1.068E-79 5.417E-08.00140.00125430.0601-.160.000019              8              7                    Q  5m     582220 3 3 2 3 2 2    33.0   33.0
451 2451.609600 1.255E-79 6.362E-08.00130.00125430.06010.620.000149              8              7                    Q  5q     352220 1 1 2 3 2 2    33.0   33.0
451 2458.441200 5.195E-52 1.370E-06.00080.00113191.15250.700.000030              1              1                    S 13q     352220 1 1 2 3 2 2    93.0   81.0
451 2465.671800 1.871E-80 6.303E-08.00130.00125724.35880.640.000161              7              6                    Q 10q     352220 1 1 2 3 2 2    21.0   21.0
451 2465.671858 5.408E-80 1.823E-07.00130.00125724.3588-.120.000020              7              6                    Q 10m     582220 3 3 2 3 2 2    21.0   21.0
451 2466.671600 1.011E-40 1.604E-07.00110.001 7187.52560.680.000102              2              1                    O  7q     352220 1 1 2 3 2 2    33.0   45.0
451 2473.087400 1.014E-84 4.319E-08.00130.00127823.04400.650.000167              3              2                    Q 22q     352220 1 1 2 3 2 2    45.0   45.0
451 2473.087466 9.955E-84 4.244E-07.00110.00127823.0440-.060.000018              3              2                    Q 22m     582220 3 3 2 3 2 2    45.0   45.0
451 2482.041972 1.181E-79 3.662E-08.00190.00225056.4070-.160.000018              8              7                    Q  4m     582220 3 3 2 3 2 2     9.0    9.0
451 2482.042000 2.298E-79 7.120E-08.00180.00225056.40700.630.000143              8              7                    Q  4q     352220 1 1 2 3 2 2     9.0    9.0
451 2486.093900 4.153E-88 2.393E-08.00400.00429453.54360.670.000248              7              5                    O 17q     352220 1 1 2 3 2 2    93.0  105.0
451 2488.651900 6.264E-84 1.958E-08.00090.00126831.09060.370.000155              9              8                    S  0q     352220 1 1 2 3 2 2     5.0    1.0
451 2488.691800 3.059E-86 1.448E-09.00400.00427823.04400.670.000238              4              2                    O 22q     352220 1 1 2 3 2 2    41.0   45.0
451 2497.129200 3.525E-85 1.423E-11.00390.00426621.84590.680.000214              2              0                    O 25q     352220 1 1 2 3 2 2   141.0  153.0
451 2499.891000 5.101E-67 1.813E-06.00080.00120161.71090.700.000035              2              2                    S 16q     352220 1 1 2 3 2 2    37.0   33.0
451 2502.410700 3.073E-42 1.265E-06.00090.001 8298.60140.690.000049              0              0                    S 12q     352220 1 1 2 3 2 2    29.0   25.0
451 2502.960200 1.344E-90 2.280E-06.00080.00131685.72430.690.000041              2              2                    S 25q     352220 1 1 2 3 2 2   165.0  153.0
451 2506.448687 7.180E-79 2.220E-08.00220.00224752.4634-.120.000016              8              7                    Q  3m     582220 3 3 2 3 2 2    21.0   21.0
451 2506.448700 2.557E-78 7.902E-08.00210.00224752.46340.590.000128              8              7                    Q  3q     352220 1 1 2 3 2 2    21.0   21.0
451 2513.686000 8.298E-82 5.735E-08.00130.00126691.35840.640.000168              4              3                    Q 19q     352220 1 1 2 3 2 2   117.0  117.0
451 2513.686099 5.989E-81 4.143E-07.00110.00126691.3584-.070.000018              4              3                    Q 19m     582220 3 3 2 3 2 2   117.0  117.0
451 2515.524600 1.470E-79 6.958E-08.00130.00125590.11180.640.000167              6              5                    Q 13q     352220 1 1 2 3 2 2    81.0   81.0
451 2515.524645 5.804E-79 2.749E-07.00120.00125590.1118-.100.000019              6              5                    Q 13m     582220 3 3 2 3 2 2    81.0   81.0
451 2515.725800 6.458E-85 3.660E-08.00130.00127892.30000.650.000164              2              1                    Q 24q     352220 1 1 2 3 2 2    49.0   49.0
451 2515.725862 6.243E-84 3.542E-07.00110.00127892.3000-.040.000018              2              1                    Q 24m     582220 3 3 2 3 2 2    49.0   49.0
451 2517.686800 1.343E-47 2.506E-07.00120.00110261.12850.680.000106              3              2                    O  6q     352220 1 1 2 3 2 2     9.0   13.0
451 2522.378900 1.836E-78 7.533E-08.00130.00125013.57150.640.000159              7              6                    Q  9q     352220 1 1 2 3 2 2    57.0   57.0
451 2522.378977 3.721E-78 1.528E-07.00130.00125013.5715-.120.000020              7              6                    Q  9m     582220 3 3 2 3 2 2    57.0   57.0
451 2524.793464 2.609E-79 1.119E-08.00150.00224521.5035-.000.000015              8              7                    Q  2m     582220 3 3 2 3 2 2     5.0    5.0
451 2524.793500 2.092E-78 8.966E-08.00120.00124521.50350.410.000121              8              7                    Q  2q     352220 1 1 2 3 2 2     5.0    5.0
451 2529.531000 1.098E-80 6.707E-08.00140.00125929.28680.630.000170              5              4                    Q 16q     352220 1 1 2 3 2 2    33.0   33.0
451 2529.531123 5.860E-80 3.583E-07.00100.00125929.2868-.090.000019              5              4                    Q 16m     582220 3 3 2 3 2 2    33.0   33.0
451 2530.908400 1.747E-72 5.490E-07.00130.00121757.00690.620.000082              7              6                    O  2q     352220 1 1 2 3 2 2     1.0    5.0
451 2537.035000 5.951E-55 1.672E-06.00080.00114399.22040.700.000031              1              1                    S 14q     352220 1 1 2 3 2 2    33.0   29.0
451 2537.043765 3.316E-79 3.748E-09.00160.00224366.07320.020.000011              8              7                    Q  1m     582220 3 3 2 3 2 2     9.0    9.0
451 2537.043800 1.154E-77 1.303E-07.00070.00124366.07320.430.000121              8              7                    Q  1q     352220 1 1 2 3 2 2     9.0    9.0
451 2538.548900 4.228E-69 2.022E-06.00080.00121400.68450.700.000036              2              2                    S 17q     352220 1 1 2 3 2 2   117.0  105.0
451 2539.498900 2.220E-88 2.424E-06.00080.00130408.02580.700.000040              2              2                    S 24q     352220 1 1 2 3 2 2    53.0   49.0
451 2549.647100 1.578E-85 2.261E-08.00130.00128093.69870.650.000160              1              0                    Q 26q     352220 1 1 2 3 2 2    53.0   53.0
451 2549.647489 1.517E-84 2.175E-07.00120.00128093.6987-.020.000017              1              0                    Q 26m     582220 3 3 2 3 2 2    53.0   53.0
451 2553.019700 1.830E-53 3.305E-07.00120.00113265.26810.660.000116              4              3                    O  5q     352220 1 1 2 3 2 2    21.0   33.0
451 2563.819200 6.861E-66 4.222E-07.00200.00219026.00430.660.000090              6              5                    O  3q     352220 1 1 2 3 2 2     9.0   21.0
451 2566.570800 6.647E-86 5.171E-09.00400.00427891.40880.660.000253              5              3                    O 20q     352220 1 1 2 3 2 2    37.0   41.0
451 2566.749200 3.424E-85 2.514E-06.00080.00129118.97510.700.000045              2              2                    S 23q     352220 1 1 2 3 2 2   153.0  141.0
451 2566.950300 3.444E-72 2.205E-06.00080.00122661.60190.700.000041              2              2                    S 18q     352220 1 1 2 3 2 2    41.0   37.0
451 2569.640900 3.366E-60 3.875E-07.00170.00216190.70270.650.000111              5              4                    O  4q     352220 1 1 2 3 2 2     5.0    9.0
451 2569.927500 1.929E-81 5.622E-08.00130.00126524.71660.650.000165              3              2                    Q 21q     352220 1 1 2 3 2 2   129.0  129.0
451 2569.927642 1.372E-80 4.002E-07.00110.00126524.7166-.040.000018              3              2                    Q 21m     582220 3 3 2 3 2 2   129.0  129.0
451 2573.648100 1.515E-77 8.786E-08.00130.00124353.88360.640.000157              7              6                    Q  8q     352220 1 1 2 3 2 2    17.0   17.0
451 2573.648107 2.148E-77 1.247E-07.00130.00124353.8836-.120.000019              7              6                    Q  8m     582220 3 3 2 3 2 2    17.0   17.0
451 2584.651900 4.141E-78 8.504E-08.00130.00124691.59620.640.000165              6              5                    Q 12q     352220 1 1 2 3 2 2    25.0   25.0
451 2584.651985 1.177E-77 2.418E-07.00120.00124691.5962-.100.000019              6              5                    Q 12m     582220 3 3 2 3 2 2    25.0   25.0
451 2584.981800 5.967E-83 2.550E-06.00080.00127823.04400.700.000039              2              2                    S 22q     352220 1 1 2 3 2 2    49.0   45.0
451 2585.483200 2.292E-74 2.356E-06.00080.00123939.23340.700.000037              2              2                    S 19q     352220 1 1 2 3 2 2   129.0  117.0
451 2591.141700 1.072E-83 2.865E-10.00390.00426503.50240.670.000226              3              1                    O 23q     352220 1 1 2 3 2 2   129.0  141.0
451 2593.566200 2.129E-94 3.138E-06.00080.00133332.27960.700.000039              1              1                    S 28q     352220 1 1 2 3 2 2    61.0   57.0
451 2594.258500 9.324E-80 2.534E-06.00080.00126524.71660.700.000038              2              2                    S 21q     352220 1 1 2 3 2 2   141.0  129.0
451 2594.491800 1.578E-77 2.467E-06.00080.00125228.55220.700.000038              2              2                    S 20q     352220 1 1 2 3 2 2    45.0   41.0
451 2600.027500 3.013E-44 1.611E-06.00090.001 9523.79160.690.000053              0              0                    S 13q     352220 1 1 2 3 2 2    93.0   81.0
451 2602.675600 1.023E-79 7.305E-08.00130.00125499.49000.640.000166              4              3                    Q 18q     352220 1 1 2 3 2 2    37.0   37.0
451 2602.675703 5.375E-79 3.841E-07.00110.00125499.4900-.070.000018              4              3                    Q 18m     582220 3 3 2 3 2 2    37.0   37.0
451 2603.823500 4.898E-57 1.987E-06.00080.00115649.59370.700.000032              1              1                    S 15q     352220 1 1 2 3 2 2   105.0   93.0
451 2609.354500 6.249E-78 8.375E-08.00130.00124870.15970.640.000168              5              4                    Q 15q     352220 1 1 2 3 2 2    93.0   93.0
451 2609.354724 2.423E-77 3.250E-07.00100.00124870.1597-.090.000018              5              4                    Q 15m     582220 3 3 2 3 2 2    93.0   93.0
451 2609.746900 1.274E-83 1.480E-08.00240.00226903.11700.610.000174              9              8                    S  1q     352220 1 1 2 3 2 2    21.0    9.0
451 2615.472700 1.895E-81 4.721E-08.00130.00126503.50240.650.000162              2              1                    Q 23q     352220 1 1 2 3 2 2   141.0  141.0
451 2615.472807 1.345E-80 3.354E-07.00110.00126503.5024-.040.000017              2              1                    Q 23m     582220 3 3 2 3 2 2   141.0  141.0
451 2619.455300 8.296E-76 1.004E-07.00130.00123750.84490.640.000156              7              6                    Q  7q     352220 1 1 2 3 2 2    45.0   45.0
451 2619.455406 8.137E-76 9.856E-08.00130.00123750.8449-.130.000019              7              6                    Q  7m     582220 3 3 2 3 2 2    45.0   45.0
451 2626.451200 1.638E-32 1.060E-07.00110.001 3187.47050.680.000099              1              0                    O  7q     352220 1 1 2 3 2 2    33.0   45.0
451 2634.260600 5.598E-86 1.433E-08.00400.00428102.16560.670.000267              6              4                    O 18q     352220 1 1 2 3 2 2    33.0   37.0
451 2645.615500 4.219E-91 3.395E-06.00080.00131997.59120.700.000039              1              1                    S 27q     352220 1 1 2 3 2 2   177.0  165.0
451 2648.854000 8.484E-76 1.014E-07.00130.00123831.67230.640.000163              6              5                    Q 11q     352220 1 1 2 3 2 2    69.0   69.0
451 2648.854182 1.747E-75 2.091E-07.00120.00123831.6723-.100.000019              6              5                    Q 11m     582220 3 3 2 3 2 2    69.0   69.0
451 2651.739800 6.888E-82 2.890E-08.00130.00126621.84590.650.000161              1              0                    Q 25q     352220 1 1 2 3 2 2   153.0  153.0
451 2651.740199 4.920E-81 2.066E-07.00120.00126621.8459-.030.000017              1              0                    Q 25m     582220 3 3 2 3 2 2   153.0  153.0
451 2659.279100 3.689E-60 2.304E-06.00080.00116936.25540.700.000032              1              1                    S 16q     352220 1 1 2 3 2 2    37.0   33.0
451 2659.752000 3.619E-75 1.127E-07.00130.00123209.75760.640.000149              7              6                    Q  6q     352220 1 1 2 3 2 2    13.0   13.0
451 2659.752085 2.404E-75 7.491E-08.00120.00123209.7576-.150.000019              7              6                    Q  6m     582220 3 3 2 3 2 2    13.0   13.0
451 2662.856600 3.934E-79 7.110E-08.00130.00125228.55220.650.000163              3              2                    Q 20q     352220 1 1 2 3 2 2    41.0   41.0
451 2662.856724 2.066E-78 3.737E-07.00110.00125228.5522-.050.000018              3              2                    Q 20m     582220 3 3 2 3 2 2    41.0   41.0
451 2680.327800 5.034E-83 1.760E-09.00400.00426524.71660.670.000238              4              2                    O 21q     352220 1 1 2 3 2 2   117.0  129.0
451 2681.547900 8.577E-83 9.381E-12.00390.00425141.49610.670.000217              2              0                    O 24q     352220 1 1 2 3 2 2    45.0   49.0
451 2684.703400 3.404E-76 1.019E-07.00130.00123836.65360.640.000167              5              4                    Q 14q     352220 1 1 2 3 2 2    29.0   29.0
451 2684.703516 9.712E-76 2.910E-07.00100.00123836.6536-.100.000018              5              4                    Q 14m     582220 3 3 2 3 2 2    29.0   29.0
451 2684.977600 2.493E-47 1.990E-06.00090.00110801.01210.690.000056              0              0                    S 14q     352220 1 1 2 3 2 2    33.0   29.0
451 2685.508900 1.161E-39 2.269E-07.00120.001 6454.38870.680.000106              2              1                    O  6q     352220 1 1 2 3 2 2     9.0   13.0
451 2687.291300 1.921E-86 3.296E-08.00400.00428458.81780.670.000266              7              5                    O 16q     352220 1 1 2 3 2 2    29.0   33.0
451 2687.537900 1.039E-76 9.063E-08.00130.00124320.91050.650.000164              4              3                    Q 17q     352220 1 1 2 3 2 2   105.0  105.0
451 2687.537938 4.036E-76 3.523E-07.00100.00124320.9105-.080.000018              4              3                    Q 17m     582220 3 3 2 3 2 2   105.0  105.0
451 2688.933800 1.004E-88 3.587E-06.00080.00130643.34580.700.000038              1              1                    S 26q     352220 1 1 2 3 2 2    57.0   53.0
451 2694.474100 9.914E-74 1.245E-07.00130.00122735.58600.620.000149              7              6                    Q  5q     352220 1 1 2 3 2 2    33.0   33.0
451 2694.474246 4.304E-74 5.408E-08.00120.00122735.5860-.160.000018              7              6                    Q  5m     582220 3 3 2 3 2 2    33.0   33.0
451 2703.895100 2.121E-62 2.613E-06.00080.00118253.41720.700.000033              1              1                    S 17q     352220 1 1 2 3 2 2   117.0  105.0
451 2708.136300 1.519E-74 1.185E-07.00130.00123016.22250.640.000161              6              5                    Q 10q     352220 1 1 2 3 2 2    21.0   21.0
451 2708.136386 2.272E-74 1.774E-07.00110.00123016.2225-.120.000019              6              5                    Q 10m     582220 3 3 2 3 2 2    21.0   21.0
451 2711.753500 6.137E-79 5.927E-08.00130.00125111.29050.650.000160              2              1                    Q 22q     352220 1 1 2 3 2 2    45.0   45.0
451 2711.753702 3.257E-78 3.149E-07.00110.00125111.2905-.040.000017              2              1                    Q 22m     582220 3 3 2 3 2 2    45.0   45.0
451 2719.349800 2.736E-87 6.459E-08.00410.00428962.76890.670.000253              8              6                    O 14q     352220 1 1 2 3 2 2    25.0   29.0
451 2720.122200 9.801E-85 5.789E-09.00230.00227046.29700.640.000165              9              8                    S  2q     352220 1 1 2 3 2 2     9.0    5.0
451 2723.551200 2.047E-73 1.360E-07.00180.00222332.85580.630.000143              7              6                    Q  4q     352220 1 1 2 3 2 2     9.0    9.0
451 2723.551323 5.470E-74 3.636E-08.00160.00222332.8558-.170.000018              7              6                    Q  4m     582220 3 3 2 3 2 2     9.0    9.0
451 2724.005500 2.283E-85 3.712E-06.00080.00129273.58570.700.000037              1              1                    S 25q     352220 1 1 2 3 2 2   165.0  153.0
451 2729.884600 7.084E-46 3.485E-07.00120.001 9654.19720.670.000111              3              2                    O  5q     352220 1 1 2 3 2 2    21.0   33.0
451 2738.167500 1.183E-65 2.904E-06.00080.00119595.53450.700.000033              1              1                    S 18q     352220 1 1 2 3 2 2    41.0   37.0
451 2745.435900 4.689E-66 8.187E-07.00130.00118760.34360.620.000082              6              5                    O  2q     352220 1 1 2 3 2 2     1.0    5.0
451 2746.913200 2.512E-72 1.482E-07.00210.00222005.55020.590.000128              7              6                    Q  3q     352220 1 1 2 3 2 2    21.0   21.0
451 2746.913301 3.719E-73 2.196E-08.00190.00222005.5502-.120.000016              7              6                    Q  3m     582220 3 3 2 3 2 2    21.0   21.0
451 2750.803900 3.409E-79 3.603E-08.00130.00125141.49610.650.000159              1              0                    Q 24q     352220 1 1 2 3 2 2    49.0   49.0
451 2750.804239 1.841E-78 1.948E-07.00120.00125141.4961-.020.000017              1              0                    Q 24m     582220 3 3 2 3 2 2    49.0   49.0
451 2751.045800 6.019E-83 3.772E-06.00080.00127892.30000.700.000037              1              1                    S 24q     352220 1 1 2 3 2 2    53.0   49.0
451 2752.125000 6.834E-76 8.775E-08.00130.00123939.23340.650.000161              3              2                    Q 19q     352220 1 1 2 3 2 2   117.0  117.0
451 2752.125067 2.690E-75 3.457E-07.00110.00123939.2334-.060.000017              3              2                    Q 19m     582220 3 3 2 3 2 2   117.0  117.0
451 2755.640400 1.402E-73 1.213E-07.00130.00122834.47140.640.000167              5              4                    Q 13q     352220 1 1 2 3 2 2    81.0   81.0
451 2755.640479 2.968E-73 2.571E-07.00100.00122834.4714-.090.000018              5              4                    Q 13m     582220 3 3 2 3 2 2    81.0   81.0
451 2756.928000 5.498E-53 4.571E-07.00170.00212778.81530.670.000110              4              3                    O  4q     352220 1 1 2 3 2 2     5.0    9.0
451 2757.733400 1.460E-49 2.396E-06.00090.00112123.81910.690.000060              0              0                    S 15q     352220 1 1 2 3 2 2   105.0   93.0
451 2758.381700 3.404E-78 5.595E-08.00090.00124287.91530.370.000155              8              7                    S  0q     352220 1 1 2 3 2 2     5.0    1.0
451 2762.185200 7.181E-83 6.677E-09.00410.00426691.35840.660.000253              5              3                    O 19q     352220 1 1 2 3 2 2   105.0  117.0
451 2762.462000 1.872E-72 1.358E-07.00130.00122251.10950.640.000159              6              5                    Q  9q     352220 1 1 2 3 2 2    57.0   57.0
451 2762.462045 2.029E-72 1.473E-07.00110.00122251.1095-.110.000018              6              5                    Q  9m     582220 3 3 2 3 2 2    57.0   57.0
451 2762.579700 5.320E-68 3.166E-06.00080.00120957.31230.700.000039              1              1                    S 19q     352220 1 1 2 3 2 2   129.0  117.0
451 2763.422500 4.584E-59 5.547E-07.00200.00215818.28780.660.000090              5              4                    O  3q     352220 1 1 2 3 2 2     9.0   21.0
451 2764.496600 2.213E-72 1.660E-07.00120.00121757.00690.410.000121              7              6                    Q  2q     352220 1 1 2 3 2 2     5.0    5.0
451 2764.496779 1.470E-73 1.103E-08.00140.00121757.0069-.030.000014              7              6                    Q  2m     582220 3 3 2 3 2 2     5.0    5.0
451 2768.418600 1.049E-74 1.099E-07.00130.00123160.86820.650.000163              4              3                    Q 16q     352220 1 1 2 3 2 2    33.0   33.0
451 2768.418681 3.049E-74 3.197E-07.00100.00123160.8682-.080.000018              4              3                    Q 16m     582220 3 3 2 3 2 2    33.0   33.0
451 2770.083300 1.462E-79 3.765E-06.00080.00126503.50240.700.000036              1              1                    S 23q     352220 1 1 2 3 2 2   153.0  141.0
451 2776.249700 1.283E-71 2.392E-07.00070.00121589.82350.430.000121              7              6                    Q  1q     352220 1 1 2 3 2 2     9.0    9.0
451 2776.249866 1.977E-73 3.689E-09.00140.00121589.82350.010.000011              7              6                    Q  1m     582220 3 3 2 3 2 2     9.0    9.0
451 2777.588500 2.444E-71 3.391E-06.00080.00122333.70200.700.000040              1              1                    S 20q     352220 1 1 2 3 2 2    45.0   41.0
451 2778.364300 7.574E-92 4.964E-06.00100.00132422.47680.670.000108              0              0                    S 29q     352220 1 1 2 3 2 2   189.0  177.0
451 2780.118300 2.826E-81 3.149E-10.00390.00425111.29050.670.000225              3              1                    O 22q     352220 1 1 2 3 2 2    41.0   45.0
451 2781.009500 3.964E-77 3.698E-06.00080.00125111.29050.700.000036              1              1                    S 22q     352220 1 1 2 3 2 2    49.0   45.0
451 2783.610400 9.515E-74 3.571E-06.00080.00123719.89200.700.000035              1              1                    S 21q     352220 1 1 2 3 2 2   141.0  129.0
451 2804.824600 1.748E-75 7.280E-08.00130.00123719.89200.650.000158              2              1                    Q 21q     352220 1 1 2 3 2 2   129.0  129.0
451 2804.824733 7.035E-75 2.933E-07.00110.00123719.8920-.030.000017              2              1                    Q 21m     582220 3 3 2 3 2 2   129.0  129.0
451 2811.763900 1.907E-71 1.531E-07.00130.00121542.11970.640.000157              6              5                    Q  8q     352220 1 1 2 3 2 2    17.0   17.0
451 2811.763996 1.484E-71 1.193E-07.00110.00121542.1197-.120.000018              6              5                    Q  8m     582220 3 3 2 3 2 2    17.0   17.0
451 2818.255300 3.000E-86 1.458E-10.00190.00227258.91210.640.000169              9              8                    S  3q     352220 1 1 2 3 2 2    33.0   21.0
451 2818.817200 7.708E-53 2.816E-06.00090.00113485.98970.690.000067              0              0                    S 16q     352220 1 1 2 3 2 2    37.0   33.0
451 2822.170000 5.253E-72 1.418E-07.00130.00121869.42620.640.000165              5              4                    Q 12q     352220 1 1 2 3 2 2    25.0   25.0
451 2822.170046 8.288E-72 2.239E-07.00100.00121869.4262-.100.000018              5              4                    Q 12m     582220 3 3 2 3 2 2    25.0   25.0
451 2827.268700 2.519E-89 5.200E-06.00100.00130997.52130.670.000104              0              0                    S 28q     352220 1 1 2 3 2 2    61.0   57.0
451 2833.247700 3.713E-83 1.916E-08.00400.00427008.44840.670.000248              6              4                    O 17q     352220 1 1 2 3 2 2    93.0  105.0
451 2837.888100 1.223E-73 1.061E-07.00130.00122661.60190.650.000159              3              2                    Q 18q     352220 1 1 2 3 2 2    37.0   37.0
451 2837.888205 3.652E-73 3.170E-07.00110.00122661.6019-.070.000017              3              2                    Q 18m     582220 3 3 2 3 2 2    37.0   37.0
451 2845.388100 8.328E-72 1.307E-07.00130.00122024.77160.650.000161              4              3                    Q 15q     352220 1 1 2 3 2 2    93.0   93.0
451 2845.388102 1.827E-71 2.870E-07.00100.00122024.7716-.080.000017              4              3                    Q 15m     582220 3 3 2 3 2 2    93.0   93.0
451 2847.096600 1.527E-75 4.403E-08.00130.00123656.40580.660.000157              1              0                    Q 23q     352220 1 1 2 3 2 2   141.0  141.0
451 2847.096861 6.322E-75 1.825E-07.00110.00123656.4058-.030.000017              1              0                    Q 23m     582220 3 3 2 3 2 2   141.0  141.0
451 2855.954000 1.263E-69 1.700E-07.00130.00120894.89090.640.000156              6              5                    Q  7q     352220 1 1 2 3 2 2    45.0   45.0
451 2855.954046 6.954E-70 9.369E-08.00110.00120894.8909-.130.000018              6              5                    Q  7m     582220 3 3 2 3 2 2    45.0   45.0
451 2856.482400 2.279E-31 1.496E-07.00110.001 2414.89700.680.000102              1              0                    O  6q     352220 1 1 2 3 2 2     9.0   13.0
451 2868.310800 1.853E-79 5.928E-12.00390.00423656.40580.670.000214              2              0                    O 23q     352220 1 1 2 3 2 2   129.0  141.0
451 2868.779500 3.066E-55 3.240E-06.00090.00114881.55250.690.000067              0              0                    S 17q     352220 1 1 2 3 2 2   117.0  105.0
451 2869.043600 8.177E-86 5.358E-06.00100.00129553.43320.670.000101              0              0                    S 27q     352220 1 1 2 3 2 2   177.0  165.0
451 2873.613400 9.344E-81 2.179E-09.00400.00425228.55220.670.000236              4              2                    O 20q     352220 1 1 2 3 2 2    37.0   41.0
451 2884.250587 1.660E-69 1.920E-07.00100.00120947.4217-.100.000018              5              4                    Q 11m     582220 3 3 2 3 2 2    69.0   69.0
451 2884.250600 1.409E-69 1.629E-07.00130.00120947.42170.640.000163              5              4                    Q 11q     352220 1 1 2 3 2 2    69.0   69.0
451 2888.647400 7.405E-84 4.501E-08.00400.00427479.51420.670.000251              7              5                    O 15q     352220 1 1 2 3 2 2    81.0   93.0
451 2892.838900 8.791E-78 5.533E-08.00240.00224366.07320.610.000174              8              7                    S  1q     352220 1 1 2 3 2 2    21.0    9.0
451 2894.850200 5.300E-73 8.768E-08.00130.00122333.70200.650.000156              2              1                    Q 20q     352220 1 1 2 3 2 2    41.0   41.0
451 2894.850360 1.637E-72 2.711E-07.00110.00122333.7020-.040.000017              2              1                    Q 20m     582220 3 3 2 3 2 2    41.0   41.0
451 2894.931300 6.526E-69 1.863E-07.00130.00120314.82630.640.000149              6              5                    Q  6q     352220 1 1 2 3 2 2    13.0   13.0
451 2894.931453 2.479E-69 7.084E-08.00110.00120314.8263-.140.000018              6              5                    Q  6m     582220 3 3 2 3 2 2    13.0   13.0
451 2902.760400 8.598E-86 4.379E-09.00140.00127538.44900.620.000183              9              8                    S  4q     352220 1 1 2 3 2 2    13.0    9.0
451 2903.822600 3.147E-83 5.437E-06.00100.00128093.69870.670.000097              0              0                    S 26q     352220 1 1 2 3 2 2    57.0   53.0
451 2908.181400 1.167E-58 3.654E-06.00090.00116304.80690.690.000070              0              0                    S 18q     352220 1 1 2 3 2 2    41.0   37.0
451 2908.780300 7.218E-38 3.153E-07.00120.001 5813.92170.680.000108              2              1                    O  5q     352220 1 1 2 3 2 2    21.0   33.0
451 2918.455500 6.252E-70 1.527E-07.00130.00120918.19810.650.000159              4              3                    Q 14q     352220 1 1 2 3 2 2    29.0   29.0
451 2918.455610 1.042E-69 2.547E-07.00100.00120918.1981-.080.000017              4              3                    Q 14m     582220 3 3 2 3 2 2    29.0   29.0
451 2920.226000 1.785E-70 1.258E-07.00130.00121400.68450.650.000157              3              2                    Q 17q     352220 1 1 2 3 2 2   105.0  105.0
451 2920.226176 4.082E-70 2.880E-07.00110.00121400.6845-.050.000017              3              2                    Q 17m     582220 3 3 2 3 2 2   105.0  105.0
451 2921.469500 5.830E-85 8.926E-08.00410.00428105.63640.660.000265              8              6                    O 13q     352220 1 1 2 3 2 2    69.0   81.0
451 2921.806300 1.833E-86 1.494E-07.00410.00428884.04040.660.000264              9              7                    O 11q     352220 1 1 2 3 2 2    57.0   69.0
451 2928.590500 2.071E-67 2.020E-07.00130.00119806.99550.620.000149              6              5                    Q  5q     352220 1 1 2 3 2 2    33.0   33.0
451 2928.590529 5.218E-68 5.093E-08.00110.00119806.9955-.160.000017              6              5                    Q  5m     582220 3 3 2 3 2 2    33.0   33.0
451 2931.587300 1.144E-79 5.439E-06.00100.00126621.84590.670.000094              0              0                    S 25q     352220 1 1 2 3 2 2   165.0  153.0
451 2937.579700 3.544E-61 4.051E-06.00090.00117750.33200.680.000073              0              0                    S 19q     352220 1 1 2 3 2 2   129.0  117.0
451 2940.788600 7.513E-73 5.286E-08.00130.00122170.50190.660.000155              1              0                    Q 22q     352220 1 1 2 3 2 2    45.0   45.0
451 2940.788783 2.411E-72 1.698E-07.00110.00122170.5019-.030.000017              1              0                    Q 22m     582220 3 3 2 3 2 2    45.0   45.0
451 2941.804700 3.249E-68 1.843E-07.00130.00120074.41780.640.000161              5              4                    Q 10q     352220 1 1 2 3 2 2    21.0   21.0
451 2941.804711 2.849E-68 1.617E-07.00100.00120074.4178-.100.000017              5              4                    Q 10m     582220 3 3 2 3 2 2    21.0   21.0
451 2944.799400 2.447E-45 4.830E-07.00170.002 9139.89760.680.000108              3              2                    O  4q     352220 1 1 2 3 2 2     5.0    9.0
451 2952.202600 4.767E-77 5.366E-06.00100.00125141.49610.680.000091              0              0                    S 24q     352220 1 1 2 3 2 2    53.0   49.0
451 2956.186300 3.449E-59 1.089E-06.00130.00115535.74330.620.000082              5              4                    O  2q     352220 1 1 2 3 2 2     1.0    5.0
451 2956.827300 4.842E-67 2.173E-07.00180.00219376.02850.630.000143              6              5                    Q  4q     352220 1 1 2 3 2 2     9.0    9.0
451 2956.827421 7.600E-68 3.412E-08.00140.00119376.0285-.160.000017              6              5                    Q  4m     582220 3 3 2 3 2 2     9.0    9.0
451 2957.513600 1.086E-64 4.414E-06.00090.00119212.98830.680.000077              0              0                    S 20q     352220 1 1 2 3 2 2    45.0   41.0
451 2959.327800 8.414E-81 8.709E-09.00400.00425499.49000.660.000253              5              3                    O 18q     352220 1 1 2 3 2 2    33.0   37.0
451 2961.728000 8.410E-52 6.581E-07.00200.00212384.08180.670.000095              4              3                    O  3q     352220 1 1 2 3 2 2     9.0   21.0
451 2965.440100 1.811E-73 5.221E-06.00100.00123656.40580.680.000087              0              0                    S 23q     352220 1 1 2 3 2 2   153.0  141.0
451 2968.494100 2.792E-67 4.739E-06.00090.00120687.91170.680.000080              0              0                    S 21q     352220 1 1 2 3 2 2   141.0  129.0
451 2970.994200 7.595E-71 5.009E-06.00090.00122170.50190.680.000088              0              0                    S 22q     352220 1 1 2 3 2 2    49.0   45.0
451 2971.466400 7.034E-78 3.625E-10.00400.00423719.89200.670.000227              3              1                    O 21q     352220 1 1 2 3 2 2   117.0  129.0
451 2972.397200 2.936E-85 2.402E-08.00150.00127881.66970.630.000192              9              8                    S  5q     352220 1 1 2 3 2 2    45.0   33.0
451 2979.545900 6.566E-66 2.339E-07.00210.00219026.00430.590.000128              6              5                    Q  3q     352220 1 1 2 3 2 2    21.0   21.0
451 2979.546088 5.765E-67 2.055E-08.00170.00219026.0043-.120.000016              6              5                    Q  3m     582220 3 3 2 3 2 2    21.0   21.0
451 2981.921100 1.358E-69 1.038E-07.00130.00120957.31230.650.000154              2              1                    Q 19q     352220 1 1 2 3 2 2   117.0  117.0
451 2981.921337 3.251E-69 2.487E-07.00110.00120957.3123-.040.000017              2              1                    Q 19m     582220 3 3 2 3 2 2   117.0  117.0
451 2987.581200 3.501E-67 1.757E-07.00130.00119846.89020.650.000157              4              3                    Q 13q     352220 1 1 2 3 2 2    81.0   81.0
451 2987.581378 4.447E-67 2.234E-07.00100.00119846.8902-.080.000017              4              3                    Q 13m     582220 3 3 2 3 2 2    81.0   81.0
451 2994.728100 5.064E-66 2.057E-07.00130.00119256.38140.640.000159              5              4                    Q  9q     352220 1 1 2 3 2 2    57.0   57.0
451 2994.728216 3.284E-66 1.335E-07.00100.00119256.3814-.100.000017              5              4                    Q  9m     582220 3 3 2 3 2 2    57.0   57.0
451 2996.663300 6.240E-66 2.596E-07.00120.00118760.34360.410.000121              6              5                    Q  2q     352220 1 1 2 3 2 2     5.0    5.0
451 2996.663399 2.475E-67 1.030E-08.00120.00118760.3436-.020.000013              6              5                    Q  2m     582220 3 3 2 3 2 2     5.0    5.0
451 2999.157300 2.563E-68 1.470E-07.00130.00120161.71090.650.000155              3              2                    Q 16q     352220 1 1 2 3 2 2    33.0   33.0
451 2999.157454 4.517E-68 2.593E-07.00110.00120161.7109-.060.000017              3              2                    Q 16m     582220 3 3 2 3 2 2    33.0   33.0
451 3008.113200 3.806E-65 3.720E-07.00070.00118581.71030.430.000121              6              5                    Q  1q     352220 1 1 2 3 2 2     9.0    9.0
451 3008.113298 3.518E-67 3.441E-09.00120.00118581.7103-.000.000012              6              5                    Q  1m     582220 3 3 2 3 2 2     9.0    9.0
451 3015.724000 4.335E-72 1.141E-07.00090.00121505.77950.370.000155              7              6                    S  0q     352220 1 1 2 3 2 2     5.0    1.0
451 3016.945500 1.150E-78 3.910E-08.00230.00224521.50350.640.000165              8              7                    S  2q     352220 1 1 2 3 2 2     9.0    5.0
451 3026.060600 3.939E-86 6.271E-08.00150.00128284.69500.620.000195              9              8                    S  6q     352220 1 1 2 3 2 2    17.0   13.0
451 3031.980300 3.229E-69 6.249E-08.00130.00120687.91170.660.000149              1              0                    Q 21q     352220 1 1 2 3 2 2   129.0  129.0
451 3031.980512 8.105E-69 1.570E-07.00110.00120687.9117-.030.000016              1              0                    Q 21m     582220 3 3 2 3 2 2   129.0  129.0
451 3033.482100 2.568E-81 2.567E-08.00400.00425929.28680.670.000266              6              4                    O 16q     352220 1 1 2 3 2 2    29.0   33.0
451 3042.898000 6.393E-65 2.267E-07.00130.00118499.22170.640.000157              5              4                    Q  8q     352220 1 1 2 3 2 2    17.0   17.0
451 3042.898116 3.032E-65 1.076E-07.00100.00118499.2217-.110.000017              5              4                    Q  8m     582220 3 3 2 3 2 2    17.0   17.0
451 3052.685500 1.755E-65 1.993E-07.00130.00118816.74070.650.000154              4              3                    Q 12q     352220 1 1 2 3 2 2    25.0   25.0
451 3052.685730 1.701E-65 1.933E-07.00100.00118816.7407-.090.000017              4              3                    Q 12m     582220 3 3 2 3 2 2    25.0   25.0
451 3058.050300 4.812E-77 4.019E-12.00390.00422170.50190.670.000215              2              0                    O 22q     352220 1 1 2 3 2 2    41.0   45.0
451 3066.067400 3.554E-67 1.212E-07.00130.00119595.53450.660.000152              2              1                    Q 18q     352220 1 1 2 3 2 2    37.0   37.0
451 3066.067531 6.634E-67 2.265E-07.00110.00119595.5345-.050.000016              2              1                    Q 18m     582220 3 3 2 3 2 2    37.0   37.0
451 3069.215000 1.558E-77 2.772E-09.00400.00423939.23340.660.000236              4              2                    O 19q     352220 1 1 2 3 2 2   105.0  117.0
451 3074.649400 2.858E-65 1.693E-07.00130.00118950.12220.650.000152              3              2                    Q 15q     352220 1 1 2 3 2 2    93.0   93.0
451 3074.649494 3.901E-65 2.313E-07.00110.00118950.1222-.060.000016              3              2                    Q 15m     582220 3 3 2 3 2 2    93.0   93.0
451 3086.179900 5.141E-63 2.470E-07.00130.00117808.71100.640.000156              5              4                    Q  7q     352220 1 1 2 3 2 2    45.0   45.0
451 3086.180067 1.751E-63 8.419E-08.00100.00117808.7110-.110.000017              5              4                    Q  7m     582220 3 3 2 3 2 2    45.0   45.0
451 3090.733400 2.859E-82 6.118E-08.00410.00426521.35700.670.000253              7              5                    O 14q     352220 1 1 2 3 2 2    25.0   29.0
451 3091.201900 1.677E-29 2.080E-07.00120.001 1740.18960.680.000100              1              0                    O  5q     352220 1 1 2 3 2 2    21.0   33.0
451 3113.657000 6.200E-63 2.233E-07.00130.00117833.76470.650.000152              4              3                    Q 11q     352220 1 1 2 3 2 2    69.0   69.0
451 3113.657202 4.575E-63 1.649E-07.00100.00117833.7647-.090.000017              4              3                    Q 11m     582220 3 3 2 3 2 2    69.0   69.0
451 3120.713700 1.467E-66 7.286E-08.00130.00119212.98830.660.000147              1              0                    Q 20q     352220 1 1 2 3 2 2    41.0   41.0
451 3120.713868 2.902E-66 1.443E-07.00110.00119212.9883-.020.000016              1              0                    Q 20m     582220 3 3 2 3 2 2    41.0   41.0
451 3120.725000 1.907E-85 2.038E-07.00410.00428190.03060.660.000265              9              7                    O 10q     352220 1 1 2 3 2 2    17.0   21.0
451 3123.460300 1.195E-83 1.220E-07.00410.00427276.24810.660.000265              8              6                    O 12q     352220 1 1 2 3 2 2    21.0   25.0
451 3124.435200 3.157E-62 2.664E-07.00130.00117190.39110.640.000149              5              4                    Q  6q     352220 1 1 2 3 2 2    13.0   13.0
451 3124.435269 7.512E-63 6.344E-08.00090.00117190.3911-.150.000016              5              4                    Q  6m     582220 3 3 2 3 2 2    13.0   13.0
451 3129.206300 6.072E-79 1.861E-08.00190.00224752.46340.640.000169              8              7                    S  3q     352220 1 1 2 3 2 2    33.0   21.0
451 3134.981500 2.870E-37 4.377E-07.00170.002 5271.37940.680.000107              2              1                    O  4q     352220 1 1 2 3 2 2     5.0    9.0
451 3146.627000 2.974E-63 1.924E-07.00130.00117771.57110.650.000150              3              2                    Q 14q     352220 1 1 2 3 2 2    29.0   29.0
451 3146.627126 3.153E-63 2.041E-07.00100.00117771.5711-.070.000016              3              2                    Q 14m     582220 3 3 2 3 2 2    29.0   29.0
451 3147.267300 7.510E-64 1.396E-07.00130.00118253.41720.660.000145              2              1                    Q 17q     352220 1 1 2 3 2 2   105.0  105.0
451 3147.267444 1.099E-63 2.046E-07.00110.00118253.4172-.040.000016              2              1                    Q 17m     582220 3 3 2 3 2 2   105.0  105.0
451 3157.526700 1.164E-60 2.851E-07.00130.00116649.46880.620.000149              5              4                    Q  5q     352220 1 1 2 3 2 2    33.0   33.0
451 3157.526889 1.856E-61 4.548E-08.00090.00116649.4688-.150.000016              5              4                    Q  5m     582220 3 3 2 3 2 2    33.0   33.0
451 3158.603700 8.464E-78 1.151E-08.00410.00424320.91050.660.000253              5              3                    O 17q     352220 1 1 2 3 2 2    93.0  105.0
451 3160.785800 4.201E-44 6.986E-07.00210.002 8722.70200.680.000092              3              2                    O  3q     352220 1 1 2 3 2 2     9.0   21.0
451 3162.639900 1.228E-71 1.273E-07.00240.00221589.82350.610.000174              7              6                    S  1q     352220 1 1 2 3 2 2    21.0    9.0
451 3165.668700 6.943E-52 1.303E-06.00140.00112084.69700.650.000091              4              3                    O  2q     352220 1 1 2 3 2 2     1.0    5.0
451 3165.788000 2.025E-75 4.440E-10.00400.00422333.70200.670.000228              3              1                    O 20q     352220 1 1 2 3 2 2    37.0   41.0
451 3170.359600 1.849E-61 2.473E-07.00130.00116904.05820.650.000150              4              3                    Q 10q     352220 1 1 2 3 2 2    21.0   21.0
451 3170.359812 1.033E-61 1.383E-07.00100.00116904.0582-.100.000016              4              3                    Q 10m     582220 3 3 2 3 2 2    21.0   21.0
451 3185.325800 3.086E-60 3.033E-07.00180.00216190.70270.630.000143              5              4                    Q  4q     352220 1 1 2 3 2 2     9.0    9.0
451 3185.325944 3.092E-61 3.040E-08.00120.00116190.7027-.160.000016              5              4                    Q  4m     582220 3 3 2 3 2 2     9.0    9.0
451 3206.980300 5.588E-63 8.394E-08.00130.00117750.33200.660.000145              1              0                    Q 19q     352220 1 1 2 3 2 2   117.0  117.0
451 3206.980391 8.759E-63 1.317E-07.00110.00117750.3320-.020.000016              1              0                    Q 19m     582220 3 3 2 3 2 2   117.0  117.0
451 3207.716500 4.633E-59 3.238E-07.00210.00215818.28780.590.000128              5              4                    Q  3q     352220 1 1 2 3 2 2    21.0   21.0
451 3207.716546 2.614E-60 1.828E-08.00140.00115818.2878-.130.000015              5              4                    Q  3m     582220 3 3 2 3 2 2    21.0   21.0
451 3214.979600 2.276E-60 2.162E-07.00130.00116631.91060.660.000145              3              2                    Q 13q     352220 1 1 2 3 2 2    81.0   81.0
451 3214.979643 1.875E-60 1.782E-07.00100.00116631.9106-.070.000016              3              2                    Q 13m     582220 3 3 2 3 2 2    81.0   81.0
451 3222.639700 3.657E-59 2.708E-07.00130.00116033.74170.650.000149              4              3                    Q  9q     352220 1 1 2 3 2 2    57.0   57.0
451 3222.639874 1.535E-59 1.138E-07.00100.00116033.7417-.090.000016              4              3                    Q  9m     582220 3 3 2 3 2 2    57.0   57.0
451 3224.600300 4.755E-59 3.572E-07.00120.00115535.74330.410.000121              5              4                    Q  2q     352220 1 1 2 3 2 2     5.0    5.0
451 3224.600411 1.218E-60 9.154E-09.00100.00115535.7433-.040.000014              5              4                    Q  2m     582220 3 3 2 3 2 2     5.0    5.0
451 3225.455500 1.543E-61 1.589E-07.00130.00116936.25540.660.000148              2              1                    Q 16q     352220 1 1 2 3 2 2    33.0   33.0
451 3225.455608 1.778E-61 1.833E-07.00110.00116936.2554-.050.000016              2              1                    Q 16m     582220 3 3 2 3 2 2    33.0   33.0
451 3228.288000 8.701E-81 3.157E-09.00140.00125056.40700.620.000183              8              7                    S  4q     352220 1 1 2 3 2 2    13.0    9.0
451 3235.476700 1.460E-78 3.454E-08.00400.00424870.15970.670.000251              6              4                    O 15q     352220 1 1 2 3 2 2    81.0   93.0
451 3235.900500 3.054E-58 5.098E-07.00070.00115345.80980.430.000121              5              4                    Q  1q     352220 1 1 2 3 2 2     9.0    9.0
451 3235.900554 1.828E-60 3.054E-09.00100.00115345.8098-.020.000011              5              4                    Q  1m     582220 3 3 2 3 2 2     9.0    9.0
451 3251.321700 1.487E-73 3.649E-12.00390.00420687.91170.670.000217              2              0                    O 21q     352220 1 1 2 3 2 2   117.0  129.0
451 3265.077300 1.415E-65 1.896E-07.00320.00318491.92963.740.000154              6              5                    S  0q     352220 1 1 2 3 2 2     5.0    1.0
451 3267.684900 2.819E-75 3.634E-09.00400.00422661.60190.660.000240              4              2                    O 18q     352220 1 1 2 3 2 2    33.0   37.0
451 3270.332400 5.744E-58 2.937E-07.00130.00115228.88930.650.000148              4              3                    Q  8q     352220 1 1 2 3 2 2    17.0   17.0
451 3270.332523 1.786E-58 9.138E-08.00100.00115228.8893-.110.000016              4              3                    Q  8m     582220 3 3 2 3 2 2    17.0   17.0
451 3279.567100 1.535E-58 2.402E-07.00130.00115537.17360.660.000146              3              2                    Q 12q     352220 1 1 2 3 2 2    25.0   25.0
451 3279.567122 9.809E-59 1.536E-07.00100.00115537.1736-.080.000016              3              2                    Q 12m     582220 3 3 2 3 2 2    25.0   25.0
451 3290.727600 2.153E-60 9.564E-08.00130.00116304.80690.660.000147              1              0                    Q 18q     352220 1 1 2 3 2 2    37.0   37.0
451 3290.727734 2.686E-60 1.194E-07.00110.00116304.8069-.040.000015              1              0                    Q 18m     582220 3 3 2 3 2 2    37.0   37.0
451 3293.928600 8.702E-80 8.291E-08.00410.00425590.11180.660.000265              7              5                    O 13q     352220 1 1 2 3 2 2    69.0   81.0
451 3299.400100 1.853E-72 1.100E-07.00230.00221757.00690.640.000165              7              6                    S  2q     352220 1 1 2 3 2 2     9.0    5.0
451 3300.528500 2.432E-58 1.789E-07.00130.00115649.59370.660.000142              2              1                    Q 15q     352220 1 1 2 3 2 2    93.0   93.0
451 3300.528668 2.211E-58 1.628E-07.00110.00115649.5937-.050.000016              2              1                    Q 15m     582220 3 3 2 3 2 2    93.0   93.0
451 3313.033200 2.288E-81 1.553E-09.00150.00125430.06010.630.000192              8              7                    S  5q     352220 1 1 2 3 2 2    45.0   33.0
451 3313.267900 5.627E-56 3.157E-07.00130.00114495.44310.650.000147              4              3                    Q  7q     352220 1 1 2 3 2 2    45.0   45.0
451 3313.268037 1.270E-56 7.130E-08.00100.00114495.4431-.100.000016              4              3                    Q  7m     582220 3 3 2 3 2 2    45.0   45.0
451 3318.116500 1.442E-83 2.739E-07.00410.00427535.95040.660.000266              9              7                    O  9q     352220 1 1 2 3 2 2    45.0   57.0
451 3325.513400 1.854E-81 1.652E-07.00410.00426480.52630.660.000264              8              6                    O 11q     352220 1 1 2 3 2 2    57.0   69.0
451 3329.041000 7.700E-29 2.894E-07.00170.002 1168.79750.680.000105              1              0                    O  4q     352220 1 1 2 3 2 2     5.0    9.0
451 3340.226300 7.173E-56 2.643E-07.00130.00114493.53840.660.000145              3              2                    Q 11q     352220 1 1 2 3 2 2    69.0   69.0
451 3340.226357 3.541E-56 1.306E-07.00100.00114493.5384-.080.000015              3              2                    Q 11m     582220 3 3 2 3 2 2    69.0   69.0
451 3351.277800 4.116E-55 3.366E-07.00130.00113839.11330.650.000140              4              3                    Q  6q     352220 1 1 2 3 2 2    13.0   13.0
451 3351.277935 6.550E-56 5.361E-08.00100.00113839.1133-.130.000015              4              3                    Q  6m     582220 3 3 2 3 2 2    13.0   13.0
451 3360.488800 8.793E-76 1.545E-08.00410.00423160.86820.660.000251              5              3                    O 16q     352220 1 1 2 3 2 2    29.0   33.0
451 3362.402800 5.538E-36 6.359E-07.00210.002 4831.39150.680.000101              2              1                    O  3q     352220 1 1 2 3 2 2     9.0   21.0
451 3363.598200 5.369E-72 5.820E-10.00390.00420957.31230.670.000225              3              1                    O 19q     352220 1 1 2 3 2 2   105.0  117.0
451 3371.864700 6.630E-57 1.079E-07.00130.00114881.55250.660.000145              1              0                    Q 17q     352220 1 1 2 3 2 2   105.0  105.0
451 3371.864751 6.602E-57 1.075E-07.00110.00114881.5525-.040.000016              1              0                    Q 17m     582220 3 3 2 3 2 2   105.0  105.0
451 3372.350692 2.533E-56 1.432E-07.00110.00114399.2204-.050.000015              2              1                    Q 14m     582220 3 3 2 3 2 2    29.0   29.0
451 3372.350700 3.531E-56 1.995E-07.00130.00114399.22040.660.000140              2              1                    Q 14q     352220 1 1 2 3 2 2    29.0   29.0
451 3376.030000 3.801E-44 1.395E-06.00140.001 8406.36090.670.000097              3              2                    O  2q     352220 1 1 2 3 2 2     1.0    5.0
451 3382.458800 1.358E-81 2.153E-08.00150.00125869.50960.620.000195              8              7                    S  6q     352220 1 1 2 3 2 2    17.0   13.0
451 3384.200700 1.766E-53 3.566E-07.00120.00113265.26810.650.000141              4              3                    Q  5q     352220 1 1 2 3 2 2    33.0   33.0
451 3384.200763 1.898E-54 3.836E-08.00090.00113265.2681-.150.000015              4              3                    Q  5m     582220 3 3 2 3 2 2    33.0   33.0
451 3396.776600 2.779E-54 2.881E-07.00130.00113507.28160.660.000139              3              2                    Q 10q     352220 1 1 2 3 2 2    21.0   21.0
451 3396.776643 1.053E-54 1.092E-07.00100.00113507.2816-.080.000016              3              2                    Q 10m     582220 3 3 2 3 2 2    21.0   21.0
451 3411.887400 5.325E-53 3.767E-07.00180.00212778.81530.650.000138              4              3                    Q  4q     352220 1 1 2 3 2 2     9.0    9.0
451 3411.887460 3.618E-54 2.561E-08.00120.00112778.8153-.170.000015              4              3                    Q  4m     582220 3 3 2 3 2 2     9.0    9.0
451 3423.839900 4.178E-65 2.267E-07.00190.00218581.71030.440.000167              6              5                    S  1q     352220 1 1 2 3 2 2    21.0    9.0
451 3424.509900 1.325E-72 7.733E-08.00190.00222005.55020.640.000169              7              6                    S  3q     352220 1 1 2 3 2 2    33.0   21.0
451 3434.206000 8.865E-52 3.997E-07.00210.00212384.08180.640.000131              4              3                    Q  3q     352220 1 1 2 3 2 2    21.0   21.0
451 3434.206164 3.409E-53 1.538E-08.00150.00112384.0818-.150.000014              4              3                    Q  3m     582220 3 3 2 3 2 2    21.0   21.0
451 3435.739500 1.232E-81 6.857E-08.00150.00226370.30020.620.000199              8              7                    S  7q     352220 1 1 2 3 2 2    57.0   45.0
451 3437.474100 1.227E-85 4.761E-07.00410.00428284.69500.650.000268             10              8                    O  6q     352220 1 1 2 3 2 2     9.0   13.0
451 3439.594500 8.197E-77 4.673E-08.00410.00423836.65360.670.000253              6              4                    O 14q     352220 1 1 2 3 2 2    25.0   29.0
451 3440.758100 3.714E-53 2.203E-07.00130.00113191.15250.660.000142              2              1                    Q 13q     352220 1 1 2 3 2 2    81.0   81.0
451 3440.758108 2.100E-53 1.247E-07.00110.00113191.1525-.050.000015              2              1                    Q 13m     582220 3 3 2 3 2 2    81.0   81.0
451 3448.613600 7.937E-71 5.335E-12.00390.00419212.98830.670.000217              2              0                    O 20q     352220 1 1 2 3 2 2    37.0   41.0
451 3449.025500 7.007E-52 3.113E-07.00130.00112584.71620.660.000137              3              2                    Q  9q     352220 1 1 2 3 2 2    57.0   57.0
451 3449.025539 2.015E-52 8.960E-08.00100.00112584.7162-.080.000015              3              2                    Q  9m     582220 3 3 2 3 2 2    57.0   57.0
451 3450.265700 1.964E-54 1.205E-07.00130.00113485.98970.660.000143              1              0                    Q 16q     352220 1 1 2 3 2 2    33.0   33.0
451 3450.265811 1.563E-54 9.603E-08.00110.00113485.9897-.040.000015              1              0                    Q 16m     582220 3 3 2 3 2 2    33.0   33.0
451 3451.046300 9.837E-52 4.390E-07.00140.00112084.69700.530.000121              4              3                    Q  2q     352220 1 1 2 3 2 2     5.0    5.0
451 3451.046339 1.723E-53 7.695E-09.00100.00112084.6970-.070.000014              4              3                    Q  2m     582220 3 3 2 3 2 2     5.0    5.0
451 3462.322000 6.657E-51 6.247E-07.00080.00111883.48780.530.000121              4              3                    Q  1q     352220 1 1 2 3 2 2     9.0    9.0
451 3462.322129 2.733E-53 2.566E-09.00100.00111883.4878-.070.000012              4              3                    Q  1m     582220 3 3 2 3 2 2     9.0    9.0
451 3469.475200 4.370E-72 4.910E-09.00400.00421400.68450.660.000240              4              2                    O 17q     352220 1 1 2 3 2 2    93.0  105.0
451 3472.176700 6.257E-83 1.449E-07.00150.00226927.53170.620.000202              8              7                    S  8q     352220 1 1 2 3 2 2    21.0   17.0
451 3474.342100 6.271E-86 5.087E-07.00160.00228884.04040.610.000215              8              7                    S 11q     352220 1 1 2 3 2 2    81.0   69.0
451 3491.155500 1.812E-83 2.485E-07.00150.00227535.95040.610.000207              8              7                    S  9q     352220 1 1 2 3 2 2    69.0   57.0
451 3492.088100 4.102E-85 3.733E-07.00160.00228190.03060.610.000211              8              7                    S 10q     352220 1 1 2 3 2 2    25.0   21.0
451 3496.774500 1.375E-50 3.338E-07.00130.00111732.11480.660.000140              3              2                    Q  8q     352220 1 1 2 3 2 2    17.0   17.0
451 3496.774660 2.956E-51 7.183E-08.00100.00111732.1148-.080.000015              3              2                    Q  8m     582220 3 3 2 3 2 2    17.0   17.0
451 3498.434400 2.503E-78 1.121E-07.00410.00424691.59620.660.000265              7              5                    O 12q     352220 1 1 2 3 2 2    21.0   25.0
451 3505.564500 3.390E-51 2.412E-07.00130.00112031.60910.660.000140              2              1                    Q 12q     352220 1 1 2 3 2 2    25.0   25.0
451 3505.564517 1.506E-51 1.072E-07.00110.00112031.6091-.060.000015              2              1                    Q 12m     582220 3 3 2 3 2 2    25.0   25.0
451 3509.977900 1.223E-58 2.719E-07.00090.00115250.36570.370.000155              5              4                    S  0q     352220 1 1 2 3 2 2     5.0    1.0
451 3513.677700 9.474E-83 3.629E-07.00410.00426927.53170.660.000266              9              7                    O  8q     352220 1 1 2 3 2 2    13.0   17.0
451 3525.774600 4.407E-51 1.335E-07.00130.00112123.81910.660.000137              1              0                    Q 15q     352220 1 1 2 3 2 2    93.0   93.0
451 3525.774708 2.807E-51 8.507E-08.00110.00112123.8191-.030.000015              1              0                    Q 15m     582220 3 3 2 3 2 2    93.0   93.0
451 3527.609600 2.606E-80 2.220E-07.00410.00425724.35880.660.000265              8              6                    O 10q     352220 1 1 2 3 2 2    17.0   21.0
451 3536.653800 5.256E-74 4.076E-08.00140.00122332.85580.620.000183              7              6                    S  4q     352220 1 1 2 3 2 2    13.0    9.0
451 3539.825400 1.646E-48 3.551E-07.00130.00110955.61770.660.000134              3              2                    Q  7q     352220 1 1 2 3 2 2    45.0   45.0
451 3539.825459 2.592E-49 5.595E-08.00100.00110955.6177-.080.000015              3              2                    Q  7m     582220 3 3 2 3 2 2    45.0   45.0
451 3565.333700 1.576E-69 8.150E-10.00400.00419595.53450.670.000225              3              1                    O 18q     352220 1 1 2 3 2 2    33.0   37.0
451 3565.340200 7.428E-73 2.102E-08.00410.00422024.77160.650.000251              5              3                    O 15q     352220 1 1 2 3 2 2    81.0   93.0
451 3566.565500 2.107E-48 2.618E-07.00130.00110926.97290.660.000138              2              1                    Q 11q     352220 1 1 2 3 2 2    69.0   69.0
451 3566.565589 7.312E-49 9.094E-08.00110.00110926.9729-.060.000015              2              1                    Q 11m     582220 3 3 2 3 2 2    69.0   69.0
451 3568.221700 1.672E-27 4.219E-07.00210.002  705.51890.690.000096              1              0                    O  3q     352220 1 1 2 3 2 2     9.0   21.0
451 3572.512200 6.603E-66 2.169E-07.00200.00218760.34360.560.000117              6              5                    S  2q     352220 1 1 2 3 2 2     9.0    5.0
451 3577.984800 1.439E-47 3.754E-07.00130.00110261.12850.660.000137              3              2                    Q  6q     352220 1 1 2 3 2 2    13.0   13.0
451 3577.984924 1.609E-48 4.201E-08.00100.00110261.1285-.110.000015              3              2                    Q  6m     582220 3 3 2 3 2 2    13.0   13.0
451 3589.164100 5.490E-36 1.278E-06.00140.001 4497.83850.680.000101              2              1                    O  2q     352220 1 1 2 3 2 2     1.0    5.0
451 3598.208300 8.988E-49 1.466E-07.00130.00110801.01210.660.000139              1              0                    Q 14q     352220 1 1 2 3 2 2    29.0   29.0
451 3598.208436 4.573E-49 7.467E-08.00110.00110801.0121-.030.000015              1              0                    Q 14m     582220 3 3 2 3 2 2    29.0   29.0
451 3611.070900 7.210E-46 3.950E-07.00120.001 9654.19720.650.000130              3              2                    Q  5q     352220 1 1 2 3 2 2    33.0   33.0
451 3611.071027 5.477E-47 3.003E-08.00100.001 9654.1972-.140.000015              3              2                    Q  5m     582220 3 3 2 3 2 2    33.0   33.0
451 3615.229700 2.357E-84 6.113E-07.00410.00427881.66970.640.000266             10              8                    O  5q     352220 1 1 2 3 2 2    21.0   33.0
451 3623.544100 1.067E-46 2.823E-07.00130.001 9883.73750.660.000137              2              1                    Q 10q     352220 1 1 2 3 2 2    21.0   21.0
451 3623.544136 2.868E-47 7.592E-08.00100.001 9883.7375-.060.000014              2              1                    Q 10m     582220 3 3 2 3 2 2    21.0   21.0
451 3634.714200 6.769E-75 1.134E-08.00150.00122735.58600.630.000192              7              6                    S  5q     352220 1 1 2 3 2 2    45.0   33.0
451 3638.917700 2.477E-45 4.148E-07.00180.002 9139.89760.660.000126              3              2                    Q  4q     352220 1 1 2 3 2 2     9.0    9.0
451 3638.917800 1.195E-46 2.003E-08.00130.001 9139.8976-.170.000014              3              2                    Q  4m     582220 3 3 2 3 2 2     9.0    9.0
451 3646.054900 3.570E-74 6.349E-08.00410.00422834.47140.660.000265              6              4                    O 13q     352220 1 1 2 3 2 2    69.0   81.0
451 3650.352500 5.295E-67 1.148E-11.00390.00417750.33200.670.000218              2              0                    O 19q     352220 1 1 2 3 2 2   105.0  117.0
451 3661.379800 4.581E-44 4.381E-07.00220.002 8722.70200.660.000121              3              2                    Q  3q     352220 1 1 2 3 2 2    21.0   21.0
451 3661.379858 1.256E-45 1.202E-08.00150.001 8722.7020-.160.000014              3              2                    Q  3m     582220 3 3 2 3 2 2    21.0   21.0
451 3667.360900 1.309E-45 1.599E-07.00130.001 9523.79160.660.000132              1              0                    Q 13q     352220 1 1 2 3 2 2    81.0   81.0
451 3667.361060 5.308E-46 6.488E-08.00110.001 9523.7916-.040.000015              1              0                    Q 13m     582220 3 3 2 3 2 2    81.0   81.0
451 3674.942700 6.957E-70 6.818E-09.00410.00420161.71090.660.000241              4              2                    O 16q     352220 1 1 2 3 2 2    29.0   33.0
451 3675.799700 3.633E-96 4.774E-10.00840.00832422.47680.660.000334              3              0                    O 29q     352220 1 1 2 3 2 2   165.0  177.0
451 3676.275400 3.445E-44 3.018E-07.00130.001 8908.44080.660.000135              2              1                    Q  9q     352220 1 1 2 3 2 2    57.0   57.0
451 3676.275402 7.094E-45 6.220E-08.00100.001 8908.4408-.070.000015              2              1                    Q  9m     582220 3 3 2 3 2 2    57.0   57.0
451 3678.336100 5.504E-44 4.794E-07.00150.001 8406.36090.600.000120              3              2                    Q  2q     352220 1 1 2 3 2 2     5.0    5.0
451 3678.336254 6.895E-46 6.010E-09.00100.001 8406.3609-.110.000014              3              2                    Q  2m     582220 3 3 2 3 2 2     5.0    5.0
451 3680.194500 3.677E-58 3.403E-07.00240.00215345.80980.610.000174              5              4                    S  1q     352220 1 1 2 3 2 2    21.0    9.0
451 3689.693500 3.929E-43 6.808E-07.00080.001 8193.79430.590.000113              3              2                    Q  1q     352220 1 1 2 3 2 2     9.0    9.0
451 3689.693591 1.155E-45 2.003E-09.00100.001 8193.7943-.120.000012              3              2                    Q  1m     582220 3 3 2 3 2 2     9.0    9.0
451 3704.278100 5.344E-76 1.513E-07.00410.00423831.67230.660.000264              7              5                    O 11q     352220 1 1 2 3 2 2    57.0   69.0
451 3706.867200 4.242E-81 4.747E-07.00410.00426370.30020.660.000263              9              7                    O  7q     352220 1 1 2 3 2 2    33.0   45.0
451 3709.581700 5.107E-66 1.795E-07.00160.00219026.00430.620.000097              6              5                    S  3q     352220 1 1 2 3 2 2    33.0   21.0
451 3709.976400 7.109E-95 1.301E-09.00850.00931997.59120.660.000349              4              1                    O 27q     352220 1 1 2 3 2 2   153.0  165.0
451 3717.774100 4.777E-79 2.222E-11.00150.00123209.75760.620.000195              7              6                    S  6q     352220 1 1 2 3 2 2    17.0   13.0
451 3724.532531 1.316E-43 4.979E-08.00100.001 8007.5822-.070.000014              2              1                    Q  8m     582220 3 3 2 3 2 2    17.0   17.0
451 3724.532600 8.482E-43 3.207E-07.00130.001 8007.58220.660.000129              2              1                    Q  8q     352220 1 1 2 3 2 2    17.0   17.0
451 3729.521800 2.602E-78 2.956E-07.00410.00425013.57150.660.000266              8              6                    O  9q     352220 1 1 2 3 2 2    45.0   57.0
451 3730.952400 4.257E-94 1.878E-09.00850.00931685.72430.650.000369              5              2                    O 25q     352220 1 1 2 3 2 2   141.0  153.0
451 3733.007700 1.628E-43 1.730E-07.00130.001 8298.60140.660.000130              1              0                    Q 12q     352220 1 1 2 3 2 2    25.0   25.0
451 3733.007810 5.237E-44 5.571E-08.00110.001 8298.6014-.050.000015              1              0                    Q 12m     582220 3 3 2 3 2 2    25.0   25.0
451 3734.726200 8.285E-94 1.553E-09.00870.00931490.93800.650.000386              6              3                    O 23q     352220 1 1 2 3 2 2   129.0  141.0
451 3753.352400 2.837E-51 3.445E-07.00100.00111782.39090.500.000146              4              3                    S  0q     352220 1 1 2 3 2 2     5.0    1.0
451 3768.092100 1.247E-40 3.386E-07.00120.001 7187.52560.660.000127              2              1                    Q  7q     352220 1 1 2 3 2 2    45.0   45.0
451 3768.092136 1.426E-41 3.874E-08.00100.001 7187.5256-.080.000014              2              1                    Q  7m     582220 3 3 2 3 2 2    45.0   45.0
451 3771.354400 3.998E-66 1.205E-09.00400.00418253.41720.670.000229              3              1                    O 17q     352220 1 1 2 3 2 2    93.0  105.0
451 3773.398100 6.110E-71 2.895E-08.00410.00420918.19810.650.000256              5              3                    O 14q     352220 1 1 2 3 2 2    25.0   29.0
451 3779.469800 2.879E-86 9.945E-07.00170.00228962.76890.590.000222              7              6                    S 14q     352220 1 1 2 3 2 2    33.0   29.0
451 3785.105500 8.239E-77 1.644E-08.00150.00223750.84490.620.000199              7              6                    S  7q     352220 1 1 2 3 2 2    57.0   45.0
451 3786.501500 3.489E-84 7.862E-07.00430.00427538.44900.620.000243             10              8                    O  4q     352220 1 1 2 3 2 2     5.0    9.0
451 3794.909400 1.356E-40 1.860E-07.00120.001 7132.06350.670.000133              1              0                    Q 11q     352220 1 1 2 3 2 2    69.0   69.0
451 3794.909506 3.438E-41 4.720E-08.00110.001 7132.0635-.040.000014              1              0                    Q 11m     582220 3 3 2 3 2 2    69.0   69.0
451 3806.739800 1.309E-39 3.558E-07.00120.001 6454.38870.660.000126              2              1                    Q  6q     352220 1 1 2 3 2 2    13.0   13.0
451 3806.739820 1.068E-40 2.906E-08.00100.001 6454.3887-.090.000014              2              1                    Q  6m     582220 3 3 2 3 2 2    13.0   13.0
451 3806.793000 1.818E-27 8.527E-07.00150.001  354.37320.680.000097              1              0                    O  2q     352220 1 1 2 3 2 2     1.0    5.0
451 3833.729100 2.427E-67 1.267E-07.00110.00119376.02850.650.000108              6              5                    S  4q     352220 1 1 2 3 2 2    13.0    9.0
451 3834.001100 4.164E-84 8.146E-07.00160.00228105.63640.600.000220              7              6                    S 13q     352220 1 1 2 3 2 2    93.0   81.0
451 3836.147000 6.490E-78 6.769E-08.00150.00224353.88360.620.000202              7              6                    S  8q     352220 1 1 2 3 2 2    21.0   17.0
451 3840.275478 4.281E-39 2.076E-08.00100.001 5813.9217-.120.000014              2              1                    Q  5m     582220 3 3 2 3 2 2    33.0   33.0
451 3840.275500 7.681E-38 3.722E-07.00120.001 5813.92170.660.000124              2              1                    Q  5q     352220 1 1 2 3 2 2    33.0   33.0
451 3840.285200 5.855E-59 3.465E-07.00230.00215535.74330.640.000165              5              4                    S  2q     352220 1 1 2 3 2 2     9.0    5.0
451 3852.817200 9.027E-39 1.986E-07.00120.001 6030.92030.660.000126              1              0                    Q 10q     352220 1 1 2 3 2 2    21.0   21.0
451 3852.817350 1.787E-39 3.936E-08.00110.001 6030.9203-.050.000014              1              0                    Q 10m     582220 3 3 2 3 2 2    21.0   21.0
451 3854.932600 1.443E-72 8.653E-08.00410.00421869.42620.660.000265              6              4                    O 12q     352220 1 1 2 3 2 2    21.0   25.0
451 3856.904000 4.198E-64 2.872E-11.00390.00416304.80690.670.000218              2              0                    O 18q     352220 1 1 2 3 2 2    33.0   37.0
451 3868.518195 1.072E-38 1.384E-08.00130.001 5271.3794-.150.000013              2              1                    Q  4m     582220 3 3 2 3 2 2     9.0    9.0
451 3868.518200 3.015E-37 3.890E-07.00170.002 5271.37940.670.000128              2              1                    Q  4q     352220 1 1 2 3 2 2     9.0    9.0
451 3869.861000 5.510E-83 6.251E-07.00160.00227276.24810.600.000214              7              6                    S 12q     352220 1 1 2 3 2 2    29.0   25.0
451 3870.468900 1.971E-78 1.573E-07.00150.00225013.57150.610.000207              7              6                    S  9q     352220 1 1 2 3 2 2    69.0   57.0
451 3884.349200 8.917E-67 9.679E-09.00410.00418950.12220.660.000237              4              2                    O 15q     352220 1 1 2 3 2 2    81.0   93.0
451 3887.635300 5.177E-81 4.436E-07.00160.00226480.52630.610.000215              7              6                    S 11q     352220 1 1 2 3 2 2    81.0   69.0
451 3887.731600 4.043E-80 2.844E-07.00160.00225724.35880.610.000211              7              6                    S 10q     352220 1 1 2 3 2 2    25.0   21.0
451 3891.310500 6.212E-36 4.094E-07.00220.002 4831.39150.670.000125              2              1                    Q  3q     352220 1 1 2 3 2 2    21.0   21.0
451 3891.310594 1.258E-37 8.300E-09.00160.002 4831.3915-.160.000014              2              1                    Q  3m     582220 3 3 2 3 2 2    21.0   21.0
451 3896.909600 1.545E-80 6.142E-07.00410.00425869.50960.650.000268              9              7                    O  6q     352220 1 1 2 3 2 2     9.0   13.0
451 3906.477900 3.760E-36 2.108E-07.00120.001 5001.96290.670.000125              1              0                    Q  9q     352220 1 1 2 3 2 2    57.0   57.0
451 3906.478066 5.739E-37 3.221E-08.00110.001 5001.9629-.050.000013              1              0                    Q  9m     582220 3 3 2 3 2 2    57.0   57.0
451 3908.522400 8.097E-36 4.469E-07.00150.001 4497.83850.640.000112              2              1                    Q  2q     352220 1 1 2 3 2 2     5.0    5.0
451 3908.522483 7.511E-38 4.149E-09.00110.001 4497.8385-.110.000013              2              1                    Q  2m     582220 3 3 2 3 2 2     5.0    5.0
451 3911.309200 1.012E-74 2.034E-07.00410.00423016.22250.660.000265              7              5                    O 10q     352220 1 1 2 3 2 2    17.0   21.0
451 3920.053700 6.104E-35 6.335E-07.00090.001 4273.74060.620.000112              2              1                    Q  1q     352220 1 1 2 3 2 2     9.0    9.0
451 3920.053759 1.331E-37 1.383E-09.00100.001 4273.7406-.160.000012              2              1                    Q  1m     582220 3 3 2 3 2 2     9.0    9.0
451 3925.738700 8.109E-92 1.537E-07.00480.00531490.93800.600.000358              5              3                    Q 23q     352220 1 1 2 3 2 2   141.0  141.0
451 3925.738726 4.440E-92 8.419E-08.00360.00431490.9380-.020.000036              5              3                    Q 23m     582220 3 3 2 3 2 2   141.0  141.0
451 3930.811400 2.207E-77 3.904E-07.00410.00424353.88360.660.000266              8              6                    O  8q     352220 1 1 2 3 2 2    13.0   17.0
451 3934.800000 8.574E-51 4.453E-07.00230.00211883.48780.640.000163              4              3                    S  1q     352220 1 1 2 3 2 2    21.0    9.0
451 3943.849400 5.471E-68 7.096E-08.00120.00119806.99550.660.000128              6              5                    S  5q     352220 1 1 2 3 2 2    45.0   33.0
451 3949.957900 3.025E-83 1.059E-06.00530.00527258.91210.630.000197             10              8                    O  3q     352220 1 1 2 3 2 2     9.0   21.0
451 3955.639200 1.169E-34 2.225E-07.00120.001 4051.94300.670.000128              1              0                    Q  8q     352220 1 1 2 3 2 2    17.0   17.0
451 3955.639300 1.353E-35 2.577E-08.00110.001 4051.9430-.050.000013              1              0                    Q  8m     582220 3 3 2 3 2 2    17.0   17.0
451 3981.942700 1.038E-63 1.854E-09.00400.00416936.25540.670.000223              3              1                    O 16q     352220 1 1 2 3 2 2    29.0   33.0
451 3984.782100 3.838E-68 4.023E-08.00420.00419846.89020.650.000257              5              3                    O 13q     352220 1 1 2 3 2 2    69.0   81.0
451 3986.227400 1.508E-93 7.122E-10.00840.00830997.52130.660.000335              3              0                    O 28q     352220 1 1 2 3 2 2    53.0   57.0
451 3988.707700 4.562E-59 3.137E-07.00190.00215818.28780.640.000169              5              4                    S  3q     352220 1 1 2 3 2 2    33.0   21.0
451 3997.694400 1.769E-43 3.854E-07.00100.001 8087.00260.560.000138              3              2                    S  0q     352220 1 1 2 3 2 2     5.0    1.0
451 4000.055100 2.122E-32 2.335E-07.00120.001 3187.47050.670.000122              1              0                    Q  7q     352220 1 1 2 3 2 2    45.0   45.0
451 4000.055159 1.819E-33 2.004E-08.00110.001 3187.4705-.060.000014              1              0                    Q  7m     582220 3 3 2 3 2 2    45.0   45.0
451 4000.215100 1.350E-86 1.601E-06.00120.00129453.54360.640.000175              6              5                    S 17q     352220 1 1 2 3 2 2   117.0  105.0
451 4003.484586 4.227E-87 5.346E-08.00510.00528884.0404-.070.000035              9              7                    Q 11m     582220 3 3 2 3 2 2    69.0   69.0
451 4003.484800 2.754E-86 3.482E-07.00420.00428884.04040.650.000286              9              7                    Q 11q     352220 1 1 2 3 2 2    69.0   69.0
451 4021.843300 2.518E-92 1.190E-07.00480.00531685.72430.610.000345              4              2                    Q 25q     352220 1 1 2 3 2 2   153.0  153.0
451 4021.843456 1.295E-92 6.124E-08.00390.00431685.7243-.010.000036              4              2                    Q 25m     582220 3 3 2 3 2 2   153.0  153.0
451 4023.543100 2.165E-92 2.015E-09.00850.00930643.34580.660.000349              4              1                    O 26q     352220 1 1 2 3 2 2    49.0   53.0
451 4034.051881 5.293E-87 1.959E-08.00500.00528284.6950-.100.000034             10              8                    Q  6m     582220 3 3 2 3 2 2    13.0   13.0
451 4034.052100 1.093E-85 4.044E-07.00410.00428284.69500.650.000273             10              8                    Q  6q     352220 1 1 2 3 2 2    13.0   13.0
451 4035.063300 4.228E-92 1.045E-09.00880.00930311.73580.660.000373              7              4                    O 20q     352220 1 1 2 3 2 2    37.0   41.0
451 4036.914596 3.858E-90 8.620E-08.00450.00530311.7358-.030.000035              6              4                    Q 20m     582220 3 3 2 3 2 2    41.0   41.0
451 4036.914700 1.005E-89 2.245E-07.00430.00430311.73580.640.000332              6              4                    Q 20q     352220 1 1 2 3 2 2    41.0   41.0
451 4039.057300 5.861E-70 2.491E-08.00110.00120314.82630.660.000131              6              5                    S  6q     352220 1 1 2 3 2 2    17.0   13.0
451 4039.491700 2.685E-31 2.440E-07.00120.001 2414.89700.670.000121              1              0                    Q  6q     352220 1 1 2 3 2 2    13.0   13.0
451 4039.491707 1.651E-32 1.502E-08.00100.001 2414.8970-.080.000014              1              0                    Q  6m     582220 3 3 2 3 2 2    13.0   13.0
451 4046.979800 9.398E-92 3.069E-09.00870.00930408.02580.650.000369              5              2                    O 24q     352220 1 1 2 3 2 2    45.0   49.0
451 4052.519100 1.348E-91 2.813E-09.00870.00930296.13140.650.000385              6              3                    O 22q     352220 1 1 2 3 2 2    41.0   45.0
451 4066.149800 4.247E-70 1.181E-07.00410.00420947.42170.660.000264              6              4                    O 11q     352220 1 1 2 3 2 2    57.0   69.0
451 4068.569700 2.680E-60 7.166E-11.00400.00414881.55250.670.000218              2              0                    O 17q     352220 1 1 2 3 2 2    93.0  105.0
451 4073.732100 1.855E-29 2.543E-07.00120.001 1740.18960.670.000119              1              0                    Q  5q     352220 1 1 2 3 2 2    33.0   33.0
451 4073.732222 7.817E-31 1.073E-08.00100.001 1740.1896-.100.000013              1              0                    Q  5m     582220 3 3 2 3 2 2    33.0   33.0
451 4082.803800 3.578E-79 7.904E-07.00410.00425430.06010.640.000266              9              7                    O  5q     352220 1 1 2 3 2 2    21.0   33.0
451 4086.469622 1.504E-87 6.915E-08.00490.00528962.7689-.040.000035              8              6                    Q 14m     582220 3 3 2 3 2 2    29.0   29.0
451 4086.469800 7.353E-87 3.379E-07.00420.00428962.76890.650.000303              8              6                    Q 14q     352220 1 1 2 3 2 2    29.0   29.0
451 4090.016200 4.535E-85 1.413E-06.00120.00128458.81780.640.000172              6              5                    S 16q     352220 1 1 2 3 2 2    37.0   33.0
451 4093.534780 5.826E-88 8.066E-08.00470.00529453.5436-.040.000035              7              5                    Q 17m     582220 3 3 2 3 2 2   105.0  105.0
451 4093.534900 2.103E-87 2.910E-07.00430.00429453.54360.640.000318              7              5                    Q 17q     352220 1 1 2 3 2 2   105.0  105.0
451 4097.855100 1.098E-64 1.397E-08.00410.00417771.57110.660.000242              4              2                    O 14q     352220 1 1 2 3 2 2    25.0   29.0
451 4100.685300 3.613E-93 7.492E-08.00470.00531997.59120.620.000339              3              1                    Q 27q     352220 1 1 2 3 2 2   165.0  165.0
451 4100.685433 1.766E-93 3.666E-08.00410.00431997.5912-.000.000036              3              1                    Q 27m     582220 3 3 2 3 2 2   165.0  165.0
451 4102.581900 8.352E-29 2.648E-07.00170.002 1168.79750.680.000117              1              0                    Q  4q     352220 1 1 2 3 2 2     9.0    9.0
451 4102.582010 2.252E-30 7.146E-09.00140.001 1168.7975-.140.000013              1              0                    Q  4m     582220 3 3 2 3 2 2     9.0    9.0
451 4104.094000 1.628E-83 1.970E-06.00390.00427046.29700.590.000178             10              8                    O  2q     352220 1 1 2 3 2 2     1.0    5.0
451 4106.005700 1.349E-51 4.734E-07.00230.00212084.69700.650.000155              4              3                    S  2q     352220 1 1 2 3 2 2     9.0    5.0
451 4115.783121 6.377E-86 1.365E-08.00460.00527881.6697-.130.000034             10              8                    Q  5m     582220 3 3 2 3 2 2    33.0   33.0
451 4115.783300 2.096E-84 4.484E-07.00410.00427881.66970.630.000266             10              8                    Q  5q     352220 1 1 2 3 2 2    33.0   33.0
451 4118.680600 5.112E-72 1.130E-09.00120.00120894.89090.660.000134              6              5                    S  7q     352220 1 1 2 3 2 2    57.0   45.0
451 4119.190700 1.333E-72 2.723E-07.00410.00422251.10950.660.000266              7              5                    O  9q     352220 1 1 2 3 2 2    45.0   57.0
451 4124.123600 2.230E-60 2.543E-07.00140.00116190.70270.620.000183              5              4                    S  4q     352220 1 1 2 3 2 2    13.0    9.0
451 4125.872600 1.922E-27 2.779E-07.00220.002  705.51890.680.000121              1              0                    Q  3q     352220 1 1 2 3 2 2    21.0   21.0
451 4125.872611 2.961E-29 4.285E-09.00170.002  705.5189-.150.000013              1              0                    Q  3m     582220 3 3 2 3 2 2    21.0   21.0
451 4130.824800 1.246E-75 5.114E-07.00410.00423750.84490.660.000263              8              6                    O  7q     352220 1 1 2 3 2 2    33.0   45.0
451 4143.269800 1.039E-88 2.227E-06.00180.00230311.73580.570.000253              5              4                    S 20q     352220 1 1 2 3 2 2    45.0   41.0
451 4143.465293 1.926E-29 2.141E-09.00110.001  354.3732-.120.000012              1              0                    Q  2m     582220 3 3 2 3 2 2     5.0    5.0
451 4143.465300 2.725E-27 3.028E-07.00150.002  354.37320.660.000111              1              0                    Q  2q     352220 1 1 2 3 2 2     5.0    5.0
451 4143.478774 2.796E-86 4.266E-08.00510.00528190.0306-.070.000035              9              7                    Q 10m     582220 3 3 2 3 2 2    21.0   21.0
451 4143.478900 2.685E-85 4.095E-07.00410.00428190.03060.650.000286              9              7                    Q 10q     352220 1 1 2 3 2 2    21.0   21.0
451 4155.253700 2.173E-26 4.287E-07.00280.003  118.48690.680.000110              1              0                    Q  1q     352220 1 1 2 3 2 2     9.0    9.0
451 4155.253762 3.615E-29 7.137E-10.00350.003  118.4869-.210.000012              1              0                    Q  1m     582220 3 3 2 3 2 2     9.0    9.0
451 4158.874200 9.749E-90 1.952E-07.00470.00530296.13140.600.000352              5              3                    Q 22q     352220 1 1 2 3 2 2    45.0   45.0
451 4158.874330 3.519E-90 7.050E-08.00360.00430296.1314-.020.000035              5              3                    Q 22m     582220 3 3 2 3 2 2    45.0   45.0
451 4161.369400 1.219E-82 1.186E-06.00120.00127479.51420.640.000161              6              5                    S 15q     352220 1 1 2 3 2 2   105.0   93.0
451 4182.239100 7.362E-73 1.059E-08.00120.00121542.11970.660.000149              6              5                    S  8q     352220 1 1 2 3 2 2    21.0   17.0
451 4183.719978 5.823E-86 8.901E-09.00420.00427538.4490-.100.000033             10              8                    Q  4m     582220 3 3 2 3 2 2     9.0    9.0
451 4183.720100 3.208E-84 4.903E-07.00410.00427538.44900.610.000256             10              8                    Q  4q     352220 1 1 2 3 2 2     9.0    9.0
451 4190.287500 5.332E-43 5.107E-07.00230.002 8193.79430.660.000147              3              2                    S  1q     352220 1 1 2 3 2 2    21.0    9.0
451 4197.296500 2.141E-60 2.925E-09.00400.00415649.59370.670.000229              3              1                    O 15q     352220 1 1 2 3 2 2    81.0   93.0
451 4199.481800 2.197E-66 5.622E-08.00410.00418816.74070.650.000258              5              3                    O 12q     352220 1 1 2 3 2 2    21.0   25.0
451 4215.069200 3.131E-81 9.441E-07.00120.00126521.35700.640.000157              6              5                    S 14q     352220 1 1 2 3 2 2    33.0   29.0
451 4216.629600 1.361E-90 2.742E-06.00180.00231490.93800.580.000248              4              3                    S 23q     352220 1 1 2 3 2 2   153.0  141.0
451 4229.416800 4.381E-73 6.153E-08.00120.00122251.10950.660.000151              6              5                    S  9q     352220 1 1 2 3 2 2    69.0   57.0
451 4237.987173 3.036E-85 5.245E-09.00490.00527258.9121-.060.000031             10              8                    Q  3m     582220 3 3 2 3 2 2    21.0   21.0
451 4237.987300 3.091E-83 5.338E-07.00520.00527258.91210.570.000240             10              8                    Q  3q     352220 1 1 2 3 2 2    21.0   21.0
451 4245.194700 2.891E-35 3.665E-07.00100.001 4161.16620.600.000138              2              1                    S  0q     352220 1 1 2 3 2 2     5.0    1.0
451 4245.422100 5.554E-61 1.803E-07.00150.00116649.46880.630.000192              5              4                    S  5q     352220 1 1 2 3 2 2    45.0   33.0
451 4248.714300 6.950E-87 2.778E-07.00430.00429205.04440.640.000327              6              4                    Q 19q     352220 1 1 2 3 2 2   117.0  117.0
451 4248.714409 1.802E-87 7.209E-08.00450.00429205.0444-.040.000035              6              4                    Q 19m     582220 3 3 2 3 2 2   117.0  117.0
451 4251.584300 5.990E-79 7.054E-07.00120.00125590.11180.650.000154              6              5                    S 13q     352220 1 1 2 3 2 2    93.0   81.0
451 4252.746090 2.049E-85 5.665E-08.00490.00528105.6364-.050.000035              8              6                    Q 13m     582220 3 3 2 3 2 2    81.0   81.0
451 4252.746100 1.458E-84 4.029E-07.00420.00428105.63640.650.000298              8              6                    Q 13q     352220 1 1 2 3 2 2    81.0   81.0
451 4258.863100 4.455E-90 1.480E-07.00470.00530408.02580.610.000340              4              2                    Q 24q     352220 1 1 2 3 2 2    49.0   49.0
451 4258.863260 1.537E-90 5.108E-08.00380.00430408.0258-.020.000036              4              2                    Q 24m     582220 3 3 2 3 2 2    49.0   49.0
451 4260.025600 9.777E-75 1.585E-07.00120.00123016.22250.650.000154              6              5                    S 10q     352220 1 1 2 3 2 2    25.0   21.0
451 4263.335500 6.224E-79 1.024E-06.00430.00425056.40700.620.000243              9              7                    O  4q     352220 1 1 2 3 2 2     5.0    9.0
451 4265.387000 1.026E-51 4.541E-07.00190.00212384.08180.650.000165              4              3                    S  3q     352220 1 1 2 3 2 2    33.0   21.0
451 4266.210700 5.673E-86 2.074E-06.00180.00229205.04440.580.000248              5              4                    S 19q     352220 1 1 2 3 2 2   129.0  117.0
451 4269.896221 1.347E-84 3.346E-08.00510.00527535.9504-.070.000035              9              7                    Q  9m     582220 3 3 2 3 2 2    57.0   57.0
451 4269.896300 1.889E-83 4.691E-07.00410.00427535.95040.650.000284              9              7                    Q  9q     352220 1 1 2 3 2 2    57.0   57.0
451 4271.172700 1.007E-77 4.868E-07.00120.00124691.59620.650.000151              6              5                    S 12q     352220 1 1 2 3 2 2    29.0   25.0
451 4273.964100 1.138E-75 3.018E-07.00120.00123831.67230.650.000157              6              5                    S 11q     352220 1 1 2 3 2 2    81.0   69.0
451 4278.653477 9.829E-86 2.586E-09.00430.00427046.29700.010.000028             10              8                    Q  2m     582220 3 3 2 3 2 2     5.0    5.0
451 4278.653500 2.269E-83 5.968E-07.00420.00427046.29700.430.000207             10              8                    Q  2q     352220 1 1 2 3 2 2     5.0    5.0
451 4279.465800 1.086E-68 1.611E-07.00410.00420074.41780.660.000265              6              4                    O 10q     352220 1 1 2 3 2 2    17.0   21.0
451 4283.420900 9.213E-86 3.529E-07.00430.00428458.81780.640.000313              7              5                    Q 16q     352220 1 1 2 3 2 2    33.0   33.0
451 4283.420919 1.748E-86 6.701E-08.00470.00528458.8178-.040.000035              7              5                    Q 16m     582220 3 3 2 3 2 2    33.0   33.0
451 4285.581400 1.565E-57 1.686E-10.00400.00413485.98970.670.000219              2              0                    O 16q     352220 1 1 2 3 2 2    29.0   33.0
451 4286.766300 5.823E-90 9.854E-10.00840.00829553.43320.660.000331              3              0                    O 27q     352220 1 1 2 3 2 2   153.0  165.0
451 4294.091200 2.559E-91 4.399E-11.00880.00929453.54360.660.000381              8              5                    O 17q     352220 1 1 2 3 2 2    93.0  105.0
451 4305.752989 1.157E-85 8.540E-10.00800.00826903.1170-.000.000023             10              8                    Q  1m     582220 3 3 2 3 2 2     9.0    9.0
451 4305.753000 1.165E-82 8.596E-07.00470.00526903.11700.570.000216             10              8                    Q  1q     352220 1 1 2 3 2 2     9.0    9.0
451 4315.511100 1.014E-61 2.037E-08.00410.00416631.91060.660.000242              4              2                    O 13q     352220 1 1 2 3 2 2    69.0   81.0
451 4326.797500 5.940E-89 2.851E-09.00860.00929273.58570.660.000348              4              1                    O 25q     352220 1 1 2 3 2 2   141.0  153.0
451 4327.389900 1.457E-71 3.623E-07.00410.00421542.11970.660.000266              7              5                    O  8q     352220 1 1 2 3 2 2    13.0   17.0
451 4328.691400 5.587E-75 6.655E-07.00410.00423209.75760.650.000268              8              6                    O  6q     352220 1 1 2 3 2 2     9.0   13.0
451 4340.402900 9.130E-91 9.140E-08.00470.00530643.34580.620.000329              3              1                    Q 26q     352220 1 1 2 3 2 2    53.0   53.0
451 4340.403066 3.040E-91 3.047E-08.00400.00430643.34580.020.000036              3              1                    Q 26m     582220 3 3 2 3 2 2    53.0   53.0
451 4342.034100 4.029E-89 1.874E-09.00880.00929205.04440.660.000376              7              4                    O 19q     352220 1 1 2 3 2 2   105.0  117.0
451 4351.728600 8.389E-63 1.050E-07.00150.00117190.39110.620.000195              5              4                    S  6q     352220 1 1 2 3 2 2    17.0   13.0
451 4352.280000 1.790E-88 4.482E-09.00870.00929118.97510.650.000368              5              2                    O 23q     352220 1 1 2 3 2 2   129.0  141.0
451 4359.114600 1.761E-88 4.333E-09.00870.00929094.64410.650.000385              6              3                    O 21q     352220 1 1 2 3 2 2   117.0  129.0
451 4370.677600 3.268E-84 1.853E-06.00170.00228102.16560.580.000236              5              4                    S 18q     352220 1 1 2 3 2 2    41.0   37.0
451 4370.757500 1.311E-88 2.662E-06.00180.00230296.13140.580.000239              4              3                    S 22q     352220 1 1 2 3 2 2    49.0   45.0
451 4372.454400 8.195E-44 5.604E-07.00230.002 8406.36090.660.000153              3              2                    S  2q     352220 1 1 2 3 2 2     9.0    5.0
451 4376.611000 1.055E-86 2.373E-07.00480.00529094.64410.600.000346              5              3                    Q 21q     352220 1 1 2 3 2 2   129.0  129.0
451 4376.611128 2.619E-87 5.895E-08.00350.00429094.6441-.040.000034              5              3                    Q 21m     582220 3 3 2 3 2 2   129.0  129.0
451 4383.223891 5.639E-84 2.572E-08.00500.00526927.5317-.080.000034              9              7                    Q  8m     582220 3 3 2 3 2 2    17.0   17.0
451 4383.223900 1.153E-82 5.256E-07.00420.00426927.53170.650.000278              9              7                    Q  8q     352220 1 1 2 3 2 2    17.0   17.0
451 4405.870600 2.740E-83 4.674E-07.00420.00427276.24810.650.000293              8              6                    Q 12q     352220 1 1 2 3 2 2    25.0   25.0
451 4405.870626 2.694E-84 4.597E-08.00490.00527276.2481-.060.000035              8              6                    Q 12m     582220 3 3 2 3 2 2    25.0   25.0
451 4406.557900 6.904E-92 3.705E-08.00460.00530997.52130.620.000330              2              0                    Q 28q     352220 1 1 2 3 2 2    57.0   57.0
451 4406.558141 2.231E-92 1.199E-08.00430.00430997.52130.020.000035              2              0                    Q 28m     582220 3 3 2 3 2 2    57.0   57.0
451 4411.575800 4.878E-53 3.994E-07.00140.00112778.81530.640.000166              4              3                    S  4q     352220 1 1 2 3 2 2    13.0    9.0
451 4412.552200 5.714E-91 3.013E-06.00180.00231685.72430.590.000240              3              2                    S 25q     352220 1 1 2 3 2 2   165.0  153.0
451 4417.344800 8.976E-64 7.877E-08.00420.00417833.76470.650.000258              5              3                    O 11q     352220 1 1 2 3 2 2    57.0   69.0
451 4417.520300 4.148E-58 4.665E-09.00400.00414399.22040.660.000229              3              1                    O 14q     352220 1 1 2 3 2 2    25.0   29.0
451 4437.100500 6.184E-78 1.398E-06.00530.00524752.46340.630.000197              9              7                    O  3q     352220 1 1 2 3 2 2     9.0   21.0
451 4442.398500 5.368E-64 4.218E-08.00150.00217808.71100.620.000199              5              4                    S  7q     352220 1 1 2 3 2 2    57.0   45.0
451 4446.668400 5.098E-85 3.316E-07.00430.00428102.16560.640.000322              6              4                    Q 18q     352220 1 1 2 3 2 2    37.0   37.0
451 4446.668485 9.236E-86 6.011E-08.00450.00428102.1656-.030.000035              6              4                    Q 18m     582220 3 3 2 3 2 2    37.0   37.0
451 4448.961400 8.644E-35 4.952E-07.00230.002 4273.74060.670.000145              2              1                    S  1q     352220 1 1 2 3 2 2    21.0    9.0
451 4457.924100 1.565E-81 1.589E-06.00170.00227008.44840.580.000239              5              4                    S 17q     352220 1 1 2 3 2 2   117.0  105.0
451 4460.123300 3.286E-83 4.147E-07.00430.00427479.51420.640.000308              7              5                    Q 15q     352220 1 1 2 3 2 2    93.0   93.0
451 4460.123306 4.384E-84 5.536E-08.00470.00527479.5142-.050.000034              7              5                    Q 15m     582220 3 3 2 3 2 2    93.0   93.0
451 4481.408100 7.290E-87 1.771E-07.00470.00529118.97510.610.000335              4              2                    Q 23q     352220 1 1 2 3 2 2   141.0  141.0
451 4481.408218 1.757E-87 4.272E-08.00390.00429118.9751-.060.000035              4              2                    Q 23m     582220 3 3 2 3 2 2   141.0  141.0
451 4483.766700 4.820E-81 5.787E-07.00410.00426370.30020.650.000279              9              7                    Q  7q     352220 1 1 2 3 2 2    45.0   45.0
451 4483.766732 1.605E-82 1.928E-08.00500.00526370.3002-.080.000034              9              7                    Q  7m     582220 3 3 2 3 2 2    45.0   45.0
451 4493.859900 4.247E-83 4.329E-07.00520.00526831.09060.520.000277             10              8                    S  0q     352220 1 1 2 3 2 2     5.0    1.0
451 4494.463500 1.889E-66 2.189E-07.00410.00419256.38140.660.000266              6              4                    O  9q     352220 1 1 2 3 2 2    45.0   57.0
451 4497.838500 1.079E-26 2.524E-07.00090.001    0.00000.630.000132              1              0                    S  0q     352220 1 1 2 3 2 2     5.0    1.0
451 4498.493000 1.500E-88 9.690E-09.00890.00928962.76890.660.000390              9              6                    O 14q     352220 1 1 2 3 2 2    25.0   29.0
451 4505.739100 1.141E-85 2.489E-06.00170.00229094.64410.590.000239              4              3                    S 21q     352220 1 1 2 3 2 2   141.0  129.0
451 4508.091500 6.499E-54 3.695E-10.00400.00412123.81910.670.000214              2              0                    O 15q     352220 1 1 2 3 2 2    81.0   93.0
451 4517.000800 8.113E-67 5.132E-09.00150.00218499.22170.620.000202              5              4                    S  8q     352220 1 1 2 3 2 2    21.0   17.0
451 4523.326100 1.552E-73 8.632E-07.00410.00422735.58600.640.000266              8              6                    O  5q     352220 1 1 2 3 2 2    21.0   33.0
451 4528.692800 7.453E-80 1.302E-06.00170.00225929.28680.590.000229              5              4                    S 16q     352220 1 1 2 3 2 2    37.0   33.0
451 4535.169200 1.036E-69 4.796E-07.00410.00420894.89090.660.000263              7              5                    O  7q     352220 1 1 2 3 2 2    33.0   45.0
451 4537.244200 8.360E-60 2.981E-08.00410.00415537.17360.660.000242              4              2                    O 12q     352220 1 1 2 3 2 2    21.0   25.0
451 4542.566100 5.979E-44 5.600E-07.00190.002 8722.70200.660.000157              3              2                    S  3q     352220 1 1 2 3 2 2    33.0   21.0
451 4543.442900 1.198E-53 3.198E-07.00140.00113265.26810.630.000179              4              3                    S  5q     352220 1 1 2 3 2 2    45.0   33.0
451 4546.579600 3.849E-81 5.296E-07.00420.00426480.52630.650.000286              8              6                    Q 11q     352220 1 1 2 3 2 2    69.0   69.0
451 4546.579677 2.682E-82 3.692E-08.00480.00526480.5263-.060.000034              8              6                    Q 11m     582220 3 3 2 3 2 2    69.0   69.0
451 4566.613800 2.186E-87 1.077E-07.00470.00529273.58570.620.000331              3              1                    Q 25q     352220 1 1 2 3 2 2   153.0  153.0
451 4566.614010 5.165E-88 2.548E-08.00400.00429273.5857-.000.000035              3              1                    Q 25m     582220 3 3 2 3 2 2   153.0  153.0
451 4571.699800 1.658E-80 6.280E-07.00410.00425869.50960.650.000273              9              7                    Q  6q     352220 1 1 2 3 2 2    13.0   13.0
451 4571.699844 3.692E-82 1.399E-08.00470.00525869.5096-.090.000033              9              7                    Q  6m     582220 3 3 2 3 2 2    13.0   13.0
451 4575.290900 6.976E-68 5.465E-09.00150.00219256.38140.610.000207              5              4                    S  9q     352220 1 1 2 3 2 2    69.0   57.0
451 4575.722900 8.220E-89 2.914E-06.00180.00230408.02580.590.000242              3              2                    S 24q     352220 1 1 2 3 2 2    53.0   49.0
451 4580.342900 2.581E-87 1.291E-09.00850.00828093.69870.660.000335              3              0                    O 26q     352220 1 1 2 3 2 2    49.0   53.0
451 4581.434400 1.249E-84 2.794E-07.00460.00527891.40880.610.000335              5              3                    Q 20q     352220 1 1 2 3 2 2    41.0   41.0
451 4581.434540 2.203E-85 4.932E-08.00360.00427891.4088-.040.000035              5              3                    Q 20m     582220 3 3 2 3 2 2    41.0   41.0
451 4583.383900 2.767E-77 1.013E-06.00170.00224870.15970.590.000225              5              4                    S 15q     352220 1 1 2 3 2 2   105.0   93.0
451 4590.420900 5.154E-90 2.580E-11.00890.00928458.81780.660.000384              8              5                    O 16q     352220 1 1 2 3 2 2    29.0   33.0
451 4593.782400 1.452E-82 5.227E-07.00560.00626903.11700.590.000285             10              8                    S  1q     352220 1 1 2 3 2 2    21.0    9.0
451 4602.536900 3.720E-78 2.649E-06.00390.00424521.50350.590.000178              9              7                    O  2q     352220 1 1 2 3 2 2     1.0    5.0
451 4617.178400 4.426E-69 5.196E-08.00160.00220074.41780.610.000211              5              4                    S 10q     352220 1 1 2 3 2 2    25.0   21.0
451 4622.164200 9.501E-76 7.410E-07.00170.00223836.65360.590.000222              5              4                    S 14q     352220 1 1 2 3 2 2    33.0   29.0
451 4622.694100 1.817E-86 3.786E-09.00850.00827892.30000.660.000348              4              1                    O 24q     352220 1 1 2 3 2 2    45.0   49.0
451 4623.585300 1.082E-83 2.246E-06.00170.00227891.40880.590.000235              4              3                    S 20q     352220 1 1 2 3 2 2    45.0   41.0
451 4624.752100 1.151E-81 4.754E-07.00420.00426521.35700.650.000303              7              5                    Q 14q     352220 1 1 2 3 2 2    29.0   29.0
451 4624.752256 1.101E-82 4.550E-08.00470.00526521.3570-.050.000034              7              5                    Q 14m     582220 3 3 2 3 2 2    29.0   29.0
451 4625.326000 3.320E-87 6.782E-08.00900.00928884.04040.660.000399             10              7                    O 11q     352220 1 1 2 3 2 2    57.0   69.0
451 4632.435200 3.149E-82 3.847E-07.00430.00427008.44840.640.000318              6              4                    Q 17q     352220 1 1 2 3 2 2   105.0  105.0
451 4632.435326 4.092E-83 5.002E-08.00440.00427008.4484-.030.000034              6              4                    Q 17m     582220 3 3 2 3 2 2   105.0  105.0
451 4635.251300 2.346E-88 4.304E-08.00460.00529553.43320.630.000327              2              0                    Q 27q     352220 1 1 2 3 2 2   165.0  165.0
451 4635.251491 5.457E-89 1.003E-08.00430.00429553.4332-.010.000035              2              0                    Q 27m     582220 3 3 2 3 2 2   165.0  165.0
451 4638.061500 3.118E-62 1.102E-07.00410.00416904.05820.650.000259              5              3                    O 10q     352220 1 1 2 3 2 2    17.0   21.0
451 4640.073100 3.425E-87 2.720E-09.00880.00928102.16560.660.000378              7              4                    O 18q     352220 1 1 2 3 2 2    33.0   37.0
451 4642.059100 1.287E-35 5.567E-07.00230.002 4497.83850.670.000139              2              1                    S  2q     352220 1 1 2 3 2 2     9.0    5.0
451 4642.612200 5.871E-55 7.443E-09.00400.00413191.15250.660.000230              3              1                    O 13q     352220 1 1 2 3 2 2    69.0   81.0
451 4642.690100 5.870E-70 1.498E-07.00160.00220947.42170.610.000215              5              4                    S 11q     352220 1 1 2 3 2 2    81.0   69.0
451 4645.042800 2.332E-73 4.995E-07.00160.00222834.47140.600.000220              5              4                    S 13q     352220 1 1 2 3 2 2    93.0   81.0
451 4647.107300 3.700E-79 6.739E-07.00410.00425430.06010.630.000266              9              7                    Q  5q     352220 1 1 2 3 2 2    33.0   33.0
451 4647.107329 5.330E-81 9.712E-09.00430.00425430.0601-.100.000033              9              7                    Q  5m     582220 3 3 2 3 2 2    33.0   33.0
451 4649.799200 3.658E-86 6.045E-09.00870.00927823.04400.650.000368              5              2                    O 22q     352220 1 1 2 3 2 2    41.0   45.0
451 4651.930800 4.745E-72 3.000E-07.00160.00221869.42620.600.000214              5              4                    S 12q     352220 1 1 2 3 2 2    29.0   25.0
451 4657.425200 2.332E-86 5.973E-09.00870.00927891.40880.650.000384              6              3                    O 20q     352220 1 1 2 3 2 2    37.0   41.0
451 4660.108400 1.881E-55 2.275E-07.00140.00113839.11330.630.000177              4              3                    S  6q     352220 1 1 2 3 2 2    17.0   13.0
451 4675.349600 4.863E-80 5.890E-07.00410.00425724.35880.650.000286              8              6                    Q 10q     352220 1 1 2 3 2 2    21.0   21.0
451 4675.349710 2.418E-81 2.930E-08.00480.00525724.3588-.060.000034              8              6                    Q 10m     582220 3 3 2 3 2 2    21.0   21.0
451 4675.872100 2.943E-83 5.136E-07.00590.00627046.29700.620.000296             10              8                    S  2q     352220 1 1 2 3 2 2     9.0    5.0
451 4691.950100 1.343E-84 2.059E-07.00470.00527823.04400.620.000327              4              2                    Q 22q     352220 1 1 2 3 2 2    45.0   45.0
451 4691.950203 2.337E-85 3.586E-08.00380.00427823.0440-.010.000035              4              2                    Q 22m     582220 3 3 2 3 2 2    45.0   45.0
451 4699.215700 2.689E-45 5.199E-07.00140.001 9139.89760.640.000156              3              2                    S  4q     352220 1 1 2 3 2 2    13.0    9.0
451 4710.012200 6.435E-79 7.180E-07.00410.00425056.40700.610.000256              9              7                    Q  4q     352220 1 1 2 3 2 2     9.0    9.0
451 4710.012298 5.661E-81 6.319E-09.00400.00425056.4070-.100.000032              9              7                    Q  4m     582220 3 3 2 3 2 2     9.0    9.0
451 4710.535900 2.665E-65 2.961E-07.00410.00418499.22170.660.000266              6              4                    O  8q     352220 1 1 2 3 2 2    13.0   17.0
451 4712.904600 3.189E-26 3.468E-07.00230.002  118.48690.670.000132              1              0                    S  1q     352220 1 1 2 3 2 2    21.0    9.0
451 4713.441200 3.160E-73 1.132E-06.00430.00422332.85580.620.000243              8              6                    O  4q     352220 1 1 2 3 2 2     5.0    9.0
451 4721.224400 1.098E-85 2.728E-06.00170.00229118.97510.590.000233              3              2                    S 23q     352220 1 1 2 3 2 2   153.0  141.0
451 4725.517200 8.831E-81 1.956E-06.00170.00226691.35840.600.000228              4              3                    S 19q     352220 1 1 2 3 2 2   129.0  117.0
451 4736.161500 2.310E-51 7.574E-10.00400.00410801.01210.670.000214              2              0                    O 14q     352220 1 1 2 3 2 2    25.0   29.0
451 4738.540900 3.263E-83 4.483E-07.00460.00527258.91210.620.000305             10              8                    S  3q     352220 1 1 2 3 2 2    33.0   21.0
451 4741.580700 5.703E-69 6.310E-07.00410.00420314.82630.650.000268              7              5                    O  6q     352220 1 1 2 3 2 2     9.0   13.0
451 4760.400500 6.876E-78 7.665E-07.00520.00524752.46340.570.000240              9              7                    Q  3q     352220 1 1 2 3 2 2    21.0   21.0
451 4760.400507 3.333E-80 3.718E-09.00450.00524752.4634-.060.000030              9              7                    Q  3m     582220 3 3 2 3 2 2    21.0   21.0
451 4760.733400 2.486E-89 2.784E-06.00180.00230643.34580.590.000234              2              1                    S 26q     352220 1 1 2 3 2 2    57.0   53.0
451 4760.938300 1.489E-56 1.362E-07.00150.00114495.44310.630.000181              4              3                    S  7q     352220 1 1 2 3 2 2    57.0   45.0
451 4762.843000 4.809E-57 4.361E-08.00410.00414493.53840.660.000243              4              2                    O 11q     352220 1 1 2 3 2 2    57.0   69.0
451 4775.014100 1.286E-81 3.207E-07.00470.00526691.35840.610.000337              5              3                    Q 19q     352220 1 1 2 3 2 2   117.0  117.0
451 4775.014249 1.655E-82 4.131E-08.00350.00426691.3584-.030.000034              5              3                    Q 19m     582220 3 3 2 3 2 2   117.0  117.0
451 4778.049800 3.126E-79 5.338E-07.00420.00425590.11180.650.000298              7              5                    Q 13q     352220 1 1 2 3 2 2    81.0   81.0
451 4778.049941 2.176E-80 3.719E-08.00460.00525590.1118-.050.000034              7              5                    Q 13m     582220 3 3 2 3 2 2    81.0   81.0
451 4780.298100 2.530E-84 3.495E-07.00460.00527538.44900.630.000308             10              8                    S  4q     352220 1 1 2 3 2 2    13.0    9.0
451 4781.741600 6.046E-85 1.238E-07.00460.00527892.30000.620.000321              3              1                    Q 24q     352220 1 1 2 3 2 2    49.0   49.0
451 4781.741835 1.046E-85 2.145E-08.00400.00427892.3000-.020.000035              3              1                    Q 24m     582220 3 3 2 3 2 2    49.0   49.0
451 4781.888800 3.267E-86 1.340E-08.00900.00928105.63640.660.000393              9              6                    O 13q     352220 1 1 2 3 2 2    69.0   81.0
451 4792.468200 4.354E-78 6.448E-07.00410.00425013.57150.650.000284              8              6                    Q  9q     352220 1 1 2 3 2 2    57.0   57.0
451 4792.468355 1.547E-79 2.292E-08.00480.00525013.5715-.060.000033              8              6                    Q  9m     582220 3 3 2 3 2 2    57.0   57.0
451 4795.518700 3.263E-86 1.305E-07.00470.00528284.69500.620.000328             10              8                    S  6q     352220 1 1 2 3 2 2    17.0   13.0
451 4798.239000 5.459E-78 8.450E-07.00420.00424521.50350.430.000207              9              7                    Q  2q     352220 1 1 2 3 2 2     5.0    5.0
451 4798.239046 1.182E-80 1.831E-09.00400.00424521.50350.010.000027              9              7                    Q  2m     582220 3 3 2 3 2 2     5.0    5.0
451 4799.740700 1.111E-84 2.370E-07.00470.00527881.66970.630.000330             10              8                    S  5q     352220 1 1 2 3 2 2    45.0   33.0
451 4807.139400 1.979E-80 4.366E-07.00430.00425929.28680.640.000313              6              4                    Q 16q     352220 1 1 2 3 2 2    33.0   33.0
451 4807.139501 1.882E-81 4.156E-08.00440.00425929.2868-.040.000034              6              4                    Q 16m     582220 3 3 2 3 2 2    33.0   33.0
451 4812.245800 7.450E-79 1.641E-06.00170.00225499.49000.600.000224              4              3                    S 18q     352220 1 1 2 3 2 2    41.0   37.0
451 4822.805700 8.910E-36 5.741E-07.00190.002 4831.39150.660.000143              2              1                    S  3q     352220 1 1 2 3 2 2    33.0   21.0
451 4823.490700 2.953E-77 1.206E-06.00470.00524366.07320.570.000216              9              7                    Q  1q     352220 1 1 2 3 2 2     9.0    9.0
451 4823.490824 1.480E-80 6.044E-10.00710.00724366.07320.010.000023              9              7                    Q  1m     582220 3 3 2 3 2 2     9.0    9.0
451 4841.245900 6.213E-46 4.486E-07.00140.001 9654.19720.640.000169              3              2                    S  5q     352220 1 1 2 3 2 2    45.0   33.0
451 4845.528500 6.568E-59 5.969E-08.00150.00115228.88930.630.000190              4              3                    S  8q     352220 1 1 2 3 2 2    21.0   17.0
451 4850.997600 1.647E-83 2.479E-06.00170.00227823.04400.600.000234              3              2                    S 22q     352220 1 1 2 3 2 2    49.0   45.0
451 4853.826000 9.417E-86 4.889E-08.00460.00528093.69870.630.000323              2              0                    Q 26q     352220 1 1 2 3 2 2    53.0   53.0
451 4853.826264 1.628E-86 8.464E-09.00420.00428093.69870.000.000035              2              0                    Q 26m     582220 3 3 2 3 2 2    53.0   53.0
451 4861.149200 7.199E-60 1.537E-07.00420.00416033.74170.650.000262              5              3                    O  9q     352220 1 1 2 3 2 2    45.0   57.0
451 4869.092100 1.057E-83 1.622E-09.00840.00826621.84590.660.000336              3              0                    O 25q     352220 1 1 2 3 2 2   141.0  153.0
451 4872.449100 7.209E-53 1.180E-08.00410.00412031.60910.660.000231              3              1                    O 12q     352220 1 1 2 3 2 2    21.0   25.0
451 4878.868300 3.477E-87 6.029E-11.00890.00927479.51420.660.000387              8              5                    O 15q     352220 1 1 2 3 2 2    81.0   93.0
451 4884.133900 5.105E-76 1.320E-06.00170.00224320.91050.600.000225              4              3                    S 17q     352220 1 1 2 3 2 2   117.0  105.0
451 4890.183100 3.579E-86 9.392E-08.00910.00928190.03060.660.000403             10              7                    O 10q     352220 1 1 2 3 2 2    17.0   21.0
451 4892.159000 2.215E-81 2.339E-07.00470.00526524.71660.620.000326              4              2                    Q 21q     352220 1 1 2 3 2 2   129.0  129.0
451 4892.159202 2.858E-82 3.022E-08.00380.00426524.7166-.010.000033              4              2                    Q 21m     582220 3 3 2 3 2 2   129.0  129.0
451 4897.566800 3.579E-72 1.566E-06.00530.00522005.55020.630.000197              8              6                    O  3q     352220 1 1 2 3 2 2     9.0   21.0
451 4898.084800 3.317E-77 6.968E-07.00420.00424353.88360.650.000278              8              6                    Q  8q     352220 1 1 2 3 2 2    17.0   17.0
451 4898.084961 8.378E-79 1.761E-08.00480.00524353.8836-.070.000033              8              6                    Q  8m     582220 3 3 2 3 2 2    17.0   17.0
451 4913.373200 4.980E-83 4.786E-09.00850.00926503.50240.650.000347              4              1                    O 23q     352220 1 1 2 3 2 2   129.0  141.0
451 4913.680000 7.842E-61 1.115E-08.00150.00116033.74170.620.000188              4              3                    S  9q     352220 1 1 2 3 2 2    69.0   57.0
451 4915.098800 4.921E-86 2.605E-06.00180.00229273.58570.600.000237              2              1                    S 25q     352220 1 1 2 3 2 2   165.0  153.0
451 4917.006200 4.577E-27 3.979E-07.00220.002  354.37320.670.000140              1              0                    S  2q     352220 1 1 2 3 2 2     9.0    5.0
451 4920.494200 7.923E-78 5.897E-07.00420.00424691.59620.650.000293              7              5                    Q 12q     352220 1 1 2 3 2 2    25.0   25.0
451 4920.494320 4.055E-79 3.020E-08.00460.00524691.5962-.050.000034              7              5                    Q 12m     582220 3 3 2 3 2 2    25.0   25.0
451 4926.875000 2.386E-63 3.983E-07.00410.00417808.71100.660.000263              6              4                    O  7q     352220 1 1 2 3 2 2    33.0   45.0
451 4928.324500 3.140E-90 1.970E-06.00180.00230997.52130.600.000227              1              0                    S 28q     352220 1 1 2 3 2 2    61.0   57.0
451 4931.189100 2.167E-84 3.387E-09.00880.00927008.44840.660.000381              7              4                    O 17q     352220 1 1 2 3 2 2    93.0  105.0
451 4941.297400 3.392E-74 1.010E-06.00170.00223160.86820.600.000215              4              3                    S 16q     352220 1 1 2 3 2 2    37.0   33.0
451 4941.655900 6.456E-83 7.671E-09.00860.00926524.71660.650.000367              5              2                    O 21q     352220 1 1 2 3 2 2   117.0  129.0
451 4945.467900 1.898E-67 8.295E-07.00410.00419806.99550.640.000266              7              5                    O  5q     352220 1 1 2 3 2 2    21.0   33.0
451 4949.525200 2.538E-83 7.578E-09.00880.00926691.35840.650.000384              6              3                    O 19q     352220 1 1 2 3 2 2   105.0  117.0
451 4958.489600 1.392E-79 3.608E-07.00470.00525499.49000.610.000332              5              3                    Q 18q     352220 1 1 2 3 2 2    37.0   37.0
451 4958.489743 1.336E-80 3.465E-08.00350.00425499.4900-.030.000034              5              3                    Q 18m     582220 3 3 2 3 2 2    37.0   37.0
451 4965.368000 7.043E-64 1.941E-09.00150.00216904.05820.620.000192              4              3                    S 10q     352220 1 1 2 3 2 2    25.0   21.0
451 4966.221400 2.195E-80 2.186E-06.00170.00226524.71660.600.000225              3              2                    S 21q     352220 1 1 2 3 2 2   141.0  129.0
451 4967.760800 9.260E-48 3.561E-07.00140.00110261.12850.640.000166              3              2                    S  6q     352220 1 1 2 3 2 2    17.0   13.0
451 4969.746800 5.557E-48 1.463E-09.00400.004 9523.79160.670.000220              2              0                    O 13q     352220 1 1 2 3 2 2    69.0   81.0
451 4971.536400 1.000E-77 4.865E-07.00430.00424870.15970.640.000308              6              4                    Q 15q     352220 1 1 2 3 2 2    93.0   93.0
451 4971.536641 7.076E-79 3.445E-08.00440.00424870.1597-.040.000033              6              4                    Q 15m     582220 3 3 2 3 2 2    93.0   93.0
451 4983.676800 1.701E-71 7.255E-07.00160.00222024.77160.610.000218              4              3                    S 15q     352220 1 1 2 3 2 2   105.0   93.0
451 4987.435600 1.539E-81 1.394E-07.00460.00526503.50240.620.000323              3              1                    Q 23q     352220 1 1 2 3 2 2   141.0  141.0
451 4987.435838 2.004E-82 1.818E-08.00400.00426503.5024-.010.000034              3              1                    Q 23m     582220 3 3 2 3 2 2   141.0  141.0
451 4989.749100 3.731E-37 5.544E-07.00130.001 5271.37940.650.000148              2              1                    S  4q     352220 1 1 2 3 2 2    13.0    9.0
451 4991.940100 2.296E-55 6.350E-08.00410.00413507.28160.660.000245              4              2                    O 10q     352220 1 1 2 3 2 2    17.0   21.0
451 4992.248400 1.694E-75 7.448E-07.00410.00423750.84490.650.000279              8              6                    Q  7q     352220 1 1 2 3 2 2    45.0   45.0
451 4992.248529 3.003E-77 1.321E-08.00470.00523750.8449-.070.000033              8              6                    Q  7m     582220 3 3 2 3 2 2    45.0   45.0
451 5000.706700 5.138E-64 4.066E-08.00150.00217833.76470.620.000201              4              3                    S 11q     352220 1 1 2 3 2 2    81.0   69.0
451 5011.088700 7.565E-70 4.789E-07.00160.00220918.19810.610.000214              4              3                    S 14q     352220 1 1 2 3 2 2    33.0   29.0
451 5019.912900 5.008E-66 1.326E-07.00160.00218816.74070.610.000206              4              3                    S 12q     352220 1 1 2 3 2 2    29.0   25.0
451 5023.269500 2.260E-67 2.793E-07.00160.00219846.89020.610.000210              4              3                    S 13q     352220 1 1 2 3 2 2    93.0   81.0
451 5031.827200 1.173E-77 6.416E-07.00520.00524287.91530.520.000277              9              7                    S  0q     352220 1 1 2 3 2 2     5.0    1.0
451 5052.368100 1.477E-75 6.425E-07.00420.00423831.67230.650.000286              7              5                    Q 11q     352220 1 1 2 3 2 2    69.0   69.0
451 5052.368241 5.586E-77 2.431E-08.00460.00523831.6723-.050.000033              7              5                    Q 11m     582220 3 3 2 3 2 2    69.0   69.0
451 5055.224700 1.124E-83 2.378E-06.00170.00227892.30000.600.000226              2              1                    S 24q     352220 1 1 2 3 2 2    53.0   49.0
451 5057.261400 7.354E-85 1.968E-08.00890.00927276.24810.660.000396              9              6                    O 12q     352220 1 1 2 3 2 2    21.0   25.0
451 5063.878400 3.569E-82 5.460E-08.00460.00526621.84590.630.000319              2              0                    Q 25q     352220 1 1 2 3 2 2   153.0  153.0
451 5063.878631 4.705E-83 7.208E-09.00430.00426621.8459-.010.000034              2              0                    Q 25m     582220 3 3 2 3 2 2   153.0  153.0
451 5067.579200 3.133E-78 1.869E-06.00170.00225228.55220.600.000226              3              2                    S 20q     352220 1 1 2 3 2 2    45.0   41.0
451 5074.083700 2.392E-72 3.022E-06.00390.00421757.00690.590.000178              8              6                    O  2q     352220 1 1 2 3 2 2     1.0    5.0
451 5074.937400 6.957E-75 7.886E-07.00410.00423209.75760.650.000273              8              6                    Q  6q     352220 1 1 2 3 2 2    13.0   13.0
451 5074.937476 8.462E-77 9.598E-09.00440.00423209.7576-.080.000032              8              6                    Q  6m     582220 3 3 2 3 2 2    13.0   13.0
451 5078.124000 7.249E-49 2.541E-07.00140.00110955.61770.640.000170              3              2                    S  7q     352220 1 1 2 3 2 2    57.0   45.0
451 5083.183600 3.966E-79 2.612E-07.00460.00525228.55220.620.000321              4              2                    Q 20q     352220 1 1 2 3 2 2    41.0   41.0
451 5083.183876 3.876E-80 2.556E-08.00370.00425228.5522-.020.000034              4              2                    Q 20m     582220 3 3 2 3 2 2    41.0   41.0
451 5085.937000 1.316E-58 2.128E-07.00420.00415228.88930.650.000262              5              3                    O  8q     352220 1 1 2 3 2 2    13.0   17.0
451 5089.773500 8.914E-87 1.838E-06.00180.00229553.43320.600.000223              1              0                    S 27q     352220 1 1 2 3 2 2   177.0  165.0
451 5095.406900 4.951E-86 4.221E-07.00910.00928284.69500.650.000414             11              8                    O  6q     352220 1 1 2 3 2 2     9.0   13.0
451 5106.768800 5.992E-50 1.848E-08.00410.00410926.97290.660.000231              3              1                    O 11q     352220 1 1 2 3 2 2    57.0   69.0
451 5108.402800 2.980E-27 4.203E-07.00180.002  705.51890.670.000143              1              0                    S  3q     352220 1 1 2 3 2 2    33.0   21.0
451 5126.115300 4.895E-76 5.343E-07.00420.00423836.65360.650.000303              6              4                    Q 14q     352220 1 1 2 3 2 2    29.0   29.0
451 5126.115482 2.607E-77 2.848E-08.00440.00423836.6536-.040.000032              6              4                    Q 14m     582220 3 3 2 3 2 2    29.0   29.0
451 5132.633100 1.255E-76 3.993E-07.00470.00524320.91050.610.000324              5              3                    Q 17q     352220 1 1 2 3 2 2   105.0  105.0
451 5132.633235 9.130E-78 2.907E-08.00350.00324320.9105-.040.000033              5              3                    Q 17m     582220 3 3 2 3 2 2   105.0  105.0
451 5141.696000 7.907E-38 5.036E-07.00140.001 5813.92170.650.000153              2              1                    S  5q     352220 1 1 2 3 2 2    45.0   33.0
451 5142.464700 1.614E-62 5.330E-07.00410.00417190.39110.650.000268              6              4                    O  6q     352220 1 1 2 3 2 2     9.0   13.0
451 5145.460000 2.874E-84 1.313E-07.00910.00927535.95040.650.000408             10              7                    O  9q     352220 1 1 2 3 2 2    45.0   57.0
451 5145.475000 4.509E-67 1.103E-06.00430.00419376.02850.620.000243              7              5                    O  4q     352220 1 1 2 3 2 2     5.0    9.0
451 5146.083700 1.811E-73 8.296E-07.00410.00422735.58600.630.000266              8              6                    Q  5q     352220 1 1 2 3 2 2    33.0   33.0
451 5146.083831 1.455E-75 6.672E-09.00410.00422735.5860-.100.000032              8              6                    Q  5m     582220 3 3 2 3 2 2    33.0   33.0
451 5146.790700 4.093E-77 8.154E-07.00560.00624366.07320.590.000285              9              7                    S  1q     352220 1 1 2 3 2 2    21.0    9.0
451 5154.635300 4.881E-81 1.973E-09.00840.00825141.49610.660.000336              3              0                    O 24q     352220 1 1 2 3 2 2    45.0   49.0
451 5155.410700 3.774E-75 1.542E-06.00170.00223939.23340.600.000222              3              2                    S 19q     352220 1 1 2 3 2 2   129.0  117.0
451 5160.761700 4.133E-85 2.466E-10.00890.00926521.35700.660.000390              8              5                    O 14q     352220 1 1 2 3 2 2    25.0   29.0
451 5163.552200 1.172E-87 2.100E-08.00500.00528884.04040.610.000361              9              7                    S 11q     352220 1 1 2 3 2 2    81.0   69.0
451 5171.943400 3.610E-51 1.552E-07.00140.00111732.11480.630.000180              3              2                    S  8q     352220 1 1 2 3 2 2    21.0   17.0
451 5173.808100 2.429E-74 6.915E-07.00410.00423016.22250.650.000286              7              5                    Q 10q     352220 1 1 2 3 2 2    21.0   21.0
451 5173.808244 6.800E-76 1.937E-08.00460.00523016.2225-.080.000033              7              5                    Q 10m     582220 3 3 2 3 2 2    21.0   21.0
451 5182.221900 2.349E-80 2.117E-06.00170.00226503.50240.600.000223              2              1                    S 23q     352220 1 1 2 3 2 2   153.0  141.0
451 5184.840900 4.379E-79 1.546E-07.00460.00525111.29050.620.000319              3              1                    Q 22q     352220 1 1 2 3 2 2    45.0   45.0
451 5184.841169 4.383E-80 1.549E-08.00400.00425111.2905-.010.000034              3              1                    Q 22m     582220 3 3 2 3 2 2    45.0   45.0
451 5200.445300 1.492E-80 5.817E-09.00860.00925111.29050.650.000346              4              1                    O 22q     352220 1 1 2 3 2 2    41.0   45.0
451 5205.593200 3.586E-73 8.703E-07.00410.00422332.85580.610.000256              8              6                    Q  4q     352220 1 1 2 3 2 2     9.0    9.0
451 5205.593295 1.790E-75 4.348E-09.00370.00422332.8558-.090.000031              8              6                    Q  4m     582220 3 3 2 3 2 2     9.0    9.0
451 5208.680200 1.090E-45 2.685E-09.00400.004 8298.60140.670.000214              2              0                    O 12q     352220 1 1 2 3 2 2    21.0   25.0
451 5216.822300 1.248E-82 3.690E-09.00890.00925929.28680.660.000384              7              4                    O 16q     352220 1 1 2 3 2 2    29.0   33.0
451 5223.994800 7.105E-53 9.173E-08.00410.00412584.71620.660.000240              4              2                    O  9q     352220 1 1 2 3 2 2    45.0   57.0
451 5229.427400 1.199E-80 9.261E-09.00880.00925228.55220.640.000367              5              2                    O 20q     352220 1 1 2 3 2 2    37.0   41.0
451 5229.806900 4.599E-73 1.222E-06.00160.00222661.60190.610.000218              3              2                    S 18q     352220 1 1 2 3 2 2    41.0   37.0
451 5236.936200 2.765E-81 8.962E-09.00880.00925499.49000.650.000383              6              3                    O 18q     352220 1 1 2 3 2 2    33.0   37.0
451 5238.580900 2.991E-84 1.682E-06.00170.00228093.69870.600.000219              1              0                    S 26q     352220 1 1 2 3 2 2    57.0   53.0
451 5244.915700 8.335E-78 8.565E-07.00590.00624521.50350.620.000296              9              7                    S  2q     352220 1 1 2 3 2 2     9.0    5.0
451 5249.048500 8.503E-53 7.229E-08.00150.00112584.71620.630.000184              3              2                    S  9q     352220 1 1 2 3 2 2    69.0   57.0
451 5253.361900 4.255E-72 9.183E-07.00520.00522005.55020.570.000240              8              6                    Q  3q     352220 1 1 2 3 2 2    21.0   21.0
451 5253.361988 1.186E-74 2.562E-09.00420.00422005.5502-.070.000028              8              6                    Q  3m     582220 3 3 2 3 2 2    21.0   21.0
451 5265.811000 6.116E-76 2.875E-07.00460.00523939.23340.620.000320              4              2                    Q 19q     352220 1 1 2 3 2 2   117.0  117.0
451 5265.811166 4.607E-77 2.168E-08.00380.00423939.2334-.020.000033              4              2                    Q 19m     582220 3 3 2 3 2 2   117.0  117.0
451 5266.529700 1.552E-79 6.013E-08.00460.00525141.49610.630.000315              2              0                    Q 24q     352220 1 1 2 3 2 2    49.0   49.0
451 5266.529898 1.595E-80 6.187E-09.00420.00425141.49610.000.000034              2              0                    Q 24m     582220 3 3 2 3 2 2    49.0   49.0
451 5271.165000 1.830E-73 5.795E-07.00420.00422834.47140.650.000298              6              4                    Q 13q     352220 1 1 2 3 2 2    81.0   81.0
451 5271.165123 7.396E-75 2.344E-08.00440.00422834.4714-.040.000033              6              4                    Q 13m     582220 3 3 2 3 2 2    81.0   81.0
451 5271.231300 4.237E-88 8.785E-10.00480.00528190.03060.610.000362              9              7                    S 10q     352220 1 1 2 3 2 2    25.0   21.0
451 5277.726100 1.073E-39 4.287E-07.00140.001 6454.38870.650.000164              2              1                    S  6q     352220 1 1 2 3 2 2    17.0   13.0
451 5284.840900 2.776E-72 7.369E-07.00410.00422251.10950.650.000284              7              5                    Q  9q     352220 1 1 2 3 2 2    57.0   57.0
451 5284.841022 5.730E-74 1.522E-08.00450.00522251.1095-.060.000032              7              5                    Q  9m     582220 3 3 2 3 2 2    57.0   57.0
451 5285.591200 1.149E-28 4.187E-07.00130.001 1168.79750.650.000141              1              0                    S  4q     352220 1 1 2 3 2 2    13.0    9.0
451 5289.290100 3.656E-72 1.004E-06.00420.00421757.00690.430.000207              8              6                    Q  2q     352220 1 1 2 3 2 2     5.0    5.0
451 5289.290243 4.599E-75 1.263E-09.00360.00421757.00690.000.000027              8              6                    Q  2m     582220 3 3 2 3 2 2     5.0    5.0
451 5290.673900 4.439E-70 9.219E-07.00160.00221400.68450.610.000214              3              2                    S 17q     352220 1 1 2 3 2 2   117.0  105.0
451 5296.735300 5.426E-78 1.836E-06.00170.00225111.29050.600.000226              2              1                    S 22q     352220 1 1 2 3 2 2    49.0   45.0
451 5297.949600 1.137E-74 4.363E-07.00460.00523160.86820.610.000322              5              3                    Q 16q     352220 1 1 2 3 2 2    33.0   33.0
451 5297.949804 6.351E-76 2.439E-08.00350.00323160.8682-.030.000033              5              3                    Q 16m     582220 3 3 2 3 2 2    33.0   33.0
451 5304.810500 1.011E-84 5.646E-07.00900.00927881.66970.630.000404             11              8                    O  5q     352220 1 1 2 3 2 2    21.0   33.0
451 5309.459100 8.112E-56 1.726E-08.00150.00113507.28160.630.000181              3              2                    S 10q     352220 1 1 2 3 2 2    25.0   21.0
451 5311.552400 1.489E-56 2.928E-07.00420.00414495.44310.650.000260              5              3                    O  7q     352220 1 1 2 3 2 2    33.0   45.0
451 5313.293500 2.085E-71 1.424E-06.00470.00521589.82350.570.000216              8              6                    Q  1q     352220 1 1 2 3 2 2     9.0    9.0
451 5313.293630 6.107E-75 4.173E-10.00630.00621589.8235-.000.000023              8              6                    Q  1m     582220 3 3 2 3 2 2     9.0    9.0
451 5324.704000 9.197E-78 8.163E-07.00460.00524752.46340.620.000305              9              7                    S  3q     352220 1 1 2 3 2 2    33.0   21.0
451 5325.320400 1.312E-82 2.998E-08.00900.00926480.52630.660.000399              9              6                    O 11q     352220 1 1 2 3 2 2    57.0   69.0
451 5337.779100 4.025E-68 6.522E-07.00160.00220161.71090.610.000205              3              2                    S 16q     352220 1 1 2 3 2 2    37.0   33.0
451 5340.068900 5.808E-66 1.551E-06.00530.00519026.00430.630.000197              7              5                    O  3q     352220 1 1 2 3 2 2     9.0   21.0
451 5345.151800 4.012E-48 2.853E-08.00410.004 9883.73750.660.000233              3              1                    O 10q     352220 1 1 2 3 2 2    17.0   21.0
451 5351.574800 1.267E-84 4.082E-08.00490.00527535.95040.610.000348              9              7                    S  9q     352220 1 1 2 3 2 2    69.0   57.0
451 5353.351800 3.126E-59 2.520E-10.00150.00214493.53840.630.000191              3              2                    S 11q     352220 1 1 2 3 2 2    81.0   69.0
451 5356.081400 6.433E-61 7.124E-07.00410.00416649.46880.640.000266              6              4                    O  5q     352220 1 1 2 3 2 2    21.0   33.0
451 5370.788300 2.640E-65 4.226E-07.00160.00218950.12220.620.000207              3              2                    S 15q     352220 1 1 2 3 2 2   105.0   93.0
451 5374.752100 1.106E-75 1.691E-07.00450.00523719.89200.630.000315              3              1                    Q 21q     352220 1 1 2 3 2 2   129.0  129.0
451 5374.752375 8.668E-77 1.327E-08.00390.00423719.8920-.020.000033              3              1                    Q 21m     582220 3 3 2 3 2 2   129.0  129.0
451 5375.745300 9.432E-81 1.508E-06.00170.00226621.84590.600.000216              1              0                    S 25q     352220 1 1 2 3 2 2   165.0  153.0
451 5381.024500 7.978E-60 2.897E-08.00150.00215537.17360.620.000195              3              2                    S 12q     352220 1 1 2 3 2 2    29.0   25.0
451 5384.802400 7.110E-79 7.178E-07.00460.00525056.40700.630.000308              9              7                    S  4q     352220 1 1 2 3 2 2    13.0    9.0
451 5385.412000 2.644E-71 7.787E-07.00420.00421542.11970.650.000278              7              5                    Q  8q     352220 1 1 2 3 2 2    17.0   17.0
451 5385.412103 3.986E-73 1.175E-08.00450.00521542.1197-.060.000032              7              5                    Q  8m     582220 3 3 2 3 2 2    17.0   17.0
451 5389.297100 1.438E-63 2.398E-07.00160.00217771.57110.620.000203              3              2                    S 14q     352220 1 1 2 3 2 2    33.0   29.0
451 5391.215400 2.041E-83 1.841E-07.00910.00926927.53170.650.000408             10              7                    O  8q     352220 1 1 2 3 2 2    13.0   17.0
451 5392.861000 4.651E-61 1.083E-07.00150.00216631.91060.620.000199              3              2                    S 13q     352220 1 1 2 3 2 2    93.0   81.0
451 5397.190600 7.691E-41 3.382E-07.00140.001 7187.52560.640.000160              2              1                    S  7q     352220 1 1 2 3 2 2    57.0   45.0
451 5399.083100 1.096E-74 1.547E-06.00170.00223719.89200.610.000215              2              1                    S 21q     352220 1 1 2 3 2 2   141.0  129.0
451 5405.977800 2.390E-83 1.342E-07.00480.00526927.53170.620.000349              9              7                    S  8q     352220 1 1 2 3 2 2    21.0   17.0
451 5406.821900 6.275E-72 6.218E-07.00420.00421869.42620.650.000293              6              4                    Q 12q     352220 1 1 2 3 2 2    25.0   25.0
451 5406.822032 1.934E-73 1.918E-08.00430.00421869.4262-.040.000032              6              4                    Q 12m     582220 3 3 2 3 2 2    25.0   25.0
451 5424.006800 3.188E-79 5.801E-07.00470.00525430.06010.630.000330              9              7                    S  5q     352220 1 1 2 3 2 2    45.0   33.0
451 5435.546500 1.920E-81 2.675E-07.00480.00526370.30020.620.000342              9              7                    S  7q     352220 1 1 2 3 2 2    57.0   45.0
451 5436.994100 3.443E-82 8.937E-10.00900.00925590.11180.660.000393              8              5                    O 13q     352220 1 1 2 3 2 2    69.0   81.0
451 5438.238300 2.030E-77 2.334E-09.00850.00923656.40580.660.000336              3              0                    O 23q     352220 1 1 2 3 2 2   129.0  141.0
451 5440.563700 9.808E-74 3.126E-07.00460.00522661.60190.620.000316              4              2                    Q 18q     352220 1 1 2 3 2 2    37.0   37.0
451 5440.563908 5.776E-75 1.843E-08.00370.00422661.6019-.020.000033              4              2                    Q 18m     582220 3 3 2 3 2 2    37.0   37.0
451 5441.246000 1.031E-80 4.231E-07.00470.00525869.50960.620.000328              9              7                    S  6q     352220 1 1 2 3 2 2    17.0   13.0
451 5447.336000 2.198E-29 3.951E-07.00140.001 1740.18960.650.000146              1              0                    S  5q     352220 1 1 2 3 2 2    45.0   33.0
451 5452.652700 1.373E-42 4.706E-09.00400.004 7132.06350.670.000214              2              0                    O 11q     352220 1 1 2 3 2 2    57.0   69.0
451 5454.742600 8.170E-72 4.713E-07.00460.00522024.77160.610.000321              5              3                    Q 15q     352220 1 1 2 3 2 2    93.0   93.0
451 5454.742826 3.540E-73 2.044E-08.00340.00322024.7716-.040.000032              5              3                    Q 15m     582220 3 3 2 3 2 2    93.0   93.0
451 5458.276300 1.697E-51 1.313E-07.00410.00411732.11480.660.000240              4              2                    O  8q     352220 1 1 2 3 2 2    13.0   17.0
451 5462.569300 6.165E-76 6.544E-08.00460.00523656.40580.630.000311              2              0                    Q 23q     352220 1 1 2 3 2 2   141.0  141.0
451 5462.569488 5.030E-77 5.345E-09.00420.00423656.4058-.010.000034              2              0                    Q 23m     582220 3 3 2 3 2 2   141.0  141.0
451 5475.409300 1.651E-69 8.170E-07.00410.00420894.89090.650.000279              7              5                    Q  7q     352220 1 1 2 3 2 2    45.0   45.0
451 5475.409452 1.788E-71 8.856E-09.00440.00420894.8909-.050.000032              7              5                    Q  7m     582220 3 3 2 3 2 2    45.0   45.0
451 5483.170400 2.180E-87 1.585E-07.00520.00528962.76890.590.000389              8              6                    S 14q     352220 1 1 2 3 2 2    33.0   29.0
451 5485.152400 3.892E-77 6.835E-09.00870.00923719.89200.650.000346              4              1                    O 21q     352220 1 1 2 3 2 2   117.0  129.0
451 5489.342000 2.327E-72 1.261E-06.00160.00222333.70200.610.000211              2              1                    S 20q     352220 1 1 2 3 2 2    45.0   41.0
451 5494.771200 2.706E-91 1.241E-08.01320.01330311.73580.650.000567              8              4                    O 20q     352220 1 1 2 3 2 2    37.0   41.0
451 5498.001900 5.109E-80 3.490E-09.00890.00924870.15970.660.000387              7              4                    O 15q     352220 1 1 2 3 2 2    81.0   93.0
451 5499.694100 1.604E-84 7.625E-07.00880.00927538.44900.600.000377             11              8                    O  4q     352220 1 1 2 3 2 2     5.0    9.0
451 5499.699400 3.624E-43 2.418E-07.00140.001 8007.58220.640.000164              2              1                    S  8q     352220 1 1 2 3 2 2    21.0   17.0
451 5501.849700 3.384E-78 1.323E-06.00170.00225141.49610.610.000212              1              0                    S 24q     352220 1 1 2 3 2 2    53.0   49.0
451 5514.310200 1.865E-77 1.071E-08.00880.00923939.23340.640.000366              5              2                    O 19q     352220 1 1 2 3 2 2   105.0  117.0
451 5520.785600 2.393E-78 9.945E-09.00890.00924320.91050.650.000383              6              3                    O 17q     352220 1 1 2 3 2 2    93.0  105.0
451 5527.571700 4.300E-66 3.044E-06.00390.00418760.34360.590.000178              7              5                    O  2q     352220 1 1 2 3 2 2     1.0    5.0
451 5533.104600 1.554E-69 6.611E-07.00420.00420947.42170.650.000286              6              4                    Q 11q     352220 1 1 2 3 2 2    69.0   69.0
451 5533.104769 3.655E-71 1.556E-08.00430.00420947.4217-.040.000031              6              4                    Q 11m     582220 3 3 2 3 2 2    69.0   69.0
451 5536.915200 1.241E-55 4.002E-07.00420.00413839.11330.640.000251              5              3                    O  6q     352220 1 1 2 3 2 2     9.0   13.0
451 5540.517500 8.885E-72 7.892E-07.00520.00521505.77950.520.000277              8              6                    S  0q     352220 1 1 2 3 2 2     5.0    1.0
451 5548.594545 3.232E-88 7.850E-09.01300.01328884.0404-.020.000049             10              7                    Q 11m     582220 3 3 2 3 2 2    69.0   69.0
451 5548.594800 1.860E-86 4.517E-07.00890.00928884.04040.650.000412             10              7                    Q 11q     352220 1 1 2 3 2 2    69.0   69.0
451 5554.683300 8.104E-69 8.519E-07.00410.00420314.82630.650.000273              7              5                    Q  6q     352220 1 1 2 3 2 2    13.0   13.0
451 5554.683538 6.143E-71 6.462E-09.00420.00420314.8263-.080.000030              7              5                    Q  6m     582220 3 3 2 3 2 2    13.0   13.0
451 5557.706800 3.005E-73 1.832E-07.00460.00522333.70200.630.000305              3              1                    Q 20q     352220 1 1 2 3 2 2    41.0   41.0
451 5557.707084 1.870E-74 1.141E-08.00400.00422333.7020-.010.000033              3              1                    Q 20m     582220 3 3 2 3 2 2    41.0   41.0
451 5566.304200 1.783E-60 9.631E-07.00430.00416190.70270.620.000243              6              4                    O  4q     352220 1 1 2 3 2 2     5.0    9.0
451 5567.404300 4.087E-69 9.879E-07.00160.00220957.31230.610.000207              2              1                    S 19q     352220 1 1 2 3 2 2   129.0  117.0
451 5584.730008 2.240E-91 9.574E-09.01230.01230311.73580.000.000050              7              4                    Q 20m     582220 3 3 2 3 2 2    41.0   41.0
451 5584.730500 5.172E-90 2.211E-07.00920.00930311.73580.640.000480              7              4                    Q 20q     352220 1 1 2 3 2 2    41.0   41.0
451 5585.097600 8.983E-45 1.500E-07.00140.001 8908.44080.640.000168              2              1                    S  9q     352220 1 1 2 3 2 2    69.0   57.0
451 5586.396800 2.174E-81 4.644E-08.00910.00925724.35880.660.000403              9              6                    O 10q     352220 1 1 2 3 2 2    17.0   21.0
451 5587.002300 1.690E-45 4.331E-08.00410.004 8908.44080.660.000235              3              1                    O  9q     352220 1 1 2 3 2 2    45.0   57.0
451 5592.685200 2.652E-31 3.533E-07.00140.001 2414.89700.650.000157              1              0                    S  6q     352220 1 1 2 3 2 2    17.0   13.0
451 5600.334900 2.789E-91 1.111E-08.01260.01330296.13140.630.000503              7              3                    O 22q     352220 1 1 2 3 2 2    41.0   45.0
451 5603.158900 5.599E-70 5.042E-07.00460.00520918.19810.620.000318              5              3                    Q 14q     352220 1 1 2 3 2 2    29.0   29.0
451 5603.159126 1.895E-71 1.708E-08.00340.00320918.1981-.040.000032              5              3                    Q 14m     582220 3 3 2 3 2 2    29.0   29.0
451 5603.806312 4.189E-88 2.991E-09.01210.01228284.6950-.050.000047             11              8                    Q  6m     582220 3 3 2 3 2 2    13.0   13.0
451 5603.806600 7.731E-86 5.519E-07.00870.00928284.69500.650.000394             11              8                    Q  6q     352220 1 1 2 3 2 2    13.0   13.0
451 5607.763900 1.294E-70 3.364E-07.00450.00521400.68450.620.000313              4              2                    Q 17q     352220 1 1 2 3 2 2   105.0  105.0
451 5607.764114 6.024E-72 1.568E-08.00370.00421400.6845-.030.000032              4              2                    Q 17m     582220 3 3 2 3 2 2   105.0  105.0
451 5617.179900 1.095E-74 1.133E-06.00170.00223656.40580.610.000209              1              0                    S 23q     352220 1 1 2 3 2 2   153.0  141.0
451 5623.064600 2.462E-67 8.852E-07.00410.00419806.99550.630.000266              7              5                    Q  5q     352220 1 1 2 3 2 2    33.0   33.0
451 5623.064775 1.253E-69 4.511E-09.00380.00419806.9955-.090.000031              7              5                    Q  5m     582220 3 3 2 3 2 2    33.0   33.0
451 5627.152800 9.992E-82 2.577E-07.00910.00926370.30020.650.000405             10              7                    O  7q     352220 1 1 2 3 2 2    33.0   45.0
451 5633.017700 7.088E-67 7.364E-07.00160.00219595.53450.610.000210              2              1                    S 18q     352220 1 1 2 3 2 2    41.0   37.0
451 5641.998400 1.144E-85 4.847E-08.00510.00528105.63640.600.000373              8              6                    S 13q     352220 1 1 2 3 2 2    93.0   81.0
451 5649.941000 3.332E-68 6.973E-07.00410.00420074.41780.650.000286              6              4                    Q 10q     352220 1 1 2 3 2 2    21.0   21.0
451 5649.941098 5.967E-70 1.250E-08.00430.00420074.4178-.050.000031              6              4                    Q 10m     582220 3 3 2 3 2 2    21.0   21.0
451 5652.542100 2.715E-73 7.058E-08.00450.00522170.50190.630.000307              2              0                    Q 22q     352220 1 1 2 3 2 2    45.0   45.0
451 5652.542326 1.785E-74 4.644E-09.00420.00422170.50190.000.000033              2              0                    Q 22m     582220 3 3 2 3 2 2    45.0   45.0
451 5653.436100 1.352E-47 7.313E-08.00140.001 9883.73750.640.000172              2              1                    S 10q     352220 1 1 2 3 2 2    25.0   21.0
451 5667.444300 1.110E-91 7.109E-09.01260.01330408.02580.620.000481              6              2                    O 24q     352220 1 1 2 3 2 2    45.0   49.0
451 5669.088600 3.120E-71 1.039E-06.00560.00621589.82350.590.000285              8              6                    S  1q     352220 1 1 2 3 2 2    21.0    9.0
451 5675.953591 1.019E-88 9.035E-09.01280.01328962.7689-.010.000050              9              6                    Q 14m     582220 3 3 2 3 2 2    29.0   29.0
451 5675.954000 4.445E-87 3.941E-07.00900.00928962.76890.650.000438              9              6                    Q 14q     352220 1 1 2 3 2 2    29.0   29.0
451 5678.837300 1.501E-83 1.086E-06.00870.00927258.91210.590.000291             11              8                    O  3q     352220 1 1 2 3 2 2     9.0   21.0
451 5679.631800 1.761E-87 4.210E-07.00410.00429453.54360.640.000286              7              5                    S 17q     352220 1 1 2 3 2 2   117.0  105.0
451 5680.378500 5.553E-67 9.196E-07.00410.00419376.02850.610.000256              7              5                    Q  4q     352220 1 1 2 3 2 2     9.0    9.0
451 5680.378743 1.780E-69 2.950E-09.00340.00319376.0285-.090.000030              7              5                    Q  4m     582220 3 3 2 3 2 2     9.0    9.0
451 5682.059437 3.614E-89 9.635E-09.01270.01329453.54360.000.000050              8              5                    Q 17m     582220 3 3 2 3 2 2   105.0  105.0
451 5682.059800 1.165E-87 3.106E-07.00910.00929453.54360.640.000459              8              5                    Q 17q     352220 1 1 2 3 2 2   105.0  105.0
451 5685.816200 9.442E-64 5.143E-07.00160.00218253.41720.620.000199              2              1                    S 17q     352220 1 1 2 3 2 2   117.0  105.0
451 5693.851100 2.442E-49 1.859E-07.00420.00410955.61770.650.000246              4              2                    O  7q     352220 1 1 2 3 2 2    33.0   45.0
451 5701.194500 1.333E-40 7.934E-09.00400.004 6030.92030.660.000215              2              0                    O 10q     352220 1 1 2 3 2 2    17.0   21.0
451 5704.937700 7.558E-50 2.047E-08.00150.00110926.97290.630.000183              2              1                    S 11q     352220 1 1 2 3 2 2    81.0   69.0
451 5708.112200 2.211E-80 2.636E-09.00890.00924691.59620.660.000396              8              5                    O 12q     352220 1 1 2 3 2 2    21.0   25.0
451 5720.906900 9.229E-75 2.697E-09.00850.00822170.50190.660.000336              3              0                    O 22q     352220 1 1 2 3 2 2    41.0   45.0
451 5720.970300 1.675E-32 2.977E-07.00140.001 3187.47050.650.000153              1              0                    S  7q     352220 1 1 2 3 2 2    57.0   45.0
451 5721.798100 3.861E-72 9.445E-07.00170.00222170.50190.610.000205              1              0                    S 22q     352220 1 1 2 3 2 2    49.0   45.0
451 5725.346500 1.132E-61 3.277E-07.00160.00216936.25540.620.000195              2              1                    S 16q     352220 1 1 2 3 2 2    37.0   33.0
451 5726.459100 7.316E-66 9.627E-07.00520.00519026.00430.570.000240              7              5                    Q  3q     352220 1 1 2 3 2 2    21.0   21.0
451 5726.459389 1.324E-68 1.743E-09.00380.00419026.0043-.070.000029              7              5                    Q  3m     582220 3 3 2 3 2 2    21.0   21.0
451 5733.859405 4.795E-87 1.991E-09.01080.01127881.6697-.060.000046             11              8                    Q  5m     582220 3 3 2 3 2 2    33.0   33.0
451 5733.859600 1.425E-84 5.916E-07.00860.00927881.66970.640.000383             11              8                    Q  5q     352220 1 1 2 3 2 2    33.0   33.0
451 5734.046100 6.953E-70 1.966E-07.00450.00420957.31230.630.000307              3              1                    Q 19q     352220 1 1 2 3 2 2   117.0  117.0
451 5734.046403 3.477E-71 9.841E-09.00390.00420957.3123-.020.000032              3              1                    Q 19m     582220 3 3 2 3 2 2   117.0  117.0
451 5739.962000 3.560E-55 5.854E-11.00150.00112031.60910.630.000180              2              1                    S 12q     352220 1 1 2 3 2 2    29.0   25.0
451 5743.221600 2.884E-67 5.350E-07.00460.00519846.89020.620.000314              5              3                    Q 13q     352220 1 1 2 3 2 2    81.0   81.0
451 5743.221857 7.653E-69 1.421E-08.00340.00319846.8902-.040.000031              5              3                    Q 13m     582220 3 3 2 3 2 2    81.0   81.0
451 5751.090800 9.158E-59 1.812E-07.00150.00215649.59370.620.000199              2              1                    S 15q     352220 1 1 2 3 2 2   105.0   93.0
451 5757.190100 4.865E-66 7.305E-07.00410.00419256.38140.650.000284              6              4                    Q  9q     352220 1 1 2 3 2 2    57.0   57.0
451 5757.190261 6.585E-68 9.895E-09.00430.00419256.3814-.050.000030              6              4                    Q  9m     582220 3 3 2 3 2 2    57.0   57.0
451 5758.969700 1.235E-54 1.787E-08.00150.00213191.15250.630.000184              2              1                    S 13q     352220 1 1 2 3 2 2    93.0   81.0
451 5760.736200 5.936E-54 5.458E-07.00420.00413265.26810.640.000255              5              3                    O  5q     352220 1 1 2 3 2 2    21.0   33.0
451 5761.159900 6.804E-66 1.046E-06.00420.00418760.34360.430.000207              7              5                    Q  2q     352220 1 1 2 3 2 2     5.0    5.0
451 5761.160178 5.598E-69 8.616E-10.00330.00318760.3436-.000.000027              7              5                    Q  2m     582220 3 3 2 3 2 2     5.0    5.0
451 5762.490500 5.362E-57 7.773E-08.00150.00214399.22040.620.000195              2              1                    S 14q     352220 1 1 2 3 2 2    33.0   29.0
451 5763.734300 1.786E-89 7.409E-07.00540.00530311.73580.570.000412              6              4                    S 20q     352220 1 1 2 3 2 2    45.0   41.0
451 5767.575900 1.693E-68 3.591E-07.00460.00520161.71090.620.000309              4              2                    Q 16q     352220 1 1 2 3 2 2    33.0   33.0
451 5767.576136 6.280E-70 1.333E-08.00370.00420161.7109-.030.000031              4              2                    Q 16m     582220 3 3 2 3 2 2    33.0   33.0
451 5768.463600 1.072E-74 7.803E-09.00860.00922333.70200.650.000346              4              1                    O 20q     352220 1 1 2 3 2 2    37.0   41.0
451 5771.535700 2.610E-59 1.378E-06.00530.00515818.28780.630.000197              6              4                    O  3q     352220 1 1 2 3 2 2     9.0   21.0
451 5772.312800 4.009E-89 1.245E-08.01320.01329453.54360.650.000515              9              5                    O 17q     352220 1 1 2 3 2 2    93.0  105.0
451 5772.475929 1.960E-87 5.803E-09.01310.01328190.0306-.030.000047             10              7                    Q 10m     582220 3 3 2 3 2 2    21.0   21.0
451 5772.476200 1.696E-85 5.020E-07.00880.00928190.03060.650.000411             10              7                    Q 10q     352220 1 1 2 3 2 2    21.0   21.0
451 5772.990600 5.420E-86 1.368E-09.00510.00527276.24810.600.000372              8              6                    S 12q     352220 1 1 2 3 2 2    29.0   25.0
451 5775.436800 1.713E-78 2.753E-09.00890.00923836.65360.660.000390              7              4                    O 14q     352220 1 1 2 3 2 2    25.0   29.0
451 5779.338456 1.674E-91 6.475E-09.00890.00930296.13140.010.000051              6              3                    Q 22m     572220 3 3 2 3 2 2    45.0   45.0
451 5779.338700 4.207E-90 1.627E-07.01000.01030296.13140.580.000510              6              3                    Q 22q     352220 1 1 2 3 2 2    45.0   45.0
451 5781.442100 6.259E-72 1.140E-06.00590.00621757.00690.620.000296              8              6                    S  2q     352220 1 1 2 3 2 2     9.0    5.0
451 5784.362900 4.091E-65 1.479E-06.00470.00518581.71030.570.000216              7              5                    Q  1q     352220 1 1 2 3 2 2     9.0    9.0
451 5784.363163 7.880E-69 2.850E-10.00550.00518581.7103-.040.000024              7              5                    Q  1m     582220 3 3 2 3 2 2     9.0    9.0
451 5797.215900 2.934E-75 1.191E-08.00870.00922661.60190.640.000370              5              2                    O 18q     352220 1 1 2 3 2 2    33.0   37.0
451 5801.900700 1.978E-76 1.036E-08.00890.00923160.86820.640.000377              6              3                    O 16q     352220 1 1 2 3 2 2    29.0   33.0
451 5815.590700 1.170E-68 7.622E-07.00160.00220687.91170.610.000215              1              0                    S 21q     352220 1 1 2 3 2 2   141.0  129.0
451 5831.531100 5.334E-44 6.465E-08.00410.004 8007.58220.660.000235              3              1                    O  8q     352220 1 1 2 3 2 2    13.0   17.0
451 5831.794500 6.979E-35 2.338E-07.00140.001 4051.94300.640.000164              1              0                    S  8q     352220 1 1 2 3 2 2    21.0   17.0
451 5836.804900 1.053E-69 7.553E-08.00450.00520687.91170.630.000303              2              0                    Q 21q     352220 1 1 2 3 2 2   129.0  129.0
451 5836.805107 5.647E-71 4.058E-09.00420.00420687.9117-.010.000033              2              0                    Q 21m     582220 3 3 2 3 2 2   129.0  129.0
451 5840.495400 2.586E-79 7.205E-08.00910.00925013.57150.650.000408              9              6                    O  9q     352220 1 1 2 3 2 2    45.0   57.0
451 5840.801400 8.767E-84 2.149E-06.00750.00827046.29700.560.000274             11              8                    O  2q     352220 1 1 2 3 2 2     1.0    5.0
451 5841.652689 4.204E-87 1.253E-09.00960.01027538.4490-.060.000045             11              8                    Q  4m     582220 3 3 2 3 2 2     9.0    9.0
451 5841.652900 2.108E-84 6.281E-07.00880.00927538.44900.610.000369             11              8                    Q  4q     352220 1 1 2 3 2 2     9.0    9.0
451 5852.659500 4.006E-81 3.592E-07.00910.00925869.50960.650.000414             10              7                    O  6q     352220 1 1 2 3 2 2     9.0   13.0
451 5854.661900 5.795E-65 7.607E-07.00420.00418499.22170.650.000278              6              4                    Q  8q     352220 1 1 2 3 2 2    17.0   17.0
451 5854.662112 5.854E-67 7.692E-09.00420.00418499.2217-.060.000030              6              4                    Q  8m     582220 3 3 2 3 2 2    17.0   17.0
451 5874.855500 1.339E-65 5.633E-07.00450.00518816.74070.620.000310              5              3                    Q 12q     352220 1 1 2 3 2 2    25.0   25.0
451 5874.855777 2.790E-67 1.175E-08.00340.00318816.7407-.040.000031              5              3                    Q 12m     582220 3 3 2 3 2 2    25.0   25.0
451 5876.119500 6.677E-72 1.147E-06.00460.00522005.55020.620.000305              8              6                    S  3q     352220 1 1 2 3 2 2    33.0   21.0
451 5877.856200 1.079E-82 2.114E-08.00500.00526480.52630.610.000361              8              6                    S 11q     352220 1 1 2 3 2 2    81.0   69.0
451 5887.981300 3.601E-86 2.325E-07.00400.00428458.81780.650.000280              7              5                    S 16q     352220 1 1 2 3 2 2    37.0   33.0
451 5898.302200 3.660E-66 5.917E-07.00160.00219212.98830.620.000198              1              0                    S 20q     352220 1 1 2 3 2 2    45.0   41.0
451 5903.955500 1.655E-67 2.093E-07.00450.00519595.53450.630.000302              3              1                    Q 18q     352220 1 1 2 3 2 2    37.0   37.0
451 5903.955736 6.714E-69 8.501E-09.00390.00419595.5345-.020.000031              3              1                    Q 18m     582220 3 3 2 3 2 2    37.0   37.0
451 5920.037500 1.732E-65 3.803E-07.00450.00518950.12220.630.000305              4              2                    Q 15q     352220 1 1 2 3 2 2    93.0   93.0
451 5920.037596 5.151E-67 1.132E-08.00360.00418950.1222-.020.000031              4              2                    Q 15m     582220 3 3 2 3 2 2    93.0   93.0
451 5925.010000 1.571E-36 1.674E-07.00140.001 5001.96290.640.000168              1              0                    S  9q     352220 1 1 2 3 2 2    69.0   57.0
451 5927.567864 2.125E-86 7.181E-10.00840.00827258.9121-.010.000043             11              8                    Q  3m     582220 3 3 2 3 2 2    21.0   21.0
451 5927.568100 1.977E-83 6.680E-07.00890.00927258.91210.560.000346             11              8                    Q  3q     352220 1 1 2 3 2 2    21.0   21.0
451 5928.130716 9.247E-89 7.198E-09.01240.01229205.04440.010.000050              7              4                    Q 19m     572220 3 3 2 3 2 2   117.0  117.0
451 5928.131000 3.237E-87 2.519E-07.00910.00929205.04440.640.000473              7              4                    Q 19q     352220 1 1 2 3 2 2   117.0  117.0
451 5929.574200 2.519E-48 2.607E-07.00410.00410261.12850.650.000247              4              2                    O  6q     352220 1 1 2 3 2 2     9.0   13.0
451 5930.559000 1.933E-88 1.678E-08.01310.01329205.04440.650.000506              8              4                    O 19q     352220 1 1 2 3 2 2   105.0  117.0
451 5941.955939 1.263E-86 6.817E-09.01280.01328105.6364-.010.000049              9              6                    Q 13m     582220 3 3 2 3 2 2    81.0   81.0
451 5941.956200 8.143E-85 4.393E-07.00890.00928105.63640.650.000431              9              6                    Q 13q     352220 1 1 2 3 2 2    81.0   81.0
451 5942.133900 4.427E-63 7.884E-07.00410.00417808.71100.650.000279              6              4                    Q  7q     352220 1 1 2 3 2 2    45.0   45.0
451 5942.134113 3.273E-65 5.836E-09.00420.00417808.7110-.060.000031              6              4                    Q  7m     582220 3 3 2 3 2 2    45.0   45.0
451 5949.182700 3.568E-89 4.031E-09.01330.01328962.76890.650.000527             10              6                    O 14q     352220 1 1 2 3 2 2    25.0   29.0
451 5951.839200 4.919E-73 1.080E-06.00460.00522332.85580.630.000308              8              6                    S  4q     352220 1 1 2 3 2 2    13.0    9.0
451 5953.654800 7.827E-38 1.291E-08.00410.004 5001.96290.660.000224              2              0                    O  9q     352220 1 1 2 3 2 2    45.0   57.0
451 5957.759900 6.277E-81 1.037E-07.00480.00525724.35880.610.000362              8              6                    S 10q     352220 1 1 2 3 2 2    25.0   21.0
451 5969.560000 9.251E-63 4.367E-07.00160.00217750.33200.620.000195              1              0                    S 19q     352220 1 1 2 3 2 2   129.0  117.0
451 5970.036200 2.138E-59 2.752E-06.00390.00415535.74330.590.000178              6              4                    O  2q     352220 1 1 2 3 2 2     1.0    5.0
451 5973.415699 8.801E-86 4.278E-09.01300.01327535.9504-.030.000048             10              7                    Q  9m     582220 3 3 2 3 2 2    57.0   57.0
451 5973.416000 1.122E-83 5.453E-07.00880.00927535.95040.650.000409             10              7                    Q  9q     352220 1 1 2 3 2 2    57.0   57.0
451 5974.367400 8.920E-78 6.568E-09.00900.00923831.67230.660.000399              8              5                    O 11q     352220 1 1 2 3 2 2    57.0   69.0
451 5981.528300 1.922E-53 7.522E-07.00450.00412778.81530.640.000242              5              3                    O  4q     352220 1 1 2 3 2 2     5.0    9.0
451 5987.121221 9.762E-88 7.307E-09.01260.01328458.8178-.000.000049              8              5                    Q 16m     582220 3 3 2 3 2 2    33.0   33.0
451 5987.121500 4.662E-86 3.489E-07.00900.00928458.81780.640.000452              8              5                    Q 16q     352220 1 1 2 3 2 2    33.0   33.0
451 5991.845897 6.729E-87 3.471E-10.00700.00727046.29700.040.000037             11              8                    Q  2m     582220 3 3 2 3 2 2     5.0    5.0
451 5991.846100 1.423E-83 7.341E-07.00680.00727046.29700.400.000311             11              8                    Q  2q     352220 1 1 2 3 2 2     5.0    5.0
451 5994.583700 1.158E-88 3.974E-09.01350.01428884.04040.640.000540             11              7                    O 11q     352220 1 1 2 3 2 2    57.0   69.0
451 5997.907600 4.412E-63 5.897E-07.00450.00517833.76470.620.000305              5              3                    Q 11q     352220 1 1 2 3 2 2    69.0   69.0
451 5997.907788 7.199E-65 9.630E-09.00330.00317833.7647-.030.000031              5              3                    Q 11m     582220 3 3 2 3 2 2    69.0   69.0
451 6000.688800 2.345E-39 1.051E-07.00140.001 6030.92030.640.000163              1              0                    S 10q     352220 1 1 2 3 2 2    25.0   21.0
451 6003.446700 3.648E-71 3.052E-09.00860.00920687.91170.660.000336              3              0                    O 21q     352220 1 1 2 3 2 2   117.0  129.0
451 6007.507300 2.087E-73 9.555E-07.00470.00522735.58600.630.000330              8              6                    S  5q     352220 1 1 2 3 2 2    45.0   33.0
451 6013.534400 1.239E-78 2.387E-07.00490.00525013.57150.610.000348              8              6                    S  9q     352220 1 1 2 3 2 2    69.0   57.0
451 6015.563900 4.346E-67 8.021E-08.00450.00419212.98830.630.000293              2              0                    Q 20q     352220 1 1 2 3 2 2    41.0   41.0
451 6015.564110 1.921E-68 3.549E-09.00410.00419212.9883-.010.000032              2              0                    Q 20m     582220 3 3 2 3 2 2    41.0   41.0
451 6019.366500 2.599E-62 8.141E-07.00410.00417190.39110.650.000273              6              4                    Q  6q     352220 1 1 2 3 2 2    13.0   13.0
451 6019.366723 1.366E-64 4.284E-09.00390.00417190.3911-.060.000030              6              4                    Q  6m     582220 3 3 2 3 2 2    13.0   13.0
451 6020.619800 7.040E-87 5.125E-07.00540.00529205.04440.570.000430              6              4                    S 19q     352220 1 1 2 3 2 2   129.0  117.0
451 6028.895100 2.240E-60 3.014E-07.00160.00216304.80690.620.000191              1              0                    S 18q     352220 1 1 2 3 2 2    41.0   37.0
451 6029.573900 1.856E-65 8.480E-07.00380.00418491.92960.240.000263              7              5                    S  0q     352220 1 1 2 3 2 2     5.0    1.0
451 6034.632182 7.807E-87 1.132E-10.01110.01126903.11700.020.000034             11              8                    Q  1m     582220 3 3 2 3 2 2     9.0    9.0
451 6034.632400 7.202E-83 1.044E-06.00770.00826903.11700.530.000312             11              8                    Q  1q     352220 1 1 2 3 2 2     9.0    9.0
451 6038.531300 3.052E-88 1.441E-08.01270.01329094.64410.630.000503              7              3                    O 21q     352220 1 1 2 3 2 2   117.0  129.0
451 6042.210800 6.425E-75 7.894E-07.00470.00523209.75760.620.000328              8              6                    S  6q     352220 1 1 2 3 2 2    17.0   13.0
451 6045.824800 1.585E-77 4.106E-07.00480.00524353.88360.620.000349              8              6                    S  8q     352220 1 1 2 3 2 2    21.0   17.0
451 6049.569000 3.293E-76 1.612E-09.00900.00922834.47140.660.000393              7              4                    O 13q     352220 1 1 2 3 2 2    69.0   81.0
451 6051.136100 2.469E-71 8.662E-09.00870.00920957.31230.650.000353              4              1                    O 19q     352220 1 1 2 3 2 2   105.0  117.0
451 6055.194800 1.177E-75 6.010E-07.00480.00523750.84490.620.000342              8              6                    S  7q     352220 1 1 2 3 2 2    57.0   45.0
451 6059.089000 1.781E-41 5.305E-08.00150.001 7132.06350.640.000166              1              0                    S 11q     352220 1 1 2 3 2 2    81.0   69.0
451 6065.082500 1.665E-63 4.002E-07.00450.00517771.57110.630.000301              4              2                    Q 14q     352220 1 1 2 3 2 2    29.0   29.0
451 6065.082736 3.982E-65 9.581E-09.00360.00417771.5711-.020.000031              4              2                    Q 14m     582220 3 3 2 3 2 2    29.0   29.0
451 6066.839300 1.024E-79 4.995E-07.00900.00925430.06010.630.000404             10              7                    O  5q     352220 1 1 2 3 2 2    21.0   33.0
451 6067.493300 3.202E-64 2.213E-07.00450.00518253.41720.630.000298              3              1                    Q 17q     352220 1 1 2 3 2 2   105.0  105.0
451 6067.493620 1.061E-65 7.340E-09.00390.00418253.4172-.010.000031              3              1                    Q 17m     582220 3 3 2 3 2 2   105.0  105.0
451 6067.564300 4.477E-84 9.262E-08.00400.00427479.51420.650.000291              7              5                    S 15q     352220 1 1 2 3 2 2   105.0   93.0
451 6075.759800 3.990E-57 1.891E-07.00160.00214881.55250.620.000199              1              0                    S 17q     352220 1 1 2 3 2 2   117.0  105.0
451 6077.742500 9.852E-42 9.490E-08.00410.004 7187.52560.660.000227              3              1                    O  7q     352220 1 1 2 3 2 2    33.0   45.0
451 6078.829700 3.687E-72 1.272E-08.00890.00921400.68450.640.000371              5              2                    O 17q     352220 1 1 2 3 2 2    93.0  105.0
451 6080.864800 1.221E-73 1.005E-08.00890.00922024.77160.640.000378              6              3                    O 15q     352220 1 1 2 3 2 2    81.0   93.0
451 6086.117200 9.220E-61 8.389E-07.00410.00416649.46880.630.000266              6              4                    Q  5q     352220 1 1 2 3 2 2    33.0   33.0
451 6086.117418 3.298E-63 3.005E-09.00350.00416649.4688-.080.000030              6              4                    Q  5m     582220 3 3 2 3 2 2    33.0   33.0
451 6087.325800 2.612E-78 1.108E-07.00910.00924353.88360.650.000408              9              6                    O  8q     352220 1 1 2 3 2 2    13.0   17.0
451 6100.619000 6.794E-45 1.662E-08.00150.001 8298.60140.630.000170              1              0                    S 12q     352220 1 1 2 3 2 2    29.0   25.0
451 6106.689100 1.811E-88 8.927E-09.01240.01229118.97510.620.000480              6              2                    O 23q     352220 1 1 2 3 2 2   129.0  141.0
451 6109.544800 5.945E-55 1.020E-07.00150.00213485.98970.630.000184              1              0                    S 16q     352220 1 1 2 3 2 2    37.0   33.0
451 6112.164300 1.235E-61 6.139E-07.00440.00416904.05820.620.000301              5              3                    Q 10q     352220 1 1 2 3 2 2    21.0   21.0
451 6112.164523 1.569E-63 7.804E-09.00330.00316904.0582-.040.000030              5              3                    Q 10m     582220 3 3 2 3 2 2    21.0   21.0
451 6125.802100 1.588E-48 4.713E-10.00150.001 9523.79160.630.000184              1              0                    S 13q     352220 1 1 2 3 2 2    93.0   81.0
451 6129.598100 5.130E-52 4.159E-08.00150.00212123.81910.630.000191              1              0                    S 15q     352220 1 1 2 3 2 2   105.0   93.0
451 6131.020023 1.117E-88 4.933E-09.00880.00929094.6441-.000.000049              6              3                    Q 21m     572220 3 3 2 3 2 2   129.0  129.0
451 6131.020100 4.094E-87 1.807E-07.01000.01029094.64410.590.000502              6              3                    Q 21q     352220 1 1 2 3 2 2   129.0  129.0
451 6135.243300 1.933E-50 8.057E-09.00150.00210801.01210.630.000188              1              0                    S 14q     352220 1 1 2 3 2 2    33.0   29.0
451 6142.153100 2.369E-60 8.656E-07.00410.00416190.70270.610.000256              6              4                    Q  4q     352220 1 1 2 3 2 2     9.0    9.0
451 6142.153365 5.394E-63 1.973E-09.00310.00316190.7027-.100.000029              6              4                    Q  4m     582220 3 3 2 3 2 2     9.0    9.0
451 6143.091000 4.020E-89 3.890E-09.01260.01329273.58570.620.000458              5              1                    O 25q     352220 1 1 2 3 2 2   141.0  153.0
451 6152.681756 3.486E-85 3.131E-09.01290.01326927.5317-.030.000047             10              7                    Q  8m     582220 3 3 2 3 2 2    17.0   17.0
451 6152.682000 6.479E-83 5.819E-07.00880.00926927.53170.650.000407             10              7                    Q  8q     352220 1 1 2 3 2 2    17.0   17.0
451 6154.134400 2.737E-90 9.546E-10.01240.01229553.43320.630.000441              4              0                    O 27q     352220 1 1 2 3 2 2   153.0  165.0
451 6164.090600 1.451E-46 3.640E-07.00410.004 9654.19720.650.000245              4              2                    O  5q     352220 1 1 2 3 2 2    21.0   33.0
451 6170.753100 6.512E-65 1.148E-06.00450.00418581.71030.430.000285              7              5                    S  1q     352220 1 1 2 3 2 2    21.0    9.0
451 6179.905100 1.739E-87 1.578E-08.01320.01328458.81780.650.000519              9              5                    O 16q     352220 1 1 2 3 2 2    29.0   33.0
451 6185.013507 1.544E-85 5.192E-09.01270.01327276.2481-.030.000048              9              6                    Q 12m     582220 3 3 2 3 2 2    25.0   25.0
451 6185.013800 1.420E-83 4.773E-07.00890.00927276.24810.650.000424              9              6                    Q 12q     352220 1 1 2 3 2 2    25.0   25.0
451 6187.262400 3.467E-59 9.014E-07.00520.00515818.28780.570.000240              6              4                    Q  3q     352220 1 1 2 3 2 2    21.0   21.0
451 6187.262633 4.494E-62 1.170E-09.00340.00315818.2878-.070.000027              6              4                    Q  3m     582220 3 3 2 3 2 2    21.0   21.0
451 6188.901400 1.514E-63 8.470E-08.00450.00417750.33200.630.000296              2              0                    Q 19q     352220 1 1 2 3 2 2   117.0  117.0
451 6188.901629 5.559E-65 3.112E-09.00410.00417750.3320-.010.000032              2              0                    Q 19m     582220 3 3 2 3 2 2   117.0  117.0
451 6197.628500 3.199E-52 1.096E-06.00560.00612384.08180.660.000219              5              3                    O  3q     352220 1 1 2 3 2 2     9.0   21.0
451 6202.560800 1.184E-60 4.186E-07.00450.00416631.91060.630.000296              4              2                    Q 13q     352220 1 1 2 3 2 2    81.0   81.0
451 6202.561022 2.279E-62 8.066E-09.00360.00416631.9106-.030.000031              4              2                    Q 13m     582220 3 3 2 3 2 2    81.0   81.0
451 6207.052500 3.041E-83 5.914E-07.00780.00826831.09060.430.000379             11              8                    S  0q     352220 1 1 2 3 2 2     5.0    1.0
451 6209.185500 3.322E-36 2.038E-08.00410.004 4051.94300.660.000224              2              0                    O  8q     352220 1 1 2 3 2 2    13.0   17.0
451 6217.367800 2.306E-59 6.356E-07.00450.00416033.74170.620.000299              5              3                    Q  9q     352220 1 1 2 3 2 2    57.0   57.0
451 6217.368089 2.259E-61 6.231E-09.00330.00316033.7417-.050.000029              5              3                    Q  9m     582220 3 3 2 3 2 2    57.0   57.0
451 6220.881700 2.248E-83 1.476E-08.00400.00426521.35700.650.000286              7              5                    S 14q     352220 1 1 2 3 2 2    33.0   29.0
451 6221.263600 3.490E-59 9.758E-07.00420.00415535.74330.430.000207              6              4                    Q  2q     352220 1 1 2 3 2 2     5.0    5.0
451 6221.263810 2.071E-62 5.798E-10.00290.00315535.7433-.010.000027              6              4                    Q  2m     582220 3 3 2 3 2 2     5.0    5.0
451 6224.612800 6.062E-62 2.326E-07.00450.00416936.25540.630.000294              3              1                    Q 16q     352220 1 1 2 3 2 2    33.0   33.0
451 6224.613062 1.649E-63 6.332E-09.00390.00416936.2554-.020.000030              3              1                    Q 16m     582220 3 3 2 3 2 2    33.0   33.0
451 6235.745900 2.818E-76 1.440E-08.00910.00923016.22250.660.000403              8              5                    O 10q     352220 1 1 2 3 2 2    17.0   21.0
451 6241.548200 7.544E-86 5.109E-07.00940.00928284.69500.620.000448             11              8                    S  6q     352220 1 1 2 3 2 2    17.0   13.0
451 6244.013700 2.213E-58 1.376E-06.00470.00515345.80980.570.000216              6              4                    Q  1q     352220 1 1 2 3 2 2     9.0    9.0
451 6244.013852 3.087E-62 1.921E-10.00470.00515345.8098-.020.000022              6              4                    Q  1m     582220 3 3 2 3 2 2     9.0    9.0
451 6244.633350 4.338E-87 5.566E-09.01220.01228102.16560.000.000048              7              4                    Q 18m     572220 3 3 2 3 2 2    37.0   37.0
451 6244.633500 2.157E-85 2.767E-07.00910.00928102.16560.640.000438              7              4                    Q 18q     352220 1 1 2 3 2 2    37.0   37.0
451 6246.484900 2.659E-85 3.080E-07.00540.00528102.16560.580.000422              6              4                    S 18q     352220 1 1 2 3 2 2    41.0   37.0
451 6268.120335 2.265E-85 5.648E-09.01250.01327479.5142-.010.000048              8              5                    Q 15m     582220 3 3 2 3 2 2    93.0   93.0
451 6268.120600 1.526E-83 3.804E-07.00900.00927479.51420.640.000445              8              5                    Q 15q     352220 1 1 2 3 2 2    93.0   93.0
451 6268.543500 1.969E-79 7.004E-07.00880.00925056.40700.600.000377             10              7                    O  4q     352220 1 1 2 3 2 2     5.0    9.0
451 6283.363200 1.164E-82 7.839E-07.00890.00926903.11700.520.000403             11              8                    S  1q     352220 1 1 2 3 2 2    21.0    9.0
451 6286.501700 1.516E-68 3.386E-09.00860.00919212.98830.660.000336              3              0                    O 20q     352220 1 1 2 3 2 2    37.0   41.0
451 6296.063400 1.274E-65 1.300E-06.00490.00518760.34360.550.000200              7              5                    S  2q     352220 1 1 2 3 2 2     9.0    5.0
451 6297.701600 2.316E-87 1.111E-07.01010.01029118.97510.560.000483              5              2                    Q 23q     352220 1 1 2 3 2 2   141.0  141.0
451 6297.701756 6.182E-89 2.967E-09.00820.00829118.97510.010.000051              5              2                    Q 23m     572220 3 3 2 3 2 2   141.0  141.0
451 6311.109925 9.500E-84 2.261E-09.01280.01326370.3002-.040.000047             10              7                    Q  7m     582220 3 3 2 3 2 2    45.0   45.0
451 6311.110200 2.577E-81 6.130E-07.00880.00926370.30020.650.000403             10              7                    Q  7q     352220 1 1 2 3 2 2    45.0   45.0
451 6312.330400 1.802E-84 6.649E-07.00950.01027881.66970.630.000450             11              8                    S  5q     352220 1 1 2 3 2 2    45.0   33.0
451 6313.230400 3.440E-58 6.555E-07.00450.00415228.88930.620.000296              5              3                    Q  8q     352220 1 1 2 3 2 2    17.0   17.0
451 6313.230639 2.559E-60 4.880E-09.00330.00315228.8893-.060.000030              5              3                    Q  8m     582220 3 3 2 3 2 2    17.0   17.0
451 6320.604400 2.812E-75 4.533E-10.00890.00921869.42620.660.000396              7              4                    O 12q     352220 1 1 2 3 2 2    21.0   25.0
451 6322.032600 1.314E-86 5.643E-07.00570.00629094.64410.520.000435              5              3                    S 21q     352220 1 1 2 3 2 2   141.0  129.0
451 6324.426600 1.267E-40 1.373E-07.00410.004 6454.38870.660.000227              3              1                    O  6q     352220 1 1 2 3 2 2     9.0   13.0
451 6326.322500 1.745E-76 1.680E-07.00910.00923750.84490.650.000405              9              6                    O  7q     352220 1 1 2 3 2 2    33.0   45.0
451 6326.998800 5.848E-87 4.199E-09.01340.01328105.63640.650.000562             10              6                    O 13q     352220 1 1 2 3 2 2    69.0   81.0
451 6332.252600 7.462E-59 4.353E-07.00450.00415537.17360.630.000292              4              2                    Q 12q     352220 1 1 2 3 2 2    25.0   25.0
451 6332.252852 1.154E-60 6.740E-09.00360.00415537.1736-.030.000030              4              2                    Q 12m     582220 3 3 2 3 2 2    25.0   25.0
451 6333.752300 5.734E-69 9.358E-09.00870.00919595.53450.650.000353              4              1                    O 18q     352220 1 1 2 3 2 2    33.0   37.0
451 6333.804900 2.682E-83 8.589E-07.00980.01027046.29700.590.000404             11              8                    S  2q     352220 1 1 2 3 2 2     9.0    5.0
451 6336.212600 1.698E-87 7.481E-09.01360.01428190.03060.640.000562             11              7                    O 10q     352220 1 1 2 3 2 2    17.0   21.0
451 6343.773700 1.399E-86 2.076E-08.01310.01328102.16560.650.000510              8              4                    O 18q     352220 1 1 2 3 2 2    33.0   37.0
451 6349.525700 1.445E-81 3.795E-09.00400.00425590.11180.650.000281              7              5                    S 13q     352220 1 1 2 3 2 2    93.0   81.0
451 6350.052600 3.221E-84 7.851E-07.00930.00927538.44900.620.000433             11              8                    S  4q     352220 1 1 2 3 2 2    13.0    9.0
451 6356.617200 3.455E-83 8.543E-07.00950.01027258.91210.610.000403             11              8                    S  3q     352220 1 1 2 3 2 2    33.0   21.0
451 6356.795000 5.364E-61 8.892E-08.00450.00416304.80690.640.000292              2              0                    Q 18q     352220 1 1 2 3 2 2    37.0   37.0
451 6356.795185 1.646E-62 2.729E-09.00410.00416304.8069-.000.000031              2              0                    Q 18m     582220 3 3 2 3 2 2    37.0   37.0
451 6358.050000 6.659E-72 8.957E-09.00880.00920918.19810.640.000384              6              3                    O 14q     352220 1 1 2 3 2 2    25.0   29.0
451 6359.646100 4.441E-70 1.303E-08.00880.00920161.71090.640.000372              5              2                    O 16q     352220 1 1 2 3 2 2    29.0   33.0
451 6375.177900 8.855E-59 2.431E-07.00440.00415649.59370.640.000291              3              1                    Q 15q     352220 1 1 2 3 2 2    93.0   93.0
451 6375.178161 1.983E-60 5.447E-09.00380.00415649.5937-.020.000031              3              1                    Q 15m     582220 3 3 2 3 2 2    93.0   93.0
451 6395.845700 5.504E-46 5.125E-07.00440.004 9139.89760.650.000236              4              2                    O  4q     352220 1 1 2 3 2 2     5.0    9.0
451 6399.447800 3.220E-56 6.739E-07.00450.00414495.44310.620.000294              5              3                    Q  7q     352220 1 1 2 3 2 2    45.0   45.0
451 6399.448105 1.779E-58 3.727E-09.00390.00414495.4431-.040.000032              5              3                    Q  7m     582220 3 3 2 3 2 2    45.0   45.0
451 6404.055800 1.297E-65 1.358E-06.00360.00419026.00430.610.000165              7              5                    S  3q     352220 1 1 2 3 2 2    33.0   21.0
451 6406.998644 1.456E-83 3.981E-09.01270.01326480.5263-.020.000046              9              6                    Q 11m     582220 3 3 2 3 2 2    69.0   69.0
451 6406.998900 1.863E-81 5.090E-07.00890.00926480.52630.650.000412              9              6                    Q 11q     352220 1 1 2 3 2 2    69.0   69.0
451 6407.232600 2.899E-52 2.230E-06.00430.00412084.69700.650.000208              5              3                    O  2q     352220 1 1 2 3 2 2     1.0    5.0
451 6419.589900 1.243E-86 1.682E-07.00990.01028284.69500.670.000563             12              8                    O  6q     352220 1 1 2 3 2 2     9.0   13.0
451 6433.981900 5.509E-88 5.389E-08.01000.01029273.58570.570.000480              4              1                    Q 25q     352220 1 1 2 3 2 2   153.0  153.0
451 6433.982116 1.460E-89 1.430E-09.00870.00929273.58570.010.000051              4              1                    Q 25m     582220 3 3 2 3 2 2   153.0  153.0
451 6445.310300 6.976E-83 1.480E-07.00520.00527008.44840.580.000395              6              4                    S 17q     352220 1 1 2 3 2 2   117.0  105.0
451 6449.237272 2.114E-83 1.594E-09.01170.01225869.5096-.050.000045             10              7                    Q  6m     582220 3 3 2 3 2 2    13.0   13.0
451 6449.237500 8.488E-81 6.398E-07.00870.00925869.50960.650.000394             10              7                    Q  6q     352220 1 1 2 3 2 2    13.0   13.0
451 6453.883300 3.277E-56 4.507E-07.00450.00414493.53840.630.000289              4              2                    Q 11q     352220 1 1 2 3 2 2    69.0   69.0
451 6453.883558 4.052E-58 5.578E-09.00360.00414493.5384-.030.000030              4              2                    Q 11m     582220 3 3 2 3 2 2    69.0   69.0
451 6454.512900 5.261E-79 5.808E-08.00390.00424691.59620.660.000258              7              5                    S 12q     352220 1 1 2 3 2 2    29.0   25.0
451 6455.390300 3.554E-86 1.749E-08.01270.01327891.40880.630.000502              7              3                    O 20q     352220 1 1 2 3 2 2    37.0   41.0
451 6456.406600 2.164E-78 1.035E-06.00870.00924752.46340.590.000291             10              7                    O  3q     352220 1 1 2 3 2 2     9.0   21.0
451 6457.241700 4.384E-85 1.948E-07.00970.01027891.40880.590.000495              6              3                    Q 20q     352220 1 1 2 3 2 2    41.0   41.0
451 6457.241749 8.765E-87 3.897E-09.00870.00927891.40880.010.000050              6              3                    Q 20m     582220 3 3 2 3 2 2    41.0   41.0
451 6466.726700 7.977E-34 3.129E-08.00410.004 3187.47050.660.000217              2              0                    O  7q     352220 1 1 2 3 2 2    33.0   45.0
451 6475.713000 2.263E-55 6.910E-07.00440.00413839.11330.620.000289              5              3                    Q  6q     352220 1 1 2 3 2 2    13.0   13.0
451 6475.713204 9.001E-58 2.752E-09.00380.00413839.1133-.040.000031              5              3                    Q  6m     582220 3 3 2 3 2 2    13.0   13.0
451 6491.983800 5.636E-74 2.860E-08.00910.00922251.10950.650.000408              8              5                    O  9q     352220 1 1 2 3 2 2    45.0   57.0
451 6493.481100 8.932E-67 1.338E-06.00370.00419376.02850.660.000202              7              5                    S  4q     352220 1 1 2 3 2 2    13.0    9.0
451 6506.641200 1.064E-58 8.128E-07.00520.00515250.36570.520.000277              6              4                    S  0q     352220 1 1 2 3 2 2     5.0    1.0
451 6507.477200 2.935E-87 8.352E-08.01010.01028884.04040.600.000497             10              7                    S 11q     352220 1 1 2 3 2 2    81.0   69.0
451 6518.977700 1.198E-56 2.529E-07.00440.00414399.22040.630.000287              3              1                    Q 14q     352220 1 1 2 3 2 2    29.0   29.0
451 6518.977818 2.208E-58 4.667E-09.00380.00414399.2204-.020.000030              3              1                    Q 14m     582220 3 3 2 3 2 2    29.0   29.0
451 6519.132000 1.528E-57 9.291E-08.00440.00414881.55250.640.000288              2              0                    Q 17q     352220 1 1 2 3 2 2   105.0  105.0
451 6519.132133 3.931E-59 2.391E-09.00400.00414881.5525-.010.000031              2              0                    Q 17m     582220 3 3 2 3 2 2   105.0  105.0
451 6525.606500 3.270E-86 1.064E-08.01270.01327823.04400.610.000480              6              2                    O 22q     352220 1 1 2 3 2 2    41.0   45.0
451 6527.881587 5.393E-84 4.440E-09.01240.01226521.3570-.010.000048              8              5                    Q 14m     582220 3 3 2 3 2 2    29.0   29.0
451 6527.881700 4.936E-82 4.062E-07.00900.00926521.35700.650.000438              8              5                    Q 14q     352220 1 1 2 3 2 2    29.0   29.0
451 6536.489300 2.751E-76 1.706E-07.00390.00423831.67230.660.000252              7              5                    S 11q     352220 1 1 2 3 2 2    81.0   69.0
451 6538.630076 1.814E-84 4.416E-09.01230.01227008.44840.010.000049              7              4                    Q 17m     582220 3 3 2 3 2 2   105.0  105.0
451 6538.630100 1.218E-82 2.964E-07.00910.00927008.44840.640.000459              7              4                    Q 17q     352220 1 1 2 3 2 2   105.0  105.0
451 6541.727400 9.382E-54 7.079E-07.00440.00413265.26810.620.000282              5              3                    Q  5q     352220 1 1 2 3 2 2    33.0   33.0
451 6541.727653 2.567E-56 1.940E-09.00370.00413265.2681-.040.000031              5              3                    Q  5m     582220 3 3 2 3 2 2    33.0   33.0
451 6544.843300 4.429E-89 1.620E-08.01000.01029553.43320.580.000480              3              0                    Q 27q     352220 1 1 2 3 2 2   165.0  165.0
451 6544.843587 1.176E-90 4.312E-10.00930.00929553.43320.020.000052              3              0                    Q 27m     582220 3 3 2 3 2 2   165.0  165.0
451 6556.661600 9.171E-76 2.506E-07.00910.00923209.75760.650.000414              9              6                    O  6q     352220 1 1 2 3 2 2     9.0   13.0
451 6562.705600 1.086E-86 4.561E-09.01260.01327892.30000.610.000453              5              1                    O 24q     352220 1 1 2 3 2 2    45.0   49.0
451 6563.304700 3.485E-67 1.252E-06.00380.00419806.99550.670.000219              7              5                    S  5q     352220 1 1 2 3 2 2    45.0   33.0
451 6563.596800 8.678E-85 3.630E-07.00560.00627891.40880.520.000412              5              3                    S 20q     352220 1 1 2 3 2 2    45.0   41.0
451 6567.136200 1.200E-54 4.649E-07.00440.00413507.28160.630.000278              4              2                    Q 10q     352220 1 1 2 3 2 2    21.0   21.0
451 6567.136455 1.176E-56 4.561E-09.00350.00413507.2816-.040.000029              4              2                    Q 10m     582220 3 3 2 3 2 2    21.0   21.0
451 6567.392705 2.977E-82 1.083E-09.01030.01025430.0601-.060.000045             10              7                    Q  5m     582220 3 3 2 3 2 2    33.0   33.0
451 6567.392900 1.825E-79 6.638E-07.00860.00925430.06010.640.000383             10              7                    Q  5q     352220 1 1 2 3 2 2    33.0   33.0
451 6568.078400 5.763E-85 1.811E-08.01330.01327479.51420.650.000523              9              5                    O 15q     352220 1 1 2 3 2 2    81.0   93.0
451 6570.160100 8.838E-39 1.970E-07.00410.004 5813.92170.650.000236              3              1                    O  5q     352220 1 1 2 3 2 2    21.0   33.0
451 6570.578500 5.242E-65 3.683E-09.00850.00917750.33200.650.000337              3              0                    O 19q     352220 1 1 2 3 2 2   105.0  117.0
451 6573.190200 1.069E-87 1.101E-09.01220.01228093.69870.630.000441              4              0                    O 26q     352220 1 1 2 3 2 2    49.0   53.0
451 6588.528700 3.405E-74 2.486E-11.00900.00920947.42170.660.000399              7              4                    O 11q     352220 1 1 2 3 2 2    57.0   69.0
451 6588.592500 1.126E-86 5.448E-07.00570.00629118.97510.530.000421              4              2                    S 23q     352220 1 1 2 3 2 2   153.0  141.0
451 6595.867900 8.494E-75 3.301E-07.00390.00423016.22250.660.000266              7              5                    S 10q     352220 1 1 2 3 2 2    25.0   21.0
451 6597.213200 2.748E-53 7.268E-07.00440.00412778.81530.610.000262              5              3                    Q  4q     352220 1 1 2 3 2 2     9.0    9.0
451 6597.213405 4.830E-56 1.279E-09.00360.00412778.8153-.030.000029              5              3                    Q  4m     582220 3 3 2 3 2 2     9.0    9.0
451 6609.150632 1.263E-82 3.058E-09.01270.01325724.3588-.020.000046              9              6                    Q 10m     582220 3 3 2 3 2 2    21.0   21.0
451 6609.150700 2.212E-80 5.354E-07.00880.00925724.35880.650.000411              9              6                    Q 10q     352220 1 1 2 3 2 2    21.0   21.0
451 6612.705400 9.752E-69 1.111E-06.00380.00420314.82630.670.000246              7              5                    S  6q     352220 1 1 2 3 2 2    17.0   13.0
451 6616.742500 1.060E-65 9.836E-09.00870.00918253.41720.650.000353              4              1                    O 17q     352220 1 1 2 3 2 2    93.0  105.0
451 6619.547200 1.183E-81 4.414E-08.00530.00525929.28680.590.000406              6              4                    S 16q     352220 1 1 2 3 2 2    37.0   33.0
451 6623.107800 1.043E-44 7.615E-07.00560.006 8722.70200.670.000221              4              2                    O  3q     352220 1 1 2 3 2 2     9.0   21.0
451 6628.887500 1.440E-78 2.127E-06.00750.00824521.50350.560.000274             10              7                    O  2q     352220 1 1 2 3 2 2     1.0    5.0
451 6631.961600 3.846E-85 1.178E-07.01000.01027823.04400.560.000486              5              2                    Q 22q     352220 1 1 2 3 2 2    45.0   45.0
451 6631.961796 7.810E-87 2.394E-09.00810.00827823.04400.010.000050              5              2                    Q 22m     582220 3 3 2 3 2 2    45.0   45.0
451 6632.930900 1.510E-72 5.216E-07.00390.00422251.10950.660.000261              7              5                    S  9q     352220 1 1 2 3 2 2    69.0   57.0
451 6633.636100 2.444E-69 7.100E-09.00900.00919846.89020.640.000386              6              3                    O 13q     352220 1 1 2 3 2 2    69.0   81.0
451 6639.989600 4.017E-67 1.274E-08.00890.00918950.12220.630.000373              5              2                    O 15q     352220 1 1 2 3 2 2    81.0   93.0
451 6641.059500 1.619E-69 9.304E-07.00380.00420894.89090.670.000229              7              5                    S  7q     352220 1 1 2 3 2 2    57.0   45.0
451 6641.922500 4.472E-52 7.542E-07.00560.00612384.08180.610.000246              5              3                    Q  3q     352220 1 1 2 3 2 2    21.0   21.0
451 6641.922710 4.505E-55 7.605E-10.00430.00412384.0818-.030.000029              5              3                    Q  3m     582220 3 3 2 3 2 2    21.0   21.0
451 6647.910900 2.004E-71 7.281E-07.00390.00421542.11970.660.000235              7              5                    S  8q     352220 1 1 2 3 2 2    21.0   17.0
451 6655.737700 1.180E-53 2.619E-07.00440.00413191.15250.640.000276              3              1                    Q 13q     352220 1 1 2 3 2 2    81.0   81.0
451 6655.737751 1.787E-55 3.966E-09.00380.00413191.1525-.020.000029              3              1                    Q 13m     582220 3 3 2 3 2 2    81.0   81.0
451 6658.049700 1.898E-85 1.451E-08.01370.01427535.95040.640.000552             11              7                    O  9q     352220 1 1 2 3 2 2    45.0   57.0
451 6659.740400 3.715E-58 1.126E-06.00560.00615345.80980.590.000285              6              4                    S  1q     352220 1 1 2 3 2 2    21.0    9.0
451 6665.663500 2.787E-85 2.457E-07.01330.01327881.66970.610.000556             12              8                    O  5q     352220 1 1 2 3 2 2    21.0   33.0
451 6665.761950 3.105E-82 6.942E-10.00920.00925056.4070-.050.000042             10              7                    Q  4m     582220 3 3 2 3 2 2     9.0    9.0
451 6665.762100 3.078E-79 6.878E-07.00880.00925056.40700.610.000369             10              7                    Q  4q     352220 1 1 2 3 2 2     9.0    9.0
451 6671.665200 2.873E-52 4.776E-07.00440.00412584.71620.630.000283              4              2                    Q  9q     352220 1 1 2 3 2 2    57.0   57.0
451 6671.665413 2.206E-54 3.669E-09.00350.00412584.7162-.040.000028              4              2                    Q  9m     582220 3 3 2 3 2 2    57.0   57.0
451 6675.646600 4.877E-52 8.143E-07.00510.00512084.69700.580.000236              5              3                    Q  2q     352220 1 1 2 3 2 2     5.0    5.0
451 6675.646750 2.260E-55 3.778E-10.00390.00412084.69700.030.000026              5              3                    Q  2m     582220 3 3 2 3 2 2     5.0    5.0
451 6675.721200 4.207E-55 9.665E-08.00440.00413485.98970.640.000276              2              0                    Q 16q     352220 1 1 2 3 2 2    33.0   33.0
451 6675.721375 9.092E-57 2.089E-09.00410.00413485.9897-.010.000031              2              0                    Q 16m     582220 3 3 2 3 2 2    33.0   33.0
451 6686.258700 7.328E-86 3.427E-09.01350.01327276.24810.650.000561             10              6                    O 12q     352220 1 1 2 3 2 2    21.0   25.0
451 6698.222500 3.263E-51 1.146E-06.00510.00511883.48780.620.000223              5              3                    Q  1q     352220 1 1 2 3 2 2     9.0    9.0
451 6698.222683 3.567E-55 1.254E-10.00580.00611883.48780.000.000024              5              3                    Q  1m     582220 3 3 2 3 2 2     9.0    9.0
451 6721.921000 6.418E-86 2.164E-07.01000.01028190.03060.610.000483             10              7                    S 10q     352220 1 1 2 3 2 2    25.0   21.0
451 6725.000600 1.292E-32 4.701E-08.00410.004 2414.89700.660.000227              2              0                    O  6q     352220 1 1 2 3 2 2     9.0   13.0
451 6728.023915 4.087E-89 1.459E-09.01860.01928884.04040.030.000061             11              7                    Q 11m     582220 3 3 2 3 2 2    69.0   69.0
451 6728.024700 7.975E-87 2.848E-07.01300.01328884.04040.640.000546             11              7                    Q 11q     352220 1 1 2 3 2 2    69.0   69.0
451 6739.186400 8.257E-84 2.410E-08.01320.01327008.44840.650.000515              8              4                    O 17q     352220 1 1 2 3 2 2    93.0  105.0
451 6742.575300 8.715E-73 5.261E-08.00910.00921542.11970.650.000408              8              5                    O  8q     352220 1 1 2 3 2 2    13.0   17.0
451 6744.435860 1.805E-81 4.041E-10.00800.00824752.4634-.020.000040             10              7                    Q  3m     582220 3 3 2 3 2 2    21.0   21.0
451 6744.436000 3.208E-78 7.178E-07.00890.00924752.46340.560.000346             10              7                    Q  3q     352220 1 1 2 3 2 2    21.0   21.0
451 6762.400300 4.114E-82 2.058E-07.00970.01026691.35840.590.000488              6              3                    Q 19q     352220 1 1 2 3 2 2   117.0  117.0
451 6762.400508 6.343E-84 3.175E-09.00870.00926691.35840.000.000049              6              3                    Q 19m     582220 3 3 2 3 2 2   117.0  117.0
451 6767.106900 5.381E-51 4.893E-07.00430.00411732.11480.640.000280              4              2                    Q  8q     352220 1 1 2 3 2 2    17.0   17.0
451 6767.107182 3.181E-53 2.894E-09.00350.00311732.1148-.040.000028              4              2                    Q  8m     582220 3 3 2 3 2 2    17.0   17.0
451 6768.270700 1.247E-79 4.273E-07.00890.00925590.11180.650.000431              8              5                    Q 13q     352220 1 1 2 3 2 2    81.0   81.0
451 6768.270735 1.031E-81 3.534E-09.01240.01225590.1118-.020.000046              8              5                    Q 13m     582220 3 3 2 3 2 2    81.0   81.0
451 6770.723900 1.502E-80 1.200E-09.00520.00524870.15970.590.000398              6              4                    S 15q     352220 1 1 2 3 2 2   105.0   93.0
451 6774.588900 1.370E-85 5.631E-08.01000.01027892.30000.570.000478              4              1                    Q 24q     352220 1 1 2 3 2 2    49.0   49.0
451 6774.589122 2.862E-87 1.178E-09.00870.00927892.30000.020.000049              4              1                    Q 24m     582220 3 3 2 3 2 2    49.0   49.0
451 6777.277900 2.958E-74 3.693E-07.00900.00922735.58600.630.000404              9              6                    O  5q     352220 1 1 2 3 2 2    21.0   33.0
451 6779.896700 4.377E-82 1.996E-07.00560.00626691.35840.530.000406              5              3                    S 19q     352220 1 1 2 3 2 2   129.0  117.0
451 6785.131600 1.014E-51 2.703E-07.00440.00412031.60910.640.000279              3              1                    Q 12q     352220 1 1 2 3 2 2    25.0   25.0
451 6785.131639 1.256E-53 3.347E-09.00380.00412031.6091-.020.000030              3              1                    Q 12m     582220 3 3 2 3 2 2    25.0   25.0
451 6792.275197 7.871E-81 2.343E-09.01260.01325013.5715-.030.000047              9              6                    Q  9m     582220 3 3 2 3 2 2    57.0   57.0
451 6792.275200 1.872E-78 5.569E-07.00880.00925013.57150.650.000409              9              6                    Q  9q     352220 1 1 2 3 2 2    57.0   57.0
451 6797.112500 7.054E-59 1.308E-06.00590.00615535.74330.620.000296              6              4                    S  2q     352220 1 1 2 3 2 2     9.0    5.0
451 6803.446941 6.348E-82 1.976E-10.00650.00724521.50350.040.000039             10              7                    Q  2m     582220 3 3 2 3 2 2     5.0    5.0
451 6803.447000 2.501E-78 7.784E-07.00680.00724521.50350.400.000311             10              7                    Q  2q     352220 1 1 2 3 2 2     5.0    5.0
451 6812.951900 7.046E-81 3.122E-07.00900.00925929.28680.640.000452              7              4                    Q 16q     352220 1 1 2 3 2 2    33.0   33.0
451 6812.952041 8.079E-83 3.582E-09.01220.01225929.28680.000.000048              7              4                    Q 16m     582220 3 3 2 3 2 2    33.0   33.0
451 6813.317600 3.945E-38 2.842E-07.00450.004 5271.37940.660.000231              3              1                    O  4q     352220 1 1 2 3 2 2     5.0    9.0
451 6824.567641 5.432E-89 5.750E-10.01670.01728284.69500.000.000059             12              8                    Q  6m     582220 3 3 2 3 2 2    13.0   13.0
451 6824.568400 3.460E-86 3.664E-07.01270.01328284.69500.630.000515             12              8                    Q  6q     352220 1 1 2 3 2 2    13.0   13.0
451 6824.690800 4.201E-87 4.287E-07.00570.00629273.58570.540.000423              3              1                    S 25q     352220 1 1 2 3 2 2   165.0  153.0
451 6826.303100 8.821E-52 1.001E-07.00440.00412123.81910.640.000272              2              0                    Q 15q     352220 1 1 2 3 2 2    93.0   93.0
451 6826.303347 1.601E-53 1.818E-09.00400.00412123.8191-.010.000029              2              0                    Q 15m     582220 3 3 2 3 2 2    93.0   93.0
451 6835.754300 5.565E-89 6.289E-09.01040.01028962.76890.590.000533              9              6                    S 14q     352220 1 1 2 3 2 2    33.0   29.0
451 6842.796754 7.900E-82 6.495E-11.01040.01024366.07320.030.000034             10              7                    Q  1m     582220 3 3 2 3 2 2     9.0    9.0
451 6842.796800 1.336E-77 1.098E-06.00770.00824366.07320.530.000312             10              7                    Q  1q     352220 1 1 2 3 2 2     9.0    9.0
451 6843.844900 1.234E-84 3.697E-07.00550.00527823.04400.540.000415              4              2                    S 22q     352220 1 1 2 3 2 2    49.0   45.0
451 6844.004800 1.047E-44 1.579E-06.00440.004 8406.36090.660.000200              4              2                    O  2q     352220 1 1 2 3 2 2     1.0    5.0
451 6853.093300 6.183E-49 4.999E-07.00440.00410955.61770.640.000268              4              2                    Q  7q     352220 1 1 2 3 2 2    45.0   45.0
451 6853.093496 2.748E-51 2.223E-09.00390.00410955.6177-.030.000029              4              2                    Q  7m     582220 3 3 2 3 2 2    45.0   45.0
451 6853.113900 4.114E-71 1.565E-09.00910.00920074.41780.660.000403              7              4                    O 10q     352220 1 1 2 3 2 2    17.0   21.0
451 6855.720100 3.536E-83 2.026E-08.01270.01326691.35840.630.000501              7              3                    O 19q     352220 1 1 2 3 2 2   105.0  117.0
451 6856.061300 1.816E-62 3.926E-09.00860.00916304.80690.650.000337              3              0                    O 18q     352220 1 1 2 3 2 2    33.0   37.0
451 6887.768900 4.851E-85 3.617E-07.01230.01227538.44900.570.000511             12              8                    O  4q     352220 1 1 2 3 2 2     5.0    9.0
451 6890.050000 1.595E-86 1.669E-08.00990.01028093.69870.580.000474              3              0                    Q 26q     352220 1 1 2 3 2 2    53.0   53.0
451 6890.050299 3.451E-88 3.618E-10.00930.00928093.69870.010.000051              3              0                    Q 26m     582220 3 3 2 3 2 2    53.0   53.0
451 6896.684800 7.304E-84 3.909E-07.00990.01027535.95040.610.000485             10              7                    S  9q     352220 1 1 2 3 2 2    69.0   57.0
451 6897.765413 1.231E-89 1.611E-09.01860.01928962.76890.050.000062             10              6                    Q 14m     572220 3 3 2 3 2 2    29.0   29.0
451 6897.766100 1.761E-87 2.306E-07.01320.01328962.76890.630.000573             10              6                    Q 14q     352220 1 1 2 3 2 2    29.0   29.0
451 6899.772600 1.106E-77 1.922E-08.00520.00523836.65360.590.000389              6              4                    S 14q     352220 1 1 2 3 2 2    33.0   29.0
451 6900.398200 1.867E-63 1.002E-08.00870.00916936.25540.640.000345              4              1                    O 16q     352220 1 1 2 3 2 2    29.0   33.0
451 6906.791800 5.959E-49 2.777E-07.00440.00410926.97290.640.000276              3              1                    Q 11q     352220 1 1 2 3 2 2    69.0   69.0
451 6906.791945 5.998E-51 2.794E-09.00380.00410926.9729-.030.000028              3              1                    Q 11m     582220 3 3 2 3 2 2    69.0   69.0
451 6907.618100 6.766E-68 4.684E-09.00900.00918816.74070.640.000388              6              3                    O 12q     352220 1 1 2 3 2 2    21.0   25.0
451 6917.298200 6.799E-59 1.406E-06.00460.00515818.28780.620.000305              6              4                    S  3q     352220 1 1 2 3 2 2    33.0   21.0
451 6920.025100 3.243E-65 1.177E-08.00890.00917771.57110.630.000374              5              2                    O 14q     352220 1 1 2 3 2 2    25.0   29.0
451 6929.042100 5.241E-83 1.224E-08.01280.01326524.71660.620.000479              6              2                    O 21q     352220 1 1 2 3 2 2   117.0  129.0
451 6929.262600 5.213E-48 5.101E-07.00440.00410261.12850.630.000274              4              2                    Q  6q     352220 1 1 2 3 2 2    13.0   13.0
451 6929.262859 1.685E-50 1.650E-09.00380.00410261.1285-.040.000030              4              2                    Q  6m     582220 3 3 2 3 2 2    13.0   13.0
451 6939.904900 1.770E-83 1.910E-08.01330.01326521.35700.650.000527              9              5                    O 14q     352220 1 1 2 3 2 2    25.0   29.0
451 6946.538500 5.772E-82 1.229E-07.01000.01026524.71660.570.000480              5              2                    Q 21q     352220 1 1 2 3 2 2   129.0  129.0
451 6946.538770 9.382E-84 2.000E-09.00810.00826524.71660.010.000049              5              2                    Q 21m     582220 3 3 2 3 2 2   129.0  129.0
451 6956.871998 4.192E-80 1.778E-09.01250.01224353.8836-.030.000046              9              6                    Q  8m     582220 3 3 2 3 2 2    17.0   17.0
451 6956.872000 1.356E-77 5.746E-07.00880.00924353.88360.650.000407              9              6                    Q  8q     352220 1 1 2 3 2 2    17.0   17.0
451 6960.969900 1.833E-84 2.756E-08.01370.01426927.53170.640.000552             11              7                    O  8q     352220 1 1 2 3 2 2    13.0   17.0
451 6967.752700 2.689E-83 5.197E-09.01260.01326503.50240.610.000457              5              1                    O 23q     352220 1 1 2 3 2 2   129.0  141.0
451 6970.544400 1.929E-89 8.950E-10.01300.01328884.04040.680.000680             12              7                    O 11q     352220 1 1 2 3 2 2    57.0   69.0
451 6970.559000 1.688E-49 1.033E-07.00440.00410801.01210.640.000268              2              0                    Q 14q     352220 1 1 2 3 2 2    29.0   29.0
451 6970.559116 2.569E-51 1.573E-09.00400.00410801.0121-.040.000030              2              0                    Q 14m     582220 3 3 2 3 2 2    29.0   29.0
451 6973.353200 1.787E-80 8.266E-08.00550.00625499.49000.540.000411              5              3                    S 18q     352220 1 1 2 3 2 2    41.0   37.0
451 6977.952700 1.659E-51 6.963E-07.00540.00511782.39090.590.000272              5              3                    S  0q     352220 1 1 2 3 2 2     5.0    1.0
451 6978.537300 3.937E-84 1.241E-09.01250.01226621.84590.630.000442              4              0                    O 25q     352220 1 1 2 3 2 2   141.0  153.0
451 6982.512400 1.099E-30 6.955E-08.00410.004 1740.18960.660.000217              2              0                    O  5q     352220 1 1 2 3 2 2    21.0   33.0
451 6986.778800 8.288E-71 9.106E-08.00910.00920894.89090.650.000405              8              5                    O  7q     352220 1 1 2 3 2 2    33.0   45.0
451 6986.886700 6.924E-74 5.449E-07.00880.00922332.85580.600.000377              9              6                    O  4q     352220 1 1 2 3 2 2     5.0    9.0
451 6990.522500 2.956E-78 4.440E-07.00890.00924691.59620.650.000424              8              5                    Q 12q     352220 1 1 2 3 2 2    25.0   25.0
451 6990.522611 1.886E-80 2.834E-09.01230.01224691.5962-.010.000047              8              5                    Q 12m     582220 3 3 2 3 2 2    25.0   25.0
451 6995.271600 2.531E-46 5.203E-07.00430.004 9654.19720.630.000258              4              2                    Q  5q     352220 1 1 2 3 2 2    33.0   33.0
451 6995.271790 5.677E-49 1.168E-09.00370.004 9654.1972-.040.000028              4              2                    Q  5m     582220 3 3 2 3 2 2    33.0   33.0
451 7007.224700 1.934E-74 9.426E-08.00510.00522834.47140.600.000373              6              4                    S 13q     352220 1 1 2 3 2 2    93.0   81.0
451 7010.256200 7.785E-89 1.221E-08.01300.01328962.76890.680.000664             11              6                    O 14q     352220 1 1 2 3 2 2    25.0   29.0
451 7011.538218 6.169E-88 3.829E-10.01430.01427881.6697-.010.000058             12              8                    Q  5m     582220 3 3 2 3 2 2    33.0   33.0
451 7011.538900 6.221E-85 3.862E-07.01250.01227881.66970.620.000501             12              8                    Q  5q     352220 1 1 2 3 2 2    33.0   33.0
451 7019.054900 4.336E-60 1.432E-06.00460.00516190.70270.630.000308              6              4                    S  4q     352220 1 1 2 3 2 2    13.0    9.0
451 7020.320700 2.865E-47 2.845E-07.00430.004 9883.73750.640.000264              3              1                    Q 10q     352220 1 1 2 3 2 2    21.0   21.0
451 7020.320779 2.319E-49 2.302E-09.00370.004 9883.7375-.020.000029              3              1                    Q 10m     582220 3 3 2 3 2 2    21.0   21.0
451 7028.840100 4.861E-84 1.935E-09.01350.01426480.52630.640.000540             10              6                    O 11q     352220 1 1 2 3 2 2    57.0   69.0
451 7034.975100 6.150E-83 5.846E-07.00960.01026927.53170.620.000476             10              7                    S  8q     352220 1 1 2 3 2 2    21.0   17.0
451 7037.035200 6.182E-78 6.613E-07.00780.00824287.91530.430.000379             10              7                    S  0q     352220 1 1 2 3 2 2     5.0    1.0
451 7049.344000 4.092E-80 2.143E-07.00980.01025499.49000.590.000468              6              3                    Q 18q     352220 1 1 2 3 2 2    37.0   37.0
451 7049.344188 5.057E-82 2.651E-09.00870.00925499.49000.000.000047              6              3                    Q 18m     582220 3 3 2 3 2 2    37.0   37.0
451 7050.805100 8.471E-46 5.326E-07.00440.004 9139.89760.630.000263              4              2                    Q  4q     352220 1 1 2 3 2 2     9.0    9.0
451 7050.805261 1.228E-48 7.729E-10.00360.004 9139.8976-.040.000029              4              2                    Q  4m     582220 3 3 2 3 2 2     9.0    9.0
451 7052.096300 8.546E-37 4.317E-07.00570.006 4831.39150.670.000208              3              1                    O  3q     352220 1 1 2 3 2 2     9.0   21.0
451 7053.516586 2.457E-88 1.086E-09.01890.01928190.03060.030.000060             11              7                    Q 10m     582220 3 3 2 3 2 2    21.0   21.0
451 7053.517200 7.013E-86 3.099E-07.01290.01328190.03060.640.000538             11              7                    Q 10q     352220 1 1 2 3 2 2    21.0   21.0
451 7069.477800 3.301E-78 3.247E-07.00900.00924870.15970.640.000445              7              4                    Q 15q     352220 1 1 2 3 2 2    93.0   93.0
451 7069.478030 2.999E-80 2.952E-09.01210.01224870.15970.000.000048              7              4                    Q 15m     582220 3 3 2 3 2 2    93.0   93.0
451 7075.666600 1.109E-81 2.242E-07.00560.00626524.71660.540.000406              4              2                    S 21q     352220 1 1 2 3 2 2   141.0  129.0
451 7084.936200 4.964E-84 5.591E-07.01220.01227258.91210.550.000413             12              8                    O  3q     352220 1 1 2 3 2 2     9.0   21.0
451 7091.448700 7.285E-85 3.033E-07.00560.00627892.30000.540.000406              3              1                    S 24q     352220 1 1 2 3 2 2    53.0   49.0
451 7093.342700 1.489E-72 2.189E-07.00510.00521869.42620.600.000372              6              4                    S 12q     352220 1 1 2 3 2 2    29.0   25.0
451 7095.585800 1.534E-44 5.509E-07.00570.006 8722.70200.640.000253              4              2                    Q  3q     352220 1 1 2 3 2 2    21.0   21.0
451 7095.586022 1.282E-47 4.610E-10.00450.004 8722.7020-.030.000028              4              2                    Q  3m     582220 3 3 2 3 2 2    21.0   21.0
451 7096.880800 3.167E-82 5.809E-08.00970.01026503.50240.580.000472              4              1                    Q 23q     352220 1 1 2 3 2 2   141.0  141.0
451 7096.881025 5.481E-84 1.007E-09.00870.00926503.50240.000.000050              4              1                    Q 23m     582220 3 3 2 3 2 2   141.0  141.0
451 7101.376100 1.534E-60 1.393E-06.00470.00516649.46880.630.000330              6              4                    S  5q     352220 1 1 2 3 2 2    45.0   33.0
451 7103.222000 6.626E-76 5.898E-07.00880.00923750.84490.650.000403              9              6                    Q  7q     352220 1 1 2 3 2 2    45.0   45.0
451 7103.222138 1.488E-78 1.325E-09.01240.01223750.8449-.030.000044              9              6                    Q  7m     582220 3 3 2 3 2 2    45.0   45.0
451 7108.119000 2.317E-46 1.063E-07.00430.004 9523.79160.640.000273              2              0                    Q 13q     352220 1 1 2 3 2 2    81.0   81.0
451 7108.119171 2.945E-48 1.351E-09.00400.004 9523.7916-.010.000029              2              0                    Q 13m     582220 3 3 2 3 2 2    81.0   81.0
451 7113.918800 2.390E-68 6.940E-09.00910.00919256.38140.650.000408              7              4                    O  9q     352220 1 1 2 3 2 2    45.0   57.0
451 7119.951900 4.824E-82 2.657E-08.01320.01325929.28680.650.000519              8              4                    O 16q     352220 1 1 2 3 2 2    29.0   33.0
451 7120.220000 1.029E-85 6.943E-08.01030.01028105.63640.590.000521              9              6                    S 13q     352220 1 1 2 3 2 2    93.0   81.0
451 7125.300900 8.833E-45 2.907E-07.00440.004 8908.44080.640.000270              3              1                    Q  9q     352220 1 1 2 3 2 2    57.0   57.0
451 7125.300941 5.670E-47 1.865E-09.00370.004 8908.4408-.030.000029              3              1                    Q  9m     582220 3 3 2 3 2 2    57.0   57.0
451 7129.382400 1.815E-44 5.939E-07.00530.005 8406.36090.620.000223              4              2                    Q  2q     352220 1 1 2 3 2 2     5.0    5.0
451 7129.382593 7.006E-48 2.295E-10.00400.004 8406.36090.000.000027              4              2                    Q  2m     582220 3 3 2 3 2 2     5.0    5.0
451 7130.826200 2.406E-77 9.201E-07.00890.00924366.07320.520.000403             10              7                    S  1q     352220 1 1 2 3 2 2    21.0    9.0
451 7139.066200 3.224E-81 7.748E-07.00970.01026370.30020.620.000466             10              7                    S  7q     352220 1 1 2 3 2 2    57.0   45.0
451 7142.516500 5.748E-51 9.837E-07.00570.00611883.48780.610.000291              5              3                    S  1q     352220 1 1 2 3 2 2    21.0    9.0
451 7143.219100 4.972E-59 4.098E-09.00870.00914881.55250.650.000338              3              0                    O 17q     352220 1 1 2 3 2 2    93.0  105.0
451 7145.462000 2.931E-78 1.622E-08.00550.00524320.91050.550.000394              5              3                    S 17q     352220 1 1 2 3 2 2   117.0  105.0
451 7152.015500 1.282E-43 8.346E-07.00520.005 8193.79430.640.000236              4              2                    Q  1q     352220 1 1 2 3 2 2     9.0    9.0
451 7152.015720 1.170E-47 7.627E-11.00570.006 8193.7943-.020.000024              4              2                    Q  1m     582220 3 3 2 3 2 2     9.0    9.0
451 7158.214700 6.313E-70 3.829E-07.00500.00520947.42170.610.000361              6              4                    S 11q     352220 1 1 2 3 2 2    81.0   69.0
451 7163.492500 3.823E-62 1.297E-06.00470.00517190.39110.620.000328              6              4                    S  6q     352220 1 1 2 3 2 2    17.0   13.0
451 7165.835325 5.402E-88 2.422E-10.01180.01227538.4490-.010.000056             12              8                    Q  4m     582220 3 3 2 3 2 2     9.0    9.0
451 7165.835900 9.001E-85 4.035E-07.01200.01227538.44900.590.000471             12              8                    Q  4q     352220 1 1 2 3 2 2     9.0    9.0
451 7179.806800 9.298E-66 2.156E-09.00900.00917833.76470.640.000389              6              3                    O 11q     352220 1 1 2 3 2 2    57.0   69.0
451 7184.013700 8.940E-73 8.419E-07.00870.00922005.55020.590.000291              9              6                    O  3q     352220 1 1 2 3 2 2     9.0   21.0
451 7184.877700 2.461E-60 9.853E-09.00880.00915649.59370.640.000353              4              1                    O 15q     352220 1 1 2 3 2 2    81.0   93.0
451 7195.433600 5.187E-76 4.576E-07.00890.00923831.67230.650.000412              8              5                    Q 11q     352220 1 1 2 3 2 2    69.0   69.0
451 7195.433859 2.581E-78 2.279E-09.01230.01223831.6723-.020.000046              8              5                    Q 11m     582220 3 3 2 3 2 2    69.0   69.0
451 7199.761700 1.806E-62 1.010E-08.00900.00916631.91060.630.000374              5              2                    O 13q     352220 1 1 2 3 2 2    69.0   81.0
451 7200.665600 5.506E-78 1.066E-06.00980.01024521.50350.590.000404             10              7                    S  2q     352220 1 1 2 3 2 2     9.0    5.0
451 7201.830300 2.007E-68 5.732E-07.00480.00520074.41780.610.000362              6              4                    S 10q     352220 1 1 2 3 2 2    25.0   21.0
451 7204.860500 5.577E-63 1.153E-06.00480.00517808.71100.620.000342              6              4                    S  7q     352220 1 1 2 3 2 2    57.0   45.0
451 7210.704100 1.305E-80 9.404E-07.00940.00925869.50960.620.000448             10              7                    S  6q     352220 1 1 2 3 2 2    17.0   13.0
451 7218.353600 5.479E-83 1.703E-08.00990.01026621.84590.580.000468              3              0                    Q 25q     352220 1 1 2 3 2 2   153.0  153.0
451 7218.353981 1.013E-84 3.155E-10.00940.00926621.84590.020.000050              3              0                    Q 25m     582220 3 3 2 3 2 2   153.0  153.0
451 7221.307100 2.085E-43 2.963E-07.00430.004 8007.58220.640.000267              3              1                    Q  8q     352220 1 1 2 3 2 2    17.0   17.0
451 7221.307190 1.041E-45 1.480E-09.00370.004 8007.5822-.040.000027              3              1                    Q  8m     582220 3 3 2 3 2 2    17.0   17.0
451 7223.622700 5.848E-70 1.502E-07.00910.00920314.82630.650.000414              8              5                    O  6q     352220 1 1 2 3 2 2     9.0   13.0
451 7224.144900 3.972E-66 7.757E-07.00490.00519256.38140.610.000348              6              4                    S  9q     352220 1 1 2 3 2 2    69.0   57.0
451 7225.137100 6.019E-65 9.741E-07.00480.00518499.22170.620.000349              6              4                    S  8q     352220 1 1 2 3 2 2    21.0   17.0
451 7231.451800 2.619E-75 6.028E-07.00870.00923209.75760.650.000394              9              6                    Q  6q     352220 1 1 2 3 2 2    13.0   13.0
451 7231.451929 4.174E-78 9.614E-10.01130.01123209.7576-.040.000044              9              6                    Q  6m     582220 3 3 2 3 2 2    13.0   13.0
451 7237.563400 5.804E-30 1.031E-07.00450.004 1168.79750.660.000214              2              0                    O  4q     352220 1 1 2 3 2 2     5.0    9.0
451 7238.572200 2.728E-44 1.090E-07.00440.004 8298.60140.640.000259              2              0                    Q 12q     352220 1 1 2 3 2 2    25.0   25.0
451 7238.572343 2.877E-46 1.150E-09.00390.004 8298.6014-.020.000029              2              0                    Q 12m     582220 3 3 2 3 2 2    25.0   25.0
451 7242.748700 3.649E-81 2.262E-08.01280.01325499.49000.630.000501              7              3                    O 18q     352220 1 1 2 3 2 2    33.0   37.0
451 7244.291000 9.480E-80 1.268E-07.00990.01025228.55220.570.000473              5              2                    Q 20q     352220 1 1 2 3 2 2    41.0   41.0
451 7244.291264 1.281E-81 1.715E-09.00800.00825228.55220.010.000049              5              2                    Q 20m     582220 3 3 2 3 2 2    41.0   41.0
451 7244.989600 6.900E-78 1.134E-06.00950.01024752.46340.610.000403             10              7                    S  3q     352220 1 1 2 3 2 2    33.0   21.0
451 7245.229100 1.173E-82 5.015E-08.01360.01426370.30020.640.000558             11              7                    O  7q     352220 1 1 2 3 2 2    33.0   45.0
451 7251.350300 3.270E-79 1.063E-06.00950.01025430.06010.630.000450             10              7                    S  5q     352220 1 1 2 3 2 2    45.0   33.0
451 7255.877100 3.161E-84 1.196E-06.01050.01027046.29700.510.000371             12              8                    O  2q     352220 1 1 2 3 2 2     1.0    5.0
451 7262.340100 6.159E-79 1.131E-06.00930.00925056.40700.620.000433             10              7                    S  4q     352220 1 1 2 3 2 2    13.0    9.0
451 7284.552400 9.522E-37 9.129E-07.00450.004 4497.83850.660.000218              3              1                    O  2q     352220 1 1 2 3 2 2     1.0    5.0
451 7285.880791 1.544E-87 1.252E-09.01840.01828105.63640.040.000061             10              6                    Q 13m     572220 3 3 2 3 2 2    81.0   81.0
451 7285.881200 3.084E-85 2.502E-07.01310.01328105.63640.640.000565             10              6                    Q 13q     352220 1 1 2 3 2 2    81.0   81.0
451 7286.441900 9.189E-80 1.133E-07.00550.00625228.55220.550.000396              4              2                    S 20q     352220 1 1 2 3 2 2    45.0   41.0
451 7288.420510 2.738E-87 1.398E-10.00990.01027258.9121-.000.000051             12              8                    Q  3m     582220 3 3 2 3 2 2    21.0   21.0
451 7288.421100 8.284E-84 4.232E-07.01220.01227258.91210.510.000452             12              8                    Q  3q     352220 1 1 2 3 2 2    21.0   21.0
451 7291.331500 1.055E-51 1.167E-06.00600.00612084.69700.620.000284              5              3                    S  2q     352220 1 1 2 3 2 2     9.0    5.0
451 7297.111400 1.541E-77 1.000E-09.00520.00523160.86820.550.000395              5              3                    S 16q     352220 1 1 2 3 2 2    37.0   33.0
451 7297.413400 3.964E-81 1.854E-08.01340.01325590.11180.650.000562              9              5                    O 13q     352220 1 1 2 3 2 2    69.0   81.0
451 7307.917500 2.952E-41 3.015E-07.00430.004 7187.52560.640.000264              3              1                    Q  7q     352220 1 1 2 3 2 2    45.0   45.0
451 7307.917595 1.119E-43 1.142E-09.00380.004 7187.5256-.030.000027              3              1                    Q  7m     582220 3 3 2 3 2 2    45.0   45.0
451 7309.455500 1.508E-76 3.347E-07.00900.00923836.65360.650.000438              7              4                    Q 14q     352220 1 1 2 3 2 2    29.0   29.0
451 7309.455772 1.107E-78 2.459E-09.01210.01223836.6536-.000.000047              7              4                    Q 14m     582220 3 3 2 3 2 2    29.0   29.0
451 7310.380500 1.475E-85 1.615E-07.00570.00628093.69870.550.000404              2              0                    S 26q     352220 1 1 2 3 2 2    57.0   53.0
451 7313.249800 5.498E-86 5.112E-07.00970.01028284.69500.630.000549             12              8                    S  6q     352220 1 1 2 3 2 2    17.0   13.0
451 7319.973100 3.416E-77 2.210E-07.00980.01024320.91050.590.000463              6              3                    Q 17q     352220 1 1 2 3 2 2   105.0  105.0
451 7319.973265 3.480E-79 2.255E-09.00860.00924320.91050.000.000048              6              3                    Q 17m     582220 3 3 2 3 2 2   105.0  105.0
451 7320.281800 9.060E-81 1.371E-08.01280.01325228.55220.610.000479              6              2                    O 20q     352220 1 1 2 3 2 2    37.0   41.0
451 7336.697100 1.094E-81 1.976E-07.00560.00626503.50240.550.000399              3              1                    S 23q     352220 1 1 2 3 2 2   153.0  141.0
451 7339.704982 1.149E-88 1.293E-09.01800.01828458.81780.060.000062              9              5                    Q 16m     572220 3 3 2 3 2 2    33.0   33.0
451 7339.705400 1.641E-86 1.846E-07.01330.01328458.81780.630.000592              9              5                    Q 16q     352220 1 1 2 3 2 2    33.0   33.0
451 7341.581400 6.599E-74 6.153E-07.00860.00922735.58600.640.000383              9              6                    Q  5q     352220 1 1 2 3 2 2    33.0   33.0
451 7341.581575 7.168E-77 6.690E-10.00990.01022735.5860-.050.000044              9              6                    Q  5m     582220 3 3 2 3 2 2    33.0   33.0
451 7342.673262 1.114E-86 8.179E-10.01850.01827535.95040.020.000059             11              7                    Q  9m     572220 3 3 2 3 2 2    57.0   57.0
451 7342.673700 4.455E-84 3.271E-07.01290.01327535.95040.640.000535             11              7                    Q  9q     352220 1 1 2 3 2 2    57.0   57.0
451 7347.689200 1.088E-88 1.094E-09.00860.00928458.81780.650.000420              8              5                    S 16q     352220 1 1 2 3 2 2    37.0   33.0
451 7355.854900 1.124E-83 4.163E-10.01360.01425724.35880.640.000562             10              6                    O 10q     352220 1 1 2 3 2 2    17.0   21.0
451 7358.776700 2.810E-87 4.997E-08.01290.01328284.69500.660.000703             13              8                    O  6q     352220 1 1 2 3 2 2     9.0   13.0
451 7361.474900 2.159E-41 1.114E-07.00430.004 7132.06350.640.000265              2              0                    Q 11q     352220 1 1 2 3 2 2    69.0   69.0
451 7361.475123 1.873E-43 9.665E-10.00390.004 7132.0635-.020.000029              2              0                    Q 11m     582220 3 3 2 3 2 2    69.0   69.0
451 7361.552700 7.433E-81 5.807E-09.01270.01325111.29050.610.000457              5              1                    O 22q     352220 1 1 2 3 2 2    41.0   45.0
451 7362.474800 4.673E-84 1.919E-07.01020.01027276.24810.600.000510              9              6                    S 12q     352220 1 1 2 3 2 2    29.0   25.0
451 7367.033500 6.760E-73 1.800E-06.00750.00821757.00690.560.000274              9              6                    O  2q     352220 1 1 2 3 2 2     1.0    5.0
451 7370.287900 6.912E-67 1.880E-08.00910.00918499.22170.650.000408              7              4                    O  8q     352220 1 1 2 3 2 2    13.0   17.0
451 7373.498000 1.668E-81 1.379E-09.01250.01225141.49610.620.000443              4              0                    O 24q     352220 1 1 2 3 2 2    45.0   49.0
451 7379.920425 8.702E-88 6.810E-11.00770.00827046.29700.020.000050             12              8                    Q  2m     582220 3 3 2 3 2 2     5.0    5.0
451 7379.920900 5.873E-84 4.596E-07.01220.01227046.29700.680.000406             12              8                    Q  2q     352220 1 1 2 3 2 2     5.0    5.0
451 7383.485900 8.081E-75 4.685E-07.00880.00923016.22250.650.000411              8              5                    Q 10q     352220 1 1 2 3 2 2    21.0   21.0
451 7383.486097 3.149E-77 1.827E-09.01230.01223016.2225-.020.000046              8              5                    Q 10m     582220 3 3 2 3 2 2    21.0   21.0
451 7384.724600 2.996E-40 3.065E-07.00430.004 6454.38870.640.000251              3              1                    Q  6q     352220 1 1 2 3 2 2    13.0   13.0
451 7384.724744 8.323E-43 8.515E-10.00380.004 6454.3887-.040.000027              3              1                    Q  6m     582220 3 3 2 3 2 2    13.0   13.0
451 7401.717200 1.582E-87 2.059E-08.01300.01328458.81780.690.000653             10              5                    O 16q     352220 1 1 2 3 2 2    29.0   33.0
451 7403.703600 8.255E-80 5.943E-08.00970.01025111.29050.580.000467              4              1                    Q 22q     352220 1 1 2 3 2 2    45.0   45.0
451 7403.703906 1.226E-81 8.838E-10.00860.00925111.29050.010.000049              4              1                    Q 22m     582220 3 3 2 3 2 2    45.0   45.0
451 7407.914200 7.933E-89 4.777E-10.01300.01328190.03060.680.000688             12              7                    O 10q     352220 1 1 2 3 2 2    17.0   21.0
451 7422.913700 9.588E-52 1.285E-06.00470.00512384.08180.610.000293              5              3                    S  3q     352220 1 1 2 3 2 2    33.0   21.0
451 7428.772000 3.710E-73 3.516E-08.00520.00522024.77160.560.000387              5              3                    S 15q     352220 1 1 2 3 2 2   105.0   93.0
451 7432.208400 1.288E-56 4.173E-09.00870.00913485.98970.650.000339              3              0                    O 16q     352220 1 1 2 3 2 2    29.0   33.0
451 7433.563400 1.272E-73 6.295E-07.00880.00922332.85580.610.000369              9              6                    Q  4q     352220 1 1 2 3 2 2     9.0    9.0
451 7433.563621 8.823E-77 4.370E-10.00870.00922332.8558-.040.000041              9              6                    Q  4m     582220 3 3 2 3 2 2     9.0    9.0
451 7440.730875 1.013E-87 2.233E-11.01350.01426903.11700.030.000043             12              8                    Q  1m     582220 3 3 2 3 2 2     9.0    9.0
451 7440.731300 2.944E-83 6.487E-07.01120.01126903.11700.490.000408             12              8                    Q  1q     352220 1 1 2 3 2 2     9.0    9.0
451 7448.740700 6.884E-44 5.207E-07.00540.005 8087.00260.620.000263              4              2                    S  0q     352220 1 1 2 3 2 2     5.0    1.0
451 7449.825400 3.338E-65 3.045E-10.00910.00916904.05820.640.000381              6              3                    O 10q     352220 1 1 2 3 2 2    17.0   21.0
451 7451.346400 1.708E-38 3.116E-07.00420.004 5813.92170.640.000258              3              1                    Q  5q     352220 1 1 2 3 2 2    33.0   33.0
451 7451.346505 3.315E-41 6.046E-10.00370.004 5813.9217-.050.000028              3              1                    Q  5m     582220 3 3 2 3 2 2    33.0   33.0
451 7451.916600 2.411E-68 2.392E-07.00900.00919806.99550.630.000404              8              5                    O  5q     352220 1 1 2 3 2 2    21.0   33.0
451 7464.885900 1.208E-84 6.234E-07.00980.01027881.66970.640.000538             12              8                    S  5q     352220 1 1 2 3 2 2    45.0   33.0
451 7470.205800 2.887E-58 9.284E-09.00880.00914399.22040.640.000354              4              1                    O 14q     352220 1 1 2 3 2 2    25.0   29.0
451 7476.361300 1.372E-39 1.137E-07.00430.004 6030.92030.640.000252              2              0                    Q 10q     352220 1 1 2 3 2 2    21.0   21.0
451 7476.361527 9.669E-42 8.012E-10.00390.004 6030.9203-.020.000028              2              0                    Q 10m     582220 3 3 2 3 2 2    21.0   21.0
451 7477.642200 4.612E-77 3.965E-08.00540.00523939.23340.550.000389              4              2                    S 19q     352220 1 1 2 3 2 2   129.0  117.0
451 7479.048900 8.049E-61 7.798E-09.00900.00915537.17360.630.000366              5              2                    O 12q     352220 1 1 2 3 2 2    21.0   25.0
451 7488.222800 2.206E-79 2.796E-08.01330.01324870.15970.650.000523              8              4                    O 15q     352220 1 1 2 3 2 2    81.0   93.0
451 7488.275400 1.443E-28 1.604E-07.00570.006  705.51890.670.000207              2              0                    O  3q     352220 1 1 2 3 2 2     9.0   21.0
451 7506.428700 1.445E-86 1.461E-08.01300.01328105.63640.680.000669             11              6                    O 13q     352220 1 1 2 3 2 2    69.0   81.0
451 7507.313700 1.476E-72 6.505E-07.00890.00922005.55020.560.000346              9              6                    Q  3q     352220 1 1 2 3 2 2    21.0   21.0
451 7507.313808 5.855E-76 2.583E-10.00760.00822005.5502-.010.000040              9              6                    Q  3m     582220 3 3 2 3 2 2    21.0   21.0
451 7507.435900 6.547E-38 3.181E-07.00440.004 5271.37940.640.000254              3              1                    Q  4q     352220 1 1 2 3 2 2     9.0    9.0
451 7507.435996 8.259E-41 4.015E-10.00370.004 5271.3794-.050.000026              3              1                    Q  4m     582220 3 3 2 3 2 2     9.0    9.0
451 7510.592300 5.909E-82 8.726E-08.00990.01025869.50960.670.000563             11              7                    O  6q     352220 1 1 2 3 2 2     9.0   13.0
451 7527.139100 1.352E-76 1.299E-07.00990.01023939.23340.570.000461              5              2                    Q 19q     352220 1 1 2 3 2 2   117.0  117.0
451 7527.139315 1.559E-78 1.498E-09.00800.00823939.2334-.010.000048              5              2                    Q 19m     582220 3 3 2 3 2 2   117.0  117.0
451 7532.545500 2.181E-80 1.729E-08.00980.01025141.49610.590.000462              3              0                    Q 24q     352220 1 1 2 3 2 2    49.0   49.0
451 7532.545870 3.561E-82 2.827E-10.00920.00925141.49610.020.000050              3              0                    Q 24m     582220 3 3 2 3 2 2    49.0   49.0
451 7533.690200 5.294E-74 3.424E-07.00890.00922834.47140.650.000431              7              4                    Q 13q     352220 1 1 2 3 2 2    81.0   81.0
451 7533.690420 3.180E-76 2.059E-09.01200.01222834.4714-.010.000046              7              4                    Q 13m     582220 3 3 2 3 2 2    81.0   81.0
451 7536.011000 5.626E-53 1.344E-06.00470.00512778.81530.610.000315              5              3                    S  4q     352220 1 1 2 3 2 2    13.0    9.0
451 7540.619700 7.992E-71 1.146E-07.00530.00520918.19810.560.000378              5              3                    S 14q     352220 1 1 2 3 2 2    33.0   29.0
451 7552.690300 1.323E-36 3.285E-07.00570.006 4831.39150.650.000247              3              1                    Q  3q     352220 1 1 2 3 2 2    21.0   21.0
451 7552.690452 9.660E-40 2.403E-10.00470.005 4831.3915-.040.000026              3              1                    Q  3m     582220 3 3 2 3 2 2    21.0   21.0
451 7554.930200 8.796E-73 4.772E-07.00880.00922251.10950.650.000409              8              5                    Q  9q     352220 1 1 2 3 2 2    57.0   57.0
451 7554.930400 2.674E-75 1.452E-09.01220.01222251.1095-.020.000044              8              5                    Q  9m     582220 3 3 2 3 2 2    57.0   57.0
451 7562.735600 1.248E-72 7.004E-07.00680.00721757.00690.400.000311              9              6                    Q  2q     352220 1 1 2 3 2 2     5.0    5.0
451 7562.735825 2.274E-76 1.277E-10.00620.00621757.00690.030.000037              9              6                    Q  2m     582220 3 3 2 3 2 2     5.0    5.0
451 7562.751100 1.652E-79 1.140E-07.00540.00525111.29050.550.000403              3              1                    S 22q     352220 1 1 2 3 2 2    49.0   45.0
451 7566.838600 3.507E-82 1.111E-07.00560.00626621.84590.550.000410              2              0                    S 25q     352220 1 1 2 3 2 2   165.0  153.0
451 7567.066300 1.103E-81 3.581E-07.01010.01026480.52630.600.000497              9              6                    S 11q     352220 1 1 2 3 2 2    81.0   69.0
451 7570.814400 1.995E-84 6.912E-07.00970.01027538.44900.620.000514             12              8                    S  4q     352220 1 1 2 3 2 2    13.0    9.0
451 7575.558000 2.883E-75 2.262E-07.00960.01023160.86820.600.000466              6              3                    Q 16q     352220 1 1 2 3 2 2    33.0   33.0
451 7575.558182 2.470E-77 1.939E-09.00860.00923160.86820.000.000047              6              3                    Q 16m     582220 3 3 2 3 2 2    33.0   33.0
451 7582.753300 5.473E-37 1.156E-07.00430.004 5001.96290.650.000249              2              0                    Q  9q     352220 1 1 2 3 2 2    57.0   57.0
451 7582.753520 3.088E-39 6.524E-10.00390.004 5001.9629-.020.000027              2              0                    Q  9m     582220 3 3 2 3 2 2    57.0   57.0
451 7586.858500 1.699E-36 3.534E-07.00530.005 4497.83850.640.000235              3              1                    Q  2q     352220 1 1 2 3 2 2     5.0    5.0
451 7586.858737 5.750E-40 1.198E-10.00420.004 4497.8385-.010.000026              3              1                    Q  2m     582220 3 3 2 3 2 2     5.0    5.0
451 7595.127300 1.392E-83 4.053E-07.01080.01126831.09060.700.000469             12              8                    S  0q     352220 1 1 2 3 2 2     5.0    1.0
451 7598.711211 4.508E-86 6.177E-10.01840.01826927.53170.020.000057             11              7                    Q  8m     572220 3 3 2 3 2 2    17.0   17.0
451 7598.711500 2.473E-83 3.388E-07.01260.01326927.53170.650.000532             11              7                    Q  8q     352220 1 1 2 3 2 2    17.0   17.0
451 7599.740400 7.040E-72 9.835E-07.00770.00821589.82350.530.000312              9              6                    Q  1q     352220 1 1 2 3 2 2     9.0    9.0
451 7599.740690 3.025E-76 4.228E-11.00950.00921589.82350.030.000032              9              6                    Q  1m     582220 3 3 2 3 2 2     9.0    9.0
451 7609.747200 1.269E-35 4.963E-07.00530.005 4273.74060.650.000234              3              1                    Q  1q     352220 1 1 2 3 2 2     9.0    9.0
451 7609.747350 1.017E-39 3.981E-11.00560.006 4273.7406-.050.000024              3              1                    Q  1m     582220 3 3 2 3 2 2     9.0    9.0
451 7618.727000 3.097E-78 2.451E-08.01280.01324320.91050.620.000500              7              3                    O 17q     352220 1 1 2 3 2 2    93.0  105.0
451 7621.349100 1.021E-64 4.079E-08.00910.00917808.71100.650.000405              7              4                    O  7q     352220 1 1 2 3 2 2    33.0   45.0
451 7624.493500 2.364E-43 7.496E-07.00570.006 8193.79430.630.000266              4              2                    S  1q     352220 1 1 2 3 2 2    21.0    9.0
451 7629.622800 1.790E-53 1.347E-06.00470.00513265.26810.610.000324              5              3                    S  5q     352220 1 1 2 3 2 2    45.0   33.0
451 7632.624000 8.161E-68 2.329E-07.00520.00519846.89020.570.000377              5              3                    S 13q     352220 1 1 2 3 2 2    93.0   81.0
451 7634.272200 1.190E-89 1.576E-10.02570.02628284.69500.040.000068             13              8                    Q  6m     582220 3 3 2 3 2 2    13.0   13.0
451 7634.273400 1.259E-86 1.668E-07.01280.01328284.69500.660.000637             13              8                    Q  6q     352220 1 1 2 3 2 2    13.0   13.0
451 7634.296500 1.982E-83 7.069E-07.01300.01327258.91210.580.000492             12              8                    S  3q     352220 1 1 2 3 2 2    33.0   21.0
451 7635.703188 1.953E-86 1.001E-09.01820.01827276.24810.030.000060             10              6                    Q 12m     572220 3 3 2 3 2 2    25.0   25.0
451 7635.703500 5.112E-84 2.619E-07.01270.01327276.24810.640.000543             10              6                    Q 12q     352220 1 1 2 3 2 2    25.0   25.0
451 7641.913300 7.652E-80 1.635E-08.01350.01324691.59620.650.000561              9              5                    O 12q     352220 1 1 2 3 2 2    21.0   25.0
451 7644.216200 5.747E-83 5.728E-07.01070.01126903.11700.700.000481             12              8                    S  1q     352220 1 1 2 3 2 2    21.0    9.0
451 7649.560000 7.111E-86 8.257E-08.01260.01327881.66970.620.000700             13              8                    O  5q     352220 1 1 2 3 2 2    21.0   33.0
451 7650.133900 6.821E-76 3.879E-09.00540.00522661.60190.560.000391              4              2                    S 18q     352220 1 1 2 3 2 2    41.0   37.0
451 7656.089200 1.297E-84 4.272E-08.00860.00927479.51420.650.000413              8              5                    S 15q     352220 1 1 2 3 2 2   105.0   93.0
451 7657.987900 1.427E-83 6.680E-07.01330.01327046.29700.520.000495             12              8                    S  2q     352220 1 1 2 3 2 2     9.0    5.0
451 7667.838900 3.520E-82 1.690E-10.01370.01425013.57150.640.000552             10              6                    O  9q     352220 1 1 2 3 2 2    45.0   57.0
451 7670.268500 6.906E-68 3.753E-07.00880.00919376.02850.600.000377              8              5                    O  4q     352220 1 1 2 3 2 2     5.0    9.0
451 7680.171800 1.636E-35 1.174E-07.00430.004 4051.94300.650.000245              2              0                    Q  8q     352220 1 1 2 3 2 2    17.0   17.0
451 7680.171891 7.244E-38 5.199E-10.00390.004 4051.9430-.030.000027              2              0                    Q  8m     582220 3 3 2 3 2 2    17.0   17.0
451 7696.357600 8.825E-87 1.928E-08.01300.01328102.16560.690.000642              9              4                    O 18q     352220 1 1 2 3 2 2    33.0   37.0
451 7696.983600 1.928E-76 6.047E-08.00980.01023719.89200.580.000462              4              1                    Q 21q     352220 1 1 2 3 2 2   129.0  129.0
451 7696.983935 2.518E-78 7.900E-10.00860.00923719.89200.000.000049              4              1                    Q 21m     582220 3 3 2 3 2 2   129.0  129.0
451 7701.650200 1.342E-77 1.504E-08.01280.01323939.23340.610.000478              6              2                    O 19q     352220 1 1 2 3 2 2   105.0  117.0
451 7703.006400 3.928E-55 1.298E-06.00480.00513839.11330.600.000321              5              3                    S  6q     352220 1 1 2 3 2 2    17.0   13.0
451 7704.341053 5.101E-88 9.959E-10.01750.01728102.16560.060.000063              8              4                    Q 18m     572220 3 3 2 3 2 2    37.0   37.0
451 7704.341400 6.688E-86 1.306E-07.01340.01328102.16560.630.000571              8              4                    Q 18q     352220 1 1 2 3 2 2    37.0   37.0
451 7704.616300 6.124E-66 3.820E-07.00510.00518816.74070.570.000371              5              3                    S 12q     352220 1 1 2 3 2 2    29.0   25.0
451 7709.848700 8.021E-72 4.842E-07.00880.00921542.11970.650.000407              8              5                    Q  8q     352220 1 1 2 3 2 2    17.0   17.0
451 7709.848958 1.881E-74 1.136E-09.01210.01221542.1197-.020.000045              8              5                    Q  8m     582220 3 3 2 3 2 2    17.0   17.0
451 7717.103200 6.925E-63 3.725E-10.00910.00916033.74170.630.000394              6              3                    O  9q     352220 1 1 2 3 2 2    45.0   57.0
451 7723.071100 2.476E-53 4.131E-09.00870.00912123.81910.650.000339              3              0                    O 15q     352220 1 1 2 3 2 2    81.0   93.0
451 7732.629400 1.790E-28 3.464E-07.00450.005  354.37320.660.000205              2              0                    O  2q     352220 1 1 2 3 2 2     1.0    5.0
451 7736.903100 1.972E-80 5.494E-07.01000.01025724.35880.610.000483              9              6                    S 10q     352220 1 1 2 3 2 2    25.0   21.0
451 7742.664200 1.715E-72 3.485E-07.00890.00921869.42620.650.000424              7              4                    Q 12q     352220 1 1 2 3 2 2    25.0   25.0
451 7742.664366 8.476E-75 1.724E-09.01190.01221869.4262-.010.000046              7              4                    Q 12m     582220 3 3 2 3 2 2    25.0   25.0
451 7746.341771 2.808E-86 1.069E-09.01820.01827479.51420.060.000062              9              5                    Q 15m     572220 3 3 2 3 2 2    93.0   93.0
451 7746.342200 5.071E-84 1.931E-07.01320.01327479.51420.630.000582              9              5                    Q 15q     352220 1 1 2 3 2 2    93.0   93.0
451 7746.480500 1.824E-77 6.389E-09.01270.01323719.89200.610.000461              5              1                    O 21q     352220 1 1 2 3 2 2   117.0  129.0
451 7755.666400 4.953E-56 1.202E-06.00480.00514495.44310.600.000337              5              3                    S  7q     352220 1 1 2 3 2 2    57.0   45.0
451 7756.269200 2.341E-55 8.283E-09.00880.00913191.15250.640.000356              4              1                    O 13q     352220 1 1 2 3 2 2    69.0   81.0
451 7756.347100 2.898E-63 5.518E-07.00510.00517833.76470.580.000364              5              3                    S 11q     352220 1 1 2 3 2 2    81.0   69.0
451 7756.420100 1.833E-80 1.461E-07.01330.01325430.06010.610.000556             11              7                    O  5q     352220 1 1 2 3 2 2    21.0   33.0
451 7757.571100 2.116E-58 5.090E-09.00900.00914493.53840.630.000376              5              2                    O 11q     352220 1 1 2 3 2 2    57.0   69.0
451 7760.469800 6.476E-78 1.517E-09.01230.01223656.40580.630.000443              4              0                    O 23q     352220 1 1 2 3 2 2   129.0  141.0
451 7768.147200 2.869E-33 1.191E-07.00430.004 3187.47050.650.000243              2              0                    Q  7q     352220 1 1 2 3 2 2    45.0   45.0
451 7768.147364 9.705E-36 4.029E-10.00380.004 3187.4705-.040.000026              2              0                    Q  7m     582220 3 3 2 3 2 2    45.0   45.0
451 7771.046000 1.814E-76 5.306E-08.00550.00523719.89200.560.000396              3              1                    S 21q     352220 1 1 2 3 2 2   141.0  129.0
451 7782.994500 6.409E-86 2.897E-07.00960.01028190.03060.600.000602             11              7                    S 10q     352220 1 1 2 3 2 2    25.0   21.0
451 7784.341800 4.185E-44 9.070E-07.00590.006 8406.36090.640.000283              4              2                    S  2q     352220 1 1 2 3 2 2     9.0    5.0
451 7787.333200 4.552E-58 1.068E-06.00490.00515228.88930.590.000343              5              3                    S  8q     352220 1 1 2 3 2 2    21.0   17.0
451 7787.538000 1.079E-61 7.313E-07.00500.00516904.05820.580.000358              5              3                    S 10q     352220 1 1 2 3 2 2    25.0   21.0
451 7794.300700 2.842E-88 5.125E-10.00690.00728102.16560.600.000542              7              4                    S 18q     352220 1 1 2 3 2 2    41.0   37.0
451 7796.377700 2.019E-74 1.321E-07.00980.01022661.60190.570.000456              5              2                    Q 18q     352220 1 1 2 3 2 2    37.0   37.0
451 7796.377948 2.023E-76 1.325E-09.00790.00822661.60190.000.000048              5              2                    Q 18m     582220 3 3 2 3 2 2    37.0   37.0
451 7797.930600 2.534E-59 9.077E-07.00500.00516033.74170.590.000350              5              3                    S  9q     352220 1 1 2 3 2 2    69.0   57.0
451 7804.359900 1.170E-72 5.287E-09.00530.00521400.68450.560.000385              4              2                    S 17q     352220 1 1 2 3 2 2   117.0  105.0
451 7806.028600 8.914E-80 7.015E-08.00540.00525141.49610.560.000404              2              0                    S 24q     352220 1 1 2 3 2 2    53.0   49.0
451 7810.605200 1.315E-88 1.384E-11.01300.01327535.95040.680.000696             12              7                    O  9q     352220 1 1 2 3 2 2    45.0   57.0
451 7813.963000 3.534E-72 6.244E-07.00780.00821505.77950.430.000379              9              6                    S  0q     352220 1 1 2 3 2 2     5.0    1.0
451 7816.924500 1.943E-72 2.302E-07.00970.01022024.77160.600.000457              6              3                    Q 15q     352220 1 1 2 3 2 2    93.0   93.0
451 7816.924743 1.416E-74 1.678E-09.00850.00922024.7716-.010.000046              6              3                    Q 15m     582220 3 3 2 3 2 2    93.0   93.0
451 7823.699629 1.264E-84 4.623E-10.01830.01826370.30020.020.000058             11              7                    Q  7m     572220 3 3 2 3 2 2    45.0   45.0
451 7823.699900 9.484E-82 3.467E-07.01280.01326370.30020.640.000527             11              7                    Q  7q     352220 1 1 2 3 2 2    45.0   45.0
451 7833.348100 4.025E-88 8.110E-09.01580.01628284.69500.650.000860             14              8                    O  6q     352220 1 1 2 3 2 2     9.0   13.0
451 7834.532200 8.009E-77 1.749E-08.00980.01023656.40580.590.000456              3              0                    Q 23q     352220 1 1 2 3 2 2   141.0  141.0
451 7834.532518 1.180E-78 2.574E-10.00910.00923656.4058-.000.000049              3              0                    Q 23m     582220 3 3 2 3 2 2   141.0  141.0
451 7845.465100 9.480E-78 2.812E-08.01330.01323836.65360.650.000527              8              4                    O 14q     352220 1 1 2 3 2 2    25.0   29.0
451 7846.231500 3.519E-32 1.207E-07.00430.004 2414.89700.650.000240              2              0                    Q  6q     352220 1 1 2 3 2 2    13.0   13.0
451 7846.231604 8.781E-35 3.012E-10.00380.004 2414.8970-.030.000026              2              0                    Q  6m     582220 3 3 2 3 2 2    13.0   13.0
451 7848.202400 4.820E-70 4.900E-07.00880.00920894.89090.650.000403              8              5                    Q  7q     352220 1 1 2 3 2 2    45.0   45.0
451 7848.202575 8.545E-73 8.697E-10.01200.01220894.8909-.030.000045              8              5                    Q  7m     582220 3 3 2 3 2 2    45.0   45.0
451 7866.015900 1.008E-63 7.788E-08.00910.00917190.39110.650.000414              7              4                    O  6q     352220 1 1 2 3 2 2     9.0   13.0
451 7873.953700 2.262E-78 7.471E-07.00990.01025013.57150.610.000485              9              6                    S  9q     352220 1 1 2 3 2 2    69.0   57.0
451 7877.112700 1.050E-66 6.100E-07.00870.00919026.00430.590.000291              8              5                    O  3q     352220 1 1 2 3 2 2     9.0   21.0
451 7893.205242 1.446E-88 1.138E-10.02160.02227881.66970.030.000064             13              8                    Q  5m     582220 3 3 2 3 2 2    33.0   33.0
451 7893.206300 2.324E-85 1.828E-07.01270.01327881.66970.630.000620             13              8                    Q  5q     352220 1 1 2 3 2 2    33.0   33.0
451 7904.539600 1.378E-85 1.353E-07.01220.01227538.44900.550.000644             13              8                    O  4q     352220 1 1 2 3 2 2     5.0    9.0
451 7912.003400 5.277E-85 2.406E-08.01300.01327479.51420.680.000658             10              5                    O 15q     352220 1 1 2 3 2 2    81.0   93.0
451 7914.007600 2.367E-30 1.225E-07.00430.004 1740.18960.650.000248              2              0                    Q  5q     352220 1 1 2 3 2 2    33.0   33.0
451 7914.007784 4.145E-33 2.145E-10.00370.004 1740.1896-.050.000027              2              0                    Q  5m     582220 3 3 2 3 2 2    33.0   33.0
451 7914.663709 5.494E-89 3.056E-10.02890.02928190.03060.060.000069             12              7                    Q 10m     572220 3 3 2 3 2 2    21.0   21.0
451 7914.664900 2.404E-86 1.338E-07.01290.01328190.03060.670.000666             12              7                    Q 10q     352220 1 1 2 3 2 2    21.0   21.0
451 7915.098200 1.729E-86 1.279E-08.01280.01327891.40880.640.000606              8              3                    O 20q     352220 1 1 2 3 2 2    37.0   41.0
451 7923.040400 1.386E-71 9.019E-07.00890.00921589.82350.520.000403              9              6                    S  1q     352220 1 1 2 3 2 2    21.0    9.0
451 7923.530800 7.196E-36 3.178E-07.00540.005 4161.16620.630.000255              3              1                    S  0q     352220 1 1 2 3 2 2     5.0    1.0
451 7924.582300 1.295E-82 1.380E-07.00850.00926521.35700.650.000406              8              5                    S 14q     352220 1 1 2 3 2 2    33.0   29.0
451 7926.766800 3.571E-44 1.019E-06.00460.005 8722.70200.620.000290              4              2                    S  3q     352220 1 1 2 3 2 2    33.0   21.0
451 7936.618700 4.033E-70 3.530E-07.00890.00920947.42170.650.000412              7              4                    Q 11q     352220 1 1 2 3 2 2    69.0   69.0
451 7936.618827 1.640E-72 1.436E-09.01190.01220947.4217-.010.000045              7              4                    Q 11m     582220 3 3 2 3 2 2    69.0   69.0
451 7940.454700 1.169E-69 4.192E-08.00530.00520161.71090.570.000378              4              2                    S 16q     352220 1 1 2 3 2 2    37.0   33.0
451 7952.108603 1.933E-84 8.138E-10.01820.01826480.52630.030.000059             10              6                    Q 11m     572220 3 3 2 3 2 2    69.0   69.0
451 7952.108900 6.381E-82 2.686E-07.01300.01326480.52630.640.000546             10              6                    Q 11q     352220 1 1 2 3 2 2    69.0   69.0
451 7962.429400 1.339E-74 1.527E-08.00530.00522333.70200.560.000375              3              1                    S 20q     352220 1 1 2 3 2 2    45.0   41.0
451 7964.863500 4.475E-80 3.250E-09.01370.01424353.88360.640.000552             10              6                    O  8q     352220 1 1 2 3 2 2    13.0   17.0
451 7967.299700 2.293E-85 1.523E-08.01300.01327276.24810.680.000674             11              6                    O 12q     352220 1 1 2 3 2 2    21.0   25.0
451 7969.868700 2.289E-69 4.954E-07.00870.00920314.82630.650.000394              8              5                    Q  6q     352220 1 1 2 3 2 2    13.0   13.0
451 7969.868930 2.974E-72 6.440E-10.01090.01120314.8263-.040.000044              8              5                    Q  6m     582220 3 3 2 3 2 2    13.0   13.0
451 7971.100100 1.042E-29 1.247E-07.00430.004 1168.79750.650.000245              2              0                    Q  4q     352220 1 1 2 3 2 2     9.0    9.0
451 7971.100293 1.191E-32 1.426E-10.00380.004 1168.7975-.040.000027              2              0                    Q  4m     582220 3 3 2 3 2 2     9.0    9.0
451 7974.174400 9.706E-78 1.273E-08.01350.01423831.67230.640.000540              9              5                    O 11q     352220 1 1 2 3 2 2    57.0   69.0
451 7978.033800 4.875E-74 6.125E-08.00970.01022333.70200.590.000456              4              1                    Q 20q     352220 1 1 2 3 2 2    41.0   41.0
451 7978.034237 5.691E-76 7.157E-10.00870.00922333.70200.010.000048              4              1                    Q 20m     582220 3 3 2 3 2 2    41.0   41.0
451 7979.625900 2.066E-77 9.324E-07.00960.01024353.88360.620.000476              9              6                    S  8q     352220 1 1 2 3 2 2    21.0   17.0
451 7980.868300 1.049E-60 4.177E-09.00910.00915228.88930.630.000394              6              3                    O  8q     352220 1 1 2 3 2 2    13.0   17.0
451 7981.736100 4.156E-80 2.397E-07.01230.01225056.40700.570.000511             11              7                    O  4q     352220 1 1 2 3 2 2     5.0    9.0
451 7985.240900 2.603E-76 2.582E-08.01290.01323160.86820.630.000500              7              3                    O 16q     352220 1 1 2 3 2 2    29.0   33.0
451 8005.057160 1.030E-87 7.036E-10.01050.01127891.40880.080.000061              7              3                    Q 20m     582220 3 3 2 3 2 2    41.0   41.0
451 8005.057500 1.188E-85 8.113E-08.00940.00927891.40880.580.000629              7              3                    Q 20q     352220 1 1 2 3 2 2    41.0   41.0
451 8009.412300 3.109E-72 1.087E-06.00980.01021757.00690.590.000404              9              6                    S  2q     352220 1 1 2 3 2 2     9.0    5.0
451 8015.728600 4.208E-51 3.952E-09.00870.00910801.01210.650.000340              3              0                    O 14q     352220 1 1 2 3 2 2    25.0   29.0
451 8017.183100 2.355E-28 1.286E-07.00560.006  705.51890.660.000241              2              0                    Q  3q     352220 1 1 2 3 2 2    21.0   21.0
451 8017.183297 1.563E-31 8.540E-11.00480.005  705.5189-.040.000026              2              0                    Q  3m     582220 3 3 2 3 2 2    21.0   21.0
451 8018.991704 2.902E-84 3.384E-10.01630.01625869.50960.010.000058             11              7                    Q  6m     572220 3 3 2 3 2 2    13.0   13.0
451 8018.992000 3.023E-81 3.523E-07.01270.01325869.50960.630.000515             11              7                    Q  6q     352220 1 1 2 3 2 2    13.0   13.0
451 8029.318500 1.830E-76 3.868E-08.00550.00523656.40580.560.000384              2              0                    S 23q     352220 1 1 2 3 2 2   153.0  141.0
451 8034.838100 3.345E-57 2.397E-09.00910.00913507.28160.620.000379              5              2                    O 10q     352220 1 1 2 3 2 2    17.0   21.0
451 8042.808700 1.539E-53 6.861E-09.00890.00912031.60910.640.000357              4              1                    O 12q     352220 1 1 2 3 2 2    21.0   25.0
451 8044.570800 1.256E-70 2.332E-07.00970.01020918.19810.600.000447              6              3                    Q 14q     352220 1 1 2 3 2 2    29.0   29.0
451 8044.571092 7.836E-73 1.456E-09.00840.00820918.1981-.000.000046              6              3                    Q 14m     582220 3 3 2 3 2 2    29.0   29.0
451 8050.493500 1.919E-45 1.089E-06.00460.005 9139.89760.620.000298              4              2                    S  4q     352220 1 1 2 3 2 2    13.0    9.0
451 8051.987700 3.293E-28 1.382E-07.00540.005  354.37320.650.000219              2              0                    Q  2q     352220 1 1 2 3 2 2     5.0    5.0
451 8051.987871 1.015E-31 4.263E-11.00440.004  354.3732-.030.000025              2              0                    Q  2m     582220 3 3 2 3 2 2     5.0    5.0
451 8052.859100 2.498E-71 1.339E-07.00970.01021400.68450.580.000450              5              2                    Q 17q     352220 1 1 2 3 2 2   105.0  105.0
451 8052.859411 2.199E-73 1.179E-09.00790.00821400.68450.000.000047              5              2                    Q 17m     582220 3 3 2 3 2 2   105.0  105.0
451 8055.001800 1.206E-75 1.090E-06.00970.01023750.84490.620.000466              9              6                    S  7q     352220 1 1 2 3 2 2    57.0   45.0
451 8058.326200 3.067E-66 1.105E-07.00520.00518950.12220.570.000372              4              2                    S 15q     352220 1 1 2 3 2 2   105.0   93.0
451 8070.747000 9.023E-67 1.361E-06.00750.00818760.34360.560.000274              8              5                    O  2q     352220 1 1 2 3 2 2     1.0    5.0
451 8071.617200 3.726E-72 1.208E-06.00950.01022005.55020.610.000403              9              6                    S  3q     352220 1 1 2 3 2 2    33.0   21.0
451 8073.422300 1.269E-86 6.322E-09.01250.01327823.04400.600.000575              7              2                    O 22q     352220 1 1 2 3 2 2    41.0   45.0
451 8074.674200 6.760E-68 5.012E-07.00860.00919806.99550.640.000383              8              5                    Q  5q     352220 1 1 2 3 2 2    33.0   33.0
451 8074.674359 6.145E-71 4.558E-10.00960.01019806.9955-.040.000042              8              5                    Q  5m     582220 3 3 2 3 2 2    33.0   33.0
451 8074.824300 2.055E-75 1.618E-08.01290.01322661.60190.610.000472              6              2                    O 18q     352220 1 1 2 3 2 2    33.0   37.0
451 8075.307400 2.601E-27 1.938E-07.00390.004  118.48690.920.000241              2              0                    Q  1q     352220 1 1 2 3 2 2     9.0    9.0
451 8075.307619 1.904E-31 1.419E-11.00550.005  118.4869-.050.000023              2              0                    Q  1m     582220 3 3 2 3 2 2     9.0    9.0
451 8076.114700 6.197E-84 4.547E-07.00960.01027535.95040.610.000583             11              7                    S  9q     352220 1 1 2 3 2 2    69.0   57.0
451 8100.998000 5.449E-75 1.203E-06.00940.00923209.75760.620.000448              9              6                    S  6q     352220 1 1 2 3 2 2    17.0   13.0
451 8102.994600 5.416E-62 1.373E-07.00900.00916649.46880.630.000404              7              4                    O  5q     352220 1 1 2 3 2 2    21.0   33.0
451 8105.021728 1.333E-88 7.644E-11.01730.01727538.44900.030.000065             13              8                    Q  4m     572220 3 3 2 3 2 2     9.0    9.0
451 8105.022700 3.393E-85 1.946E-07.01250.01327538.44900.580.000596             13              8                    Q  4q     352220 1 1 2 3 2 2     9.0    9.0
451 8108.353600 3.108E-73 1.267E-06.00930.00922332.85580.620.000433              9              6                    S  4q     352220 1 1 2 3 2 2    13.0    9.0
451 8110.341200 2.445E-35 4.655E-07.00560.006 4273.74060.640.000254              3              1                    S  1q     352220 1 1 2 3 2 2    21.0    9.0
451 8115.612800 8.256E-69 3.565E-07.00880.00920074.41780.650.000411              7              4                    Q 10q     352220 1 1 2 3 2 2    21.0   21.0
451 8115.612956 2.744E-71 1.186E-09.01190.01220074.4178-.010.000043              7              4                    Q 10m     582220 3 3 2 3 2 2    21.0   21.0
451 8117.365557 7.148E-85 9.098E-10.01830.01826521.35700.050.000061              9              5                    Q 14m     572220 3 3 2 3 2 2    29.0   29.0
451 8117.365900 1.548E-82 1.970E-07.01320.01326521.35700.630.000573              9              5                    Q 14q     352220 1 1 2 3 2 2    29.0   29.0
451 8118.480900 1.513E-73 1.265E-06.00950.01022735.58600.630.000450              9              6                    S  5q     352220 1 1 2 3 2 2    45.0   33.0
451 8123.339800 1.550E-84 2.295E-07.01740.01727258.91210.670.000521             13              8                    O  3q     352220 1 1 2 3 2 2     9.0   21.0
451 8124.277600 4.809E-75 6.943E-09.01280.01322333.70200.600.000463              5              1                    O 20q     352220 1 1 2 3 2 2    37.0   41.0
451 8124.727000 5.294E-84 1.785E-08.00690.00727008.44840.610.000535              7              4                    S 17q     352220 1 1 2 3 2 2   117.0  105.0
451 8125.629500 3.284E-74 1.764E-08.00970.01022170.50190.590.000449              3              0                    Q 22q     352220 1 1 2 3 2 2    45.0   45.0
451 8125.629793 4.429E-76 2.375E-10.00910.00922170.50190.020.000048              3              0                    Q 22m     582220 3 3 2 3 2 2    45.0   45.0
451 8127.154733 2.310E-85 8.688E-10.01760.01827008.44840.070.000062              8              4                    Q 17m     582220 3 3 2 3 2 2   105.0  105.0
451 8127.155000 3.541E-83 1.331E-07.01300.01327008.44840.630.000566              8              4                    Q 17q     352220 1 1 2 3 2 2   105.0  105.0
451 8137.331800 6.154E-73 3.178E-10.00530.00520957.31230.570.000382              3              1                    S 19q     352220 1 1 2 3 2 2   129.0  117.0
451 8141.233900 2.794E-75 1.654E-09.01260.01322170.50190.620.000436              4              0                    O 22q     352220 1 1 2 3 2 2    41.0   45.0
451 8154.513800 5.457E-46 1.118E-06.00460.005 9654.19720.620.000306              4              2                    S  5q     352220 1 1 2 3 2 2    45.0   33.0
451 8157.523000 6.342E-80 2.749E-07.00850.00825590.11180.660.000385              8              5                    S 13q     352220 1 1 2 3 2 2    93.0   81.0
451 8157.715700 5.410E-64 2.067E-07.00510.00517771.57110.580.000365              4              2                    S 14q     352220 1 1 2 3 2 2    33.0   29.0
451 8162.420500 1.489E-67 5.091E-07.00880.00919376.02850.610.000369              8              5                    Q  4q     352220 1 1 2 3 2 2     9.0    9.0
451 8162.420716 8.823E-71 3.019E-10.00840.00819376.0285-.040.000043              8              5                    Q  4m     582220 3 3 2 3 2 2     9.0    9.0
451 8181.731700 2.989E-86 6.208E-10.01300.01326927.53170.680.000696             12              7                    O  8q     352220 1 1 2 3 2 2    13.0   17.0
451 8183.170100 3.386E-87 2.211E-09.01240.01227892.30000.590.000549              6              1                    O 24q     352220 1 1 2 3 2 2    45.0   49.0
451 8184.061300 8.594E-87 5.589E-09.00600.00627891.40880.460.000593              6              3                    S 20q     352220 1 1 2 3 2 2    45.0   41.0
451 8185.146700 5.035E-85 3.124E-07.01240.01227881.66970.590.000640             13              8                    S  5q     352220 1 1 2 3 2 2    45.0   33.0
451 8185.286000 5.262E-79 4.047E-07.01220.01224752.46340.550.000413             11              7                    O  3q     352220 1 1 2 3 2 2     9.0   21.0
451 8185.468989 4.211E-83 2.381E-10.01390.01425430.0601-.000.000057             11              7                    Q  5m     572220 3 3 2 3 2 2    33.0   33.0
451 8185.469200 6.319E-80 3.571E-07.01250.01225430.06010.620.000501             11              7                    Q  5q     352220 1 1 2 3 2 2    33.0   33.0
451 8186.160600 1.432E-86 1.904E-08.01540.01527881.66970.590.000841             14              8                    O  5q     352220 1 1 2 3 2 2    21.0   33.0
451 8192.634500 2.996E-75 2.690E-08.01340.01322834.47140.650.000562              8              4                    O 13q     352220 1 1 2 3 2 2    69.0   81.0
451 8217.408000 5.086E-84 2.207E-08.01300.01327008.44840.690.000647              9              4                    O 17q     352220 1 1 2 3 2 2    93.0  105.0
451 8232.907800 1.925E-66 5.236E-07.00890.00919026.00430.560.000346              8              5                    Q  3q     352220 1 1 2 3 2 2    21.0   21.0
451 8232.908076 6.623E-70 1.803E-10.00720.00719026.0043-.010.000041              8              5                    Q  3m     582220 3 3 2 3 2 2    21.0   21.0
451 8237.523900 3.276E-74 1.661E-08.00530.00522170.50190.570.000390              2              0                    S 22q     352220 1 1 2 3 2 2    49.0   45.0
451 8238.093200 1.046E-47 1.106E-06.00470.00510261.12850.620.000312              4              2                    S  6q     352220 1 1 2 3 2 2    17.0   13.0
451 8238.147787 1.769E-83 6.656E-10.01860.01925724.35880.030.000059             10              6                    Q 10m     572220 3 3 2 3 2 2    21.0   21.0
451 8238.148000 7.230E-81 2.719E-07.01290.01325724.35880.640.000538             10              6                    Q 10q     352220 1 1 2 3 2 2    21.0   21.0
451 8238.249100 5.978E-61 3.247E-07.00510.00516631.91060.580.000348              4              2                    S 13q     352220 1 1 2 3 2 2    93.0   81.0
451 8240.142900 3.013E-58 1.426E-08.00910.00914495.44310.630.000391              6              3                    O  7q     352220 1 1 2 3 2 2    33.0   45.0
451 8246.608100 7.737E-78 1.266E-08.01360.01423750.84490.640.000558             10              6                    O  7q     352220 1 1 2 3 2 2    33.0   45.0
451 8247.732100 1.058E-70 6.188E-08.00980.01020957.31230.590.000450              4              1                    Q 19q     352220 1 1 2 3 2 2   117.0  117.0
451 8247.732503 1.114E-72 6.516E-10.00860.00920957.31230.010.000047              4              1                    Q 19m     582220 3 3 2 3 2 2   117.0  117.0
451 8252.425922 9.028E-88 4.284E-10.00850.00927823.04400.090.000063              6              2                    Q 22m     582220 3 3 2 3 2 2    45.0   45.0
451 8252.426100 8.991E-86 4.264E-08.00870.00927823.04400.480.000621              6              2                    Q 22q     352220 1 1 2 3 2 2    45.0   45.0
451 8258.746200 6.137E-68 2.354E-07.00950.00919846.89020.610.000442              6              3                    Q 13q     352220 1 1 2 3 2 2    81.0   81.0
451 8258.746502 3.279E-70 1.259E-09.00840.00819846.8902-.010.000045              6              3                    Q 13m     582220 3 3 2 3 2 2    81.0   81.0
451 8272.316744 7.026E-88 4.623E-11.01400.01427258.91210.040.000063             13              8                    Q  3m     572220 3 3 2 3 2 2    21.0   21.0
451 8272.317600 3.125E-84 2.056E-07.01440.01427258.91210.700.000558             13              8                    Q  3q     352220 1 1 2 3 2 2    21.0   21.0
451 8279.569000 1.156E-66 3.590E-07.00880.00919256.38140.650.000409              7              4                    Q  9q     352220 1 1 2 3 2 2    57.0   57.0
451 8279.569238 3.105E-69 9.651E-10.01180.01219256.3814-.020.000044              7              4                    Q  9m     582220 3 3 2 3 2 2    57.0   57.0
451 8280.976800 4.165E-36 5.733E-07.00580.006 4497.83850.650.000258              3              1                    S  2q     352220 1 1 2 3 2 2     9.0    5.0
451 8285.953400 1.765E-66 5.614E-07.00680.00718760.34360.400.000311              8              5                    Q  2q     352220 1 1 2 3 2 2     5.0    5.0
451 8285.953642 2.822E-70 8.986E-11.00580.00618760.34360.030.000036              8              5                    Q  2m     582220 3 3 2 3 2 2     5.0    5.0
451 8294.533100 9.024E-77 8.156E-09.01360.01423016.22250.640.000562              9              5                    O 10q     352220 1 1 2 3 2 2    17.0   21.0
451 8295.874300 3.302E-69 7.441E-09.00530.00519595.53450.570.000375              3              1                    S 18q     352220 1 1 2 3 2 2    41.0   37.0
451 8297.106900 3.080E-69 1.352E-07.00970.01020161.71090.580.000444              5              2                    Q 16q     352220 1 1 2 3 2 2    33.0   33.0
451 8297.107258 2.395E-71 1.051E-09.00780.00820161.71090.000.000045              5              2                    Q 16m     582220 3 3 2 3 2 2    33.0   33.0
451 8299.480000 5.299E-59 4.578E-07.00490.00515537.17360.590.000351              4              2                    S 12q     352220 1 1 2 3 2 2    29.0   25.0
451 8300.763700 1.129E-48 1.057E-06.00470.00510955.61770.610.000319              4              2                    S  7q     352220 1 1 2 3 2 2    57.0   45.0
451 8305.017500 1.071E-84 5.307E-07.01540.01527046.29700.690.000452             13              8                    O  2q     352220 1 1 2 3 2 2     1.0    5.0
451 8309.973100 4.915E-48 3.618E-09.00870.009 9523.79160.650.000341              3              0                    O 13q     352220 1 1 2 3 2 2    69.0   81.0
451 8310.174700 1.283E-55 4.192E-10.00910.00912584.71620.620.000382              5              2                    O  9q     352220 1 1 2 3 2 2    45.0   57.0
451 8316.016100 4.598E-83 6.107E-07.00970.01026927.53170.620.000584             11              7                    S  8q     352220 1 1 2 3 2 2    21.0   17.0
451 8318.633489 2.814E-87 2.652E-10.02880.02927535.95040.060.000069             12              7                    Q  9m     572220 3 3 2 3 2 2    57.0   57.0
451 8318.634400 1.589E-84 1.498E-07.01290.01327535.95040.670.000660             12              7                    Q  9q     352220 1 1 2 3 2 2    57.0   57.0
451 8321.406700 1.051E-65 7.861E-07.00770.00818581.71030.530.000312              8              5                    Q  1q     352220 1 1 2 3 2 2     9.0    9.0
451 8321.406928 3.991E-70 2.989E-11.00850.00818581.71030.030.000034              8              5                    Q  1m     582220 3 3 2 3 2 2     9.0    9.0
451 8323.694662 4.511E-83 1.573E-10.01140.01125056.4070-.000.000055             11              7                    Q  4m     572220 3 3 2 3 2 2     9.0    9.0
451 8323.694900 1.041E-79 3.627E-07.01200.01225056.40700.590.000471             11              7                    Q  4q     352220 1 1 2 3 2 2     9.0    9.0
451 8329.408500 6.206E-51 5.092E-09.00890.00910926.97290.640.000358              4              1                    O 11q     352220 1 1 2 3 2 2    57.0   69.0
451 8330.800800 1.917E-61 2.319E-07.00880.00916190.70270.600.000377              7              4                    O  4q     352220 1 1 2 3 2 2     5.0    9.0
451 8340.933000 3.055E-56 5.979E-07.00490.00514493.53840.600.000344              4              2                    S 11q     352220 1 1 2 3 2 2    81.0   69.0
451 8342.303000 8.713E-51 9.747E-07.00480.00511732.11480.610.000314              4              2                    S  8q     352220 1 1 2 3 2 2    21.0   17.0
451 8343.390000 1.707E-73 2.645E-08.01270.01322024.77160.620.000499              7              3                    O 15q     352220 1 1 2 3 2 2    81.0   93.0
451 8357.642500 2.376E-78 4.398E-07.00840.00824691.59620.660.000392              8              5                    S 12q     352220 1 1 2 3 2 2    29.0   25.0
451 8362.144600 1.396E-54 7.367E-07.00480.00513507.28160.600.000328              4              2                    S 10q     352220 1 1 2 3 2 2    25.0   21.0
451 8362.705500 4.009E-52 8.651E-07.00490.00512584.71620.600.000321              4              2                    S  9q     352220 1 1 2 3 2 2    69.0   57.0
451 8365.594900 3.962E-79 9.321E-07.01050.01024521.50350.510.000371             11              7                    O  2q     352220 1 1 2 3 2 2     1.0    5.0
451 8380.519400 8.855E-85 3.759E-07.01220.01227538.44900.560.000611             13              8                    S  4q     352220 1 1 2 3 2 2    13.0    9.0
451 8390.594600 1.655E-83 2.610E-08.01300.01326521.35700.680.000664             10              5                    O 14q     352220 1 1 2 3 2 2    25.0   29.0
451 8396.690732 2.298E-88 2.328E-11.01070.01127046.29700.070.000058             13              8                    Q  2m     572220 3 3 2 3 2 2     5.0    5.0
451 8396.691600 2.212E-84 2.241E-07.01630.01627046.29700.680.000485             13              8                    Q  2q     352220 1 1 2 3 2 2     5.0    5.0
451 8398.097800 2.469E-83 1.403E-08.01300.01326480.52630.680.000680             11              6                    O 11q     352220 1 1 2 3 2 2    57.0   69.0
451 8406.360900 1.559E-27 1.274E-07.00540.005    0.00000.650.000248              2              0                    S  0q     352220 1 1 2 3 2 2     5.0    1.0
451 8406.732400 1.194E-70 1.777E-08.00970.01020687.91170.600.000431              3              0                    Q 21q     352220 1 1 2 3 2 2   129.0  129.0
451 8406.732749 1.485E-72 2.210E-10.00910.00920687.91170.010.000048              3              0                    Q 21m     582220 3 3 2 3 2 2   129.0  129.0
451 8417.512300 1.319E-81 7.958E-08.01040.01025929.28680.580.000528              7              4                    S 16q     352220 1 1 2 3 2 2    37.0   33.0
451 8428.310000 1.327E-65 3.610E-07.00880.00918499.22170.650.000407              7              4                    Q  8q     352220 1 1 2 3 2 2    17.0   17.0
451 8428.310220 2.827E-68 7.698E-10.01170.01218499.2217-.030.000044              7              4                    Q  8m     582220 3 3 2 3 2 2    17.0   17.0
451 8431.063400 2.776E-71 3.801E-09.00540.00520687.91170.570.000363              2              0                    S 21q     352220 1 1 2 3 2 2   141.0  129.0
451 8433.876600 3.329E-36 6.559E-07.00460.005 4831.39150.630.000277              3              1                    S  3q     352220 1 1 2 3 2 2    33.0   21.0
451 8434.016551 2.681E-82 9.389E-11.00950.00924752.46340.010.000051             11              7                    Q  3m     572220 3 3 2 3 2 2    21.0   21.0
451 8434.016800 1.065E-78 3.727E-07.01220.01224752.46340.510.000452             11              7                    Q  3q     352220 1 1 2 3 2 2    21.0   21.0
451 8437.941200 2.946E-65 3.534E-08.00520.00518253.41720.580.000368              3              1                    S 17q     352220 1 1 2 3 2 2   117.0  105.0
451 8441.011600 2.571E-72 1.710E-08.01260.01321400.68450.600.000477              6              2                    O 17q     352220 1 1 2 3 2 2    93.0  105.0
451 8441.816815 8.194E-85 6.388E-10.01030.01026691.35840.080.000062              7              3                    Q 19m     582220 3 3 2 3 2 2   117.0  117.0
451 8441.817000 1.041E-82 8.114E-08.00940.00926691.35840.580.000620              7              3                    Q 19q     352220 1 1 2 3 2 2   117.0  117.0
451 8444.245000 1.655E-83 1.438E-08.01270.01326691.35840.640.000605              8              3                    O 19q     352220 1 1 2 3 2 2   105.0  117.0
451 8457.480584 1.467E-82 7.853E-10.01820.01825590.11180.050.000060              9              5                    Q 13m     582220 3 3 2 3 2 2    81.0   81.0
451 8457.480800 3.704E-80 1.982E-07.01310.01325590.11180.640.000565              9              5                    Q 13q     352220 1 1 2 3 2 2    81.0   81.0
451 8459.507400 2.717E-66 2.370E-07.00960.01018816.74070.600.000444              6              3                    Q 12q     352220 1 1 2 3 2 2    25.0   25.0
451 8459.507762 1.239E-68 1.081E-09.00840.00818816.7407-.010.000045              6              3                    Q 12m     582220 3 3 2 3 2 2    25.0   25.0
451 8479.134085 2.726E-88 7.801E-12.01690.01726903.11700.050.000051             13              8                    Q  1m     572220 3 3 2 3 2 2     9.0    9.0
451 8479.134900 1.107E-83 3.168E-07.01690.01726903.11700.680.000503             13              8                    Q  1q     352220 1 1 2 3 2 2     9.0    9.0
451 8484.675300 3.302E-86 3.736E-08.01630.01627538.44900.700.000758             14              8                    O  4q     352220 1 1 2 3 2 2     5.0    9.0
451 8493.742500 4.497E-57 3.412E-08.00900.00913839.11330.630.000388              6              3                    O  6q     352220 1 1 2 3 2 2     9.0   13.0
451 8495.794676 1.163E-81 5.420E-10.01810.01825013.57150.020.000058             10              6                    Q  9m     582220 3 3 2 3 2 2    57.0   57.0
451 8495.794900 5.866E-79 2.730E-07.01290.01325013.57150.640.000535             10              6                    Q  9q     352220 1 1 2 3 2 2    57.0   57.0
451 8496.231300 1.079E-71 7.463E-09.01280.01320957.31230.600.000464              5              1                    O 19q     352220 1 1 2 3 2 2   105.0  117.0
451 8506.631100 2.373E-68 6.231E-08.00970.01019595.53450.590.000445              4              1                    Q 18q     352220 1 1 2 3 2 2    37.0   37.0
451 8506.631439 2.264E-70 5.936E-10.00850.00919595.53450.010.000046              4              1                    Q 18m     582220 3 3 2 3 2 2    37.0   37.0
451 8508.323900 2.167E-81 7.397E-07.00970.01026370.30020.620.000561             11              7                    S  7q     352220 1 1 2 3 2 2    57.0   45.0
451 8512.411500 7.075E-77 3.259E-08.00990.01023209.75760.670.000563             10              6                    O  6q     352220 1 1 2 3 2 2     9.0   13.0
451 8515.963900 8.867E-84 3.935E-07.01320.01327258.91210.700.000585             13              8                    S  3q     352220 1 1 2 3 2 2    33.0   21.0
451 8516.639361 9.593E-83 4.681E-11.00730.00724521.50350.030.000049             11              7                    Q  2m     572220 3 3 2 3 2 2     5.0    5.0
451 8516.639600 8.181E-79 3.990E-07.01220.01224521.50350.680.000406             11              7                    Q  2q     352220 1 1 2 3 2 2     5.0    5.0
451 8516.652343 1.119E-83 7.752E-10.01760.01825929.28680.060.000059              8              4                    Q 16m     582220 3 3 2 3 2 2    33.0   33.0
451 8516.652500 1.927E-81 1.334E-07.01330.01325929.28680.630.000592              8              4                    Q 16q     352220 1 1 2 3 2 2    33.0   33.0
451 8517.132700 1.064E-71 1.792E-09.01260.01320687.91170.620.000444              4              0                    O 21q     352220 1 1 2 3 2 2   117.0  129.0
451 8522.908400 7.046E-84 4.168E-09.01290.01326370.30020.680.000692             12              7                    O  7q     352220 1 1 2 3 2 2    33.0   45.0
451 8526.710200 5.860E-76 6.185E-07.00840.00823831.67230.660.000385              8              5                    S 11q     352220 1 1 2 3 2 2    81.0   69.0
451 8529.392000 2.987E-66 1.362E-07.00970.01018950.12220.580.000438              5              2                    Q 15q     352220 1 1 2 3 2 2    93.0   93.0
451 8529.392320 2.053E-68 9.355E-10.00770.00818950.1222-.010.000044              5              2                    Q 15m     582220 3 3 2 3 2 2    93.0   93.0
451 8530.282200 8.262E-74 2.426E-08.01350.01321869.42620.650.000561              8              4                    O 12q     352220 1 1 2 3 2 2    21.0   25.0
451 8530.866000 9.526E-87 1.196E-09.01590.01627535.95040.670.000838             13              7                    O  9q     352220 1 1 2 3 2 2    45.0   57.0
451 8534.305800 4.775E-84 3.450E-09.00620.00626691.35840.480.000552              6              3                    S 19q     352220 1 1 2 3 2 2   129.0  117.0
451 8547.785400 3.448E-60 3.992E-07.00870.00915818.28780.590.000291              7              4                    O  3q     352220 1 1 2 3 2 2     9.0   21.0
451 8554.367400 5.695E-66 5.237E-07.00740.00718491.92960.700.000428              8              5                    S  0q     352220 1 1 2 3 2 2     5.0    1.0
451 8561.589200 9.810E-64 3.627E-07.00880.00917808.71100.650.000403              7              4                    Q  7q     352220 1 1 2 3 2 2    45.0   45.0
451 8561.589519 1.616E-66 5.979E-10.01160.01217808.7110-.030.000044              7              4                    Q  7m     582220 3 3 2 3 2 2    45.0   45.0
451 8563.234600 1.268E-62 8.211E-08.00520.00516936.25540.580.000362              3              1                    S 16q     352220 1 1 2 3 2 2    37.0   33.0
451 8567.733900 1.631E-37 7.146E-07.00450.005 5271.37940.630.000271              3              1                    S  4q     352220 1 1 2 3 2 2    13.0    9.0
451 8571.675947 1.208E-82 1.558E-11.01480.01524366.07320.030.000044             11              7                    Q  1m     582220 3 3 2 3 2 2     9.0    9.0
451 8571.676200 4.330E-78 5.583E-07.01120.01124366.07320.490.000408             11              7                    Q  1q     352220 1 1 2 3 2 2     9.0    9.0
451 8579.592465 2.454E-89 1.649E-11.02290.02327538.44900.090.000069             14              8                    Q  4m     582220 3 3 2 3 2 2     9.0    9.0
451 8579.594100 6.714E-86 4.315E-08.01630.01627538.44900.700.000709             14              8                    Q  4q     352220 1 1 2 3 2 2     9.0    9.0
451 8582.711500 1.146E-54 2.192E-10.00910.00911732.11480.620.000382              5              2                    O  8q     352220 1 1 2 3 2 2    13.0   17.0
451 8584.286900 5.125E-84 2.861E-07.00950.00927276.24810.590.000628             10              6                    S 12q     352220 1 1 2 3 2 2    29.0   25.0
451 8597.174700 6.273E-84 3.701E-07.01440.01427046.29700.700.000557             13              8                    S  2q     352220 1 1 2 3 2 2     9.0    5.0
451 8602.957400 3.980E-75 3.546E-09.01370.01422251.10950.640.000552              9              5                    O  9q     352220 1 1 2 3 2 2    45.0   57.0
451 8604.215100 5.237E-27 1.898E-07.00560.006  118.48690.650.000244              2              0                    S  1q     352220 1 1 2 3 2 2    21.0    9.0
451 8605.456800 4.649E-46 3.125E-09.00880.009 8298.60140.640.000341              3              0                    O 12q     352220 1 1 2 3 2 2    21.0   25.0
451 8608.458800 1.939E-83 6.992E-09.01240.01226524.71660.600.000574              7              2                    O 21q     352220 1 1 2 3 2 2   117.0  129.0
451 8610.055700 6.722E-71 2.316E-11.00520.00519212.98830.570.000364              2              0                    S 20q     352220 1 1 2 3 2 2    45.0   41.0
451 8611.898000 5.674E-84 2.124E-07.01420.01426831.09060.700.000547             13              8                    S  0q     352220 1 1 2 3 2 2     5.0    1.0
451 8615.484200 1.704E-49 3.148E-09.00890.009 9883.73750.630.000360              4              1                    O 10q     352220 1 1 2 3 2 2    17.0   21.0
451 8628.112700 2.446E-83 3.106E-07.01390.01426903.11700.700.000579             13              8                    S  1q     352220 1 1 2 3 2 2    21.0    9.0
451 8646.761600 8.566E-64 2.379E-07.00940.00917833.76470.610.000429              6              3                    Q 11q     352220 1 1 2 3 2 2    69.0   69.0
451 8646.761970 3.306E-66 9.191E-10.00840.00817833.7647-.010.000043              6              3                    Q 11m     582220 3 3 2 3 2 2    69.0   69.0
451 8656.733600 7.979E-81 8.287E-07.00970.01025869.50960.630.000549             11              7                    S  6q     352220 1 1 2 3 2 2    17.0   13.0
451 8665.896200 1.188E-74 7.970E-07.00830.00823016.22250.660.000378              8              5                    S 10q     352220 1 1 2 3 2 2    25.0   21.0
451 8670.412271 1.244E-86 2.219E-10.02870.02926927.53170.060.000068             12              7                    Q  8m     562220 3 3 2 3 2 2    17.0   17.0
451 8670.413100 8.841E-84 1.577E-07.01290.01326927.53170.670.000657             12              7                    Q  8q     352220 1 1 2 3 2 2    17.0   17.0
451 8671.316800 3.229E-59 1.453E-07.00510.00515649.59370.590.000355              3              1                    S 15q     352220 1 1 2 3 2 2   105.0   93.0
451 8676.918800 1.350E-78 1.772E-07.01050.01124870.15970.580.000544              7              4                    S 15q     352220 1 1 2 3 2 2   105.0   93.0
451 8677.201800 2.238E-65 7.801E-07.00940.00918581.71030.670.000404              8              5                    S  1q     352220 1 1 2 3 2 2    21.0    9.0
451 8678.420500 4.650E-68 1.786E-08.00970.01019212.98830.590.000438              3              0                    Q 20q     352220 1 1 2 3 2 2    41.0   41.0
451 8678.420834 5.351E-70 2.055E-10.00900.00919212.98830.020.000047              3              0                    Q 20m     582220 3 3 2 3 2 2    41.0   41.0
451 8679.118500 5.596E-63 3.644E-07.00870.00917190.39110.650.000394              7              4                    Q  6q     352220 1 1 2 3 2 2    13.0   13.0
451 8679.118808 6.880E-66 4.484E-10.01050.01117190.3911-.030.000043              7              4                    Q  6m     582220 3 3 2 3 2 2    13.0   13.0
451 8681.521400 4.125E-38 7.490E-07.00460.005 5813.92170.630.000291              3              1                    S  5q     352220 1 1 2 3 2 2    45.0   33.0
451 8693.892300 1.045E-71 2.628E-08.01300.01320918.19810.620.000498              7              3                    O 14q     352220 1 1 2 3 2 2    25.0   29.0
451 8696.776082 5.270E-87 3.503E-10.02860.02927276.24810.070.000068             11              6                    Q 12m     572220 3 3 2 3 2 2    25.0   25.0
451 8696.777000 1.728E-84 1.148E-07.01290.01327276.24810.660.000686             11              6                    Q 12q     352220 1 1 2 3 2 2    25.0   25.0
451 8700.947600 1.257E-82 4.200E-08.00880.00926524.71660.500.000612              6              2                    Q 21q     352220 1 1 2 3 2 2   129.0  129.0
451 8700.947665 1.198E-84 4.001E-10.00850.00926524.71660.090.000063              6              2                    Q 21m     582220 3 3 2 3 2 2   129.0  129.0
451 8709.436100 2.927E-82 2.412E-08.01300.01325929.28680.690.000653              9              4                    O 16q     352220 1 1 2 3 2 2    29.0   33.0
451 8722.161800 7.944E-84 2.406E-09.01230.01226503.50240.580.000539              6              1                    O 23q     352220 1 1 2 3 2 2   129.0  141.0
451 8726.329864 6.510E-81 4.343E-10.01810.01824353.88360.020.000058             10              6                    Q  8m     582220 3 3 2 3 2 2    17.0   17.0
451 8726.330100 4.094E-78 2.730E-07.01260.01324353.88360.650.000532             10              6                    Q  8q     352220 1 1 2 3 2 2    17.0   17.0
451 8731.521800 4.158E-85 7.113E-08.01740.01727258.91210.700.000628             14              8                    O  3q     352220 1 1 2 3 2 2     9.0   21.0
451 8740.282100 3.252E-55 6.883E-08.00890.00913265.26810.620.000380              6              3                    O  5q     352220 1 1 2 3 2 2    21.0   33.0
451 8749.785900 2.734E-64 1.368E-07.00970.01017771.57110.580.000442              5              2                    Q 14q     352220 1 1 2 3 2 2    29.0   29.0
451 8749.786253 1.656E-66 8.285E-10.00790.00817771.5711-.040.000045              5              2                    Q 14m     582220 3 3 2 3 2 2    29.0   29.0
451 8750.227800 2.297E-78 3.799E-07.01080.01124287.91530.700.000469             11              7                    S  0q     352220 1 1 2 3 2 2     5.0    1.0
451 8752.172000 3.370E-60 9.324E-07.00750.00815535.74330.560.000274              7              4                    O  2q     352220 1 1 2 3 2 2     1.0    5.0
451 8755.031200 4.353E-65 6.264E-08.00970.01018253.41720.590.000429              4              1                    Q 17q     352220 1 1 2 3 2 2   105.0  105.0
451 8755.031559 3.763E-67 5.414E-10.00860.00918253.41720.010.000046              4              1                    Q 17m     582220 3 3 2 3 2 2   105.0  105.0
451 8761.313400 3.313E-75 6.913E-08.01330.01322735.58600.610.000556             10              6                    O  5q     352220 1 1 2 3 2 2    21.0   33.0
451 8761.647800 6.611E-57 2.216E-07.00500.00514399.22040.590.000349              3              1                    S 14q     352220 1 1 2 3 2 2    33.0   29.0
451 8763.940000 1.833E-79 8.707E-07.00980.01025430.06010.640.000538             11              7                    S  5q     352220 1 1 2 3 2 2    45.0   33.0
451 8769.665493 2.873E-81 6.796E-10.01790.01824691.59620.040.000059              9              5                    Q 12m     582220 3 3 2 3 2 2    25.0   25.0
451 8769.665700 8.359E-79 1.976E-07.01270.01324691.59620.640.000543              9              5                    Q 12q     352220 1 1 2 3 2 2    25.0   25.0
451 8774.384600 4.836E-65 4.932E-09.00520.00517750.33200.580.000370              2              0                    S 19q     352220 1 1 2 3 2 2   129.0  117.0
451 8774.500600 6.865E-40 7.582E-07.00460.005 6454.38870.620.000297              3              1                    S  6q     352220 1 1 2 3 2 2    17.0   13.0
451 8775.996400 1.589E-72 9.609E-07.00830.00822251.10950.660.000371              8              5                    S  9q     352220 1 1 2 3 2 2    69.0   57.0
451 8778.105400 4.895E-66 9.708E-07.00830.00818760.34360.520.000267              8              5                    S  2q     352220 1 1 2 3 2 2     9.0    5.0
451 8780.591300 1.937E-61 3.668E-07.00860.00916649.46880.640.000383              7              4                    Q  5q     352220 1 1 2 3 2 2    33.0   33.0
451 8780.591664 1.690E-64 3.204E-10.00920.00916649.4688-.030.000043              7              4                    Q  5m     582220 3 3 2 3 2 2    33.0   33.0
451 8785.524400 8.567E-28 2.378E-07.00590.006  354.37320.650.000248              2              0                    S  2q     352220 1 1 2 3 2 2     9.0    5.0
451 8794.830800 9.201E-85 4.607E-10.01240.01226621.84590.590.000529              5              0                    O 25q     352220 1 1 2 3 2 2   141.0  153.0
451 8801.058000 3.158E-70 1.775E-08.01270.01320161.71090.600.000474              6              2                    O 16q     352220 1 1 2 3 2 2    29.0   33.0
451 8801.884400 2.115E-82 1.121E-08.01300.01325724.35880.680.000688             11              6                    O 10q     352220 1 1 2 3 2 2    17.0   21.0
451 8808.916859 1.740E-88 1.300E-11.01780.01827258.91210.080.000066             14              8                    Q  3m     572220 3 3 2 3 2 2    21.0   21.0
451 8808.918200 8.137E-85 6.072E-08.01740.01727258.91210.700.000665             14              8                    Q  3q     352220 1 1 2 3 2 2    21.0   21.0
451 8820.300600 2.304E-62 2.385E-07.00930.00916904.05820.610.000434              6              3                    Q 10q     352220 1 1 2 3 2 2    21.0   21.0
451 8820.300910 7.437E-65 7.705E-10.00830.00816904.0582-.010.000042              6              3                    Q 10m     582220 3 3 2 3 2 2    21.0   21.0
451 8820.407000 9.742E-78 5.700E-07.01070.01124366.07320.700.000481             11              7                    S  1q     352220 1 1 2 3 2 2    21.0    9.0
451 8828.447400 1.466E-85 1.195E-08.01600.01627276.24810.680.000813             12              6                    O 12q     352220 1 1 2 3 2 2    21.0   25.0
451 8832.094600 3.179E-79 8.634E-07.00970.01025056.40700.620.000514             11              7                    S  4q     352220 1 1 2 3 2 2    13.0    9.0
451 8833.619100 9.018E-54 3.071E-07.00490.00513191.15250.600.000342              3              1                    S 13q     352220 1 1 2 3 2 2    93.0   81.0
451 8834.775300 6.577E-83 1.344E-08.01290.01325869.50960.660.000703             12              7                    O  6q     352220 1 1 2 3 2 2     9.0   13.0
451 8842.523400 3.888E-81 2.669E-08.01300.01325590.11180.680.000669             10              5                    O 13q     352220 1 1 2 3 2 2    69.0   81.0
451 8846.216100 6.286E-41 7.426E-07.00460.005 7187.52560.620.000291              3              1                    S  7q     352220 1 1 2 3 2 2    57.0   45.0
451 8847.309052 7.138E-83 5.889E-10.01030.01025499.49000.080.000061              7              3                    Q 18m     582220 3 3 2 3 2 2    37.0   37.0
451 8847.309100 9.726E-81 8.025E-08.00950.00925499.49000.580.000610              7              3                    Q 18q     352220 1 1 2 3 2 2    37.0   37.0
451 8849.160500 4.622E-81 3.443E-08.00620.00625499.49000.480.000545              6              3                    S 18q     352220 1 1 2 3 2 2    41.0   37.0
451 8851.377800 1.804E-51 3.318E-09.00910.00910955.61770.620.000367              5              2                    O  7q     352220 1 1 2 3 2 2    33.0   45.0
451 8855.665400 5.566E-66 1.115E-06.00790.00819026.00430.620.000233              8              5                    S  3q     352220 1 1 2 3 2 2    33.0   21.0
451 8857.588700 1.703E-71 1.098E-06.00820.00821542.11970.670.000332              8              5                    S  8q     352220 1 1 2 3 2 2    21.0   17.0
451 8858.598400 2.420E-78 7.094E-07.01330.01324521.50350.520.000495             11              7                    S  2q     352220 1 1 2 3 2 2     9.0    5.0
451 8858.618000 1.534E-71 2.025E-08.01350.01420947.42170.640.000540              8              4                    O 11q     352220 1 1 2 3 2 2    57.0   69.0
451 8863.065900 3.286E-78 8.081E-07.01300.01324752.46340.580.000492             11              7                    S  3q     352220 1 1 2 3 2 2    33.0   21.0
451 8863.283300 2.480E-69 7.926E-09.01280.01319595.53450.600.000465              5              1                    O 18q     352220 1 1 2 3 2 2    33.0   37.0
451 8865.704300 4.875E-61 3.711E-07.00880.00916190.70270.610.000369              7              4                    Q  4q     352220 1 1 2 3 2 2     9.0    9.0
451 8865.704688 2.804E-64 2.137E-10.00800.00816190.7027-.030.000042              7              4                    Q  4m     582220 3 3 2 3 2 2     9.0    9.0
451 8877.475059 4.494E-81 6.972E-10.01780.01824870.15970.060.000060              8              4                    Q 15m     582220 3 3 2 3 2 2    93.0   93.0
451 8877.475100 8.539E-79 1.325E-07.01320.01324870.15970.630.000582              8              4                    Q 15q     352220 1 1 2 3 2 2    93.0   93.0
451 8886.589000 1.008E-51 3.973E-07.00490.00512031.60910.600.000324              3              1                    S 12q     352220 1 1 2 3 2 2    29.0   25.0
451 8889.177300 4.317E-69 1.928E-09.01240.01219212.98830.620.000444              4              0                    O 20q     352220 1 1 2 3 2 2    37.0   41.0
451 8891.960100 5.920E-86 1.890E-11.00560.00626524.71660.410.000578              5              2                    S 21q     352220 1 1 2 3 2 2   141.0  129.0
451 8896.476000 4.032E-43 7.041E-07.00470.005 8007.58220.620.000309              3              1                    S  8q     352220 1 1 2 3 2 2    21.0   17.0
451 8899.089700 3.702E-75 3.893E-10.01370.01421542.11970.640.000552              9              5                    O  8q     352220 1 1 2 3 2 2    13.0   17.0
451 8900.270200 2.059E-47 1.339E-09.00900.009 8908.44080.630.000363              4              1                    O  9q     352220 1 1 2 3 2 2    45.0   57.0
451 8901.678200 2.723E-43 2.488E-09.00870.009 7132.06350.640.000342              3              0                    O 11q     352220 1 1 2 3 2 2    57.0   69.0
451 8905.585100 1.041E-76 3.014E-07.01040.01023836.65360.590.000533              7              4                    S 14q     352220 1 1 2 3 2 2    33.0   29.0
451 8908.666500 4.296E-67 1.211E-06.00780.00819376.02850.660.000288              8              5                    S  4q     352220 1 1 2 3 2 2    13.0    9.0
451 8910.991300 9.734E-82 4.382E-07.00960.01026480.52630.600.000614             10              6                    S 11q     352220 1 1 2 3 2 2    81.0   69.0
451 8911.148800 1.158E-69 1.198E-06.00820.00820894.89090.670.000357              8              5                    S  7q     352220 1 1 2 3 2 2    57.0   45.0
451 8913.174300 5.819E-83 1.684E-08.00850.00826503.50240.470.000598              5              1                    Q 23q     352220 1 1 2 3 2 2   141.0  141.0
451 8913.174564 6.664E-85 1.929E-10.00880.00926503.50240.100.000063              5              1                    Q 23m     582220 3 3 2 3 2 2   141.0  141.0
451 8919.917300 7.361E-49 4.874E-07.00480.00510926.97290.600.000311              3              1                    S 11q     352220 1 1 2 3 2 2    81.0   69.0
451 8923.745300 6.113E-62 1.802E-08.00520.00516304.80690.580.000350              2              0                    S 18q     352220 1 1 2 3 2 2    41.0   37.0
451 8925.323900 1.514E-44 6.458E-07.00480.005 8908.44080.610.000316              3              1                    S  9q     352220 1 1 2 3 2 2    69.0   57.0
451 8926.976200 3.101E-85 1.775E-07.01940.01927046.29700.680.000564             14              8                    O  2q     352220 1 1 2 3 2 2     1.0    5.0
451 8930.565331 2.415E-79 3.399E-10.01800.01823750.84490.020.000057             10              6                    Q  7m     582220 3 3 2 3 2 2    45.0   45.0
451 8930.565500 1.935E-76 2.722E-07.01280.01323750.84490.640.000527             10              6                    Q  7q     352220 1 1 2 3 2 2    45.0   45.0
451 8933.003200 4.235E-47 5.719E-07.00480.005 9883.73750.610.000323              3              1                    S 10q     352220 1 1 2 3 2 2    25.0   21.0
451 8934.175600 7.019E-60 3.805E-07.00890.00915818.28780.560.000346              7              4                    Q  3q     352220 1 1 2 3 2 2    21.0   21.0
451 8934.175934 2.363E-63 1.283E-10.00680.00715818.2878-.020.000041              7              4                    Q  3m     582220 3 3 2 3 2 2    21.0   21.0
451 8936.097800 1.890E-67 1.258E-06.00810.00819806.99550.670.000311              8              5                    S  5q     352220 1 1 2 3 2 2    45.0   33.0
451 8937.142100 6.023E-69 1.253E-06.00810.00820314.82630.670.000318              8              5                    S  6q     352220 1 1 2 3 2 2    17.0   13.0
451 8941.026400 1.536E-64 1.793E-08.00960.01017750.33200.600.000432              3              0                    Q 19q     352220 1 1 2 3 2 2   117.0  117.0
451 8941.026696 1.635E-66 1.907E-10.00890.00917750.33200.020.000047              3              0                    Q 19m     582220 3 3 2 3 2 2   117.0  117.0
451 8946.449300 1.659E-81 1.569E-08.01270.01325499.49000.630.000604              8              3                    O 18q     352220 1 1 2 3 2 2    33.0   37.0
451 8948.678300 6.392E-28 2.767E-07.00450.004  705.51890.640.000266              2              0                    S  3q     352220 1 1 2 3 2 2    33.0   21.0
451 8958.201200 1.860E-61 1.372E-07.00960.01016631.91060.590.000436              5              2                    Q 13q     352220 1 1 2 3 2 2    81.0   81.0
451 8958.201500 9.866E-64 7.279E-10.00770.00816631.9106-.000.000043              5              2                    Q 13m     582220 3 3 2 3 2 2    81.0   81.0
451 8976.254559 3.733E-85 1.797E-10.02850.02826370.30020.040.000068             12              7                    Q  7m     572220 3 3 2 3 2 2    45.0   45.0
451 8976.255400 3.355E-82 1.614E-07.01290.01326370.30020.670.000651             12              7                    Q  7q     352220 1 1 2 3 2 2    45.0   45.0
451 8976.826002 6.440E-89 7.456E-12.01290.01327046.29700.110.000065             14              8                    Q  2m     572220 3 3 2 3 2 2     5.0    5.0
451 8976.827300 6.383E-85 7.391E-08.01700.01727046.29700.700.000589             14              8                    Q  2q     352220 1 1 2 3 2 2     5.0    5.0
451 8978.191600 1.443E-54 1.272E-07.00910.00912778.81530.620.000360              6              3                    O  4q     352220 1 1 2 3 2 2     5.0    9.0
451 8979.829800 4.153E-60 2.388E-07.00930.00916033.74170.610.000429              6              3                    Q  9q     352220 1 1 2 3 2 2    57.0   57.0
451 8979.830135 1.102E-62 6.344E-10.00830.00816033.7417-.020.000042              6              3                    Q  9m     582220 3 3 2 3 2 2    57.0   57.0
451 8985.760200 6.980E-60 4.071E-07.00680.00715535.74330.400.000311              7              4                    Q  2q     352220 1 1 2 3 2 2     5.0    5.0
451 8985.760589 1.098E-63 6.414E-11.00530.00515535.74330.030.000038              7              4                    Q  2m     582220 3 3 2 3 2 2     5.0    5.0
451 8991.436700 1.805E-86 4.528E-10.01590.01626927.53170.670.000838             13              7                    O  8q     352220 1 1 2 3 2 2    13.0   17.0
451 8992.094700 1.017E-74 1.326E-07.01230.01222332.85580.570.000511             10              6                    O  4q     352220 1 1 2 3 2 2     5.0    9.0
451 8993.031400 7.850E-63 6.286E-08.00970.01016936.25540.600.000433              4              1                    Q 16q     352220 1 1 2 3 2 2    33.0   33.0
451 8993.031744 6.132E-65 4.910E-10.00830.00816936.25540.010.000045              4              1                    Q 16m     582220 3 3 2 3 2 2    33.0   33.0
451 9020.263400 4.389E-59 5.693E-07.00770.00815345.80980.530.000312              7              4                    Q  1q     352220 1 1 2 3 2 2     9.0    9.0
451 9020.263717 1.647E-63 2.138E-11.00760.00815345.80980.030.000032              7              4                    Q  1m     582220 3 3 2 3 2 2     9.0    9.0
451 9037.150200 4.671E-69 2.519E-08.01300.01319846.89020.620.000498              7              3                    O 13q     352220 1 1 2 3 2 2    69.0   81.0
451 9055.852827 4.180E-79 5.846E-10.01790.01823831.67230.040.000058              9              5                    Q 11m     582220 3 3 2 3 2 2    69.0   69.0
451 9055.852900 1.403E-76 1.961E-07.01300.01323831.67230.640.000546              9              5                    Q 11q     352220 1 1 2 3 2 2    69.0   69.0
451 9057.680900 3.663E-58 3.859E-08.00510.00514881.55250.590.000357              2              0                    S 17q     352220 1 1 2 3 2 2   117.0  105.0
451 9071.746100 1.341E-84 8.809E-08.01740.01727046.29700.700.000671             14              8                    S  2q     352220 1 1 2 3 2 2     9.0    5.0
451 9085.721700 8.212E-84 4.044E-09.00870.00926621.84590.490.000598              4              0                    Q 25q     352220 1 1 2 3 2 2   153.0  153.0
451 9085.722087 1.116E-85 5.500E-11.00910.00926621.84590.110.000063              4              0                    Q 25m     582220 3 3 2 3 2 2   153.0  153.0
451 9087.315665 8.139E-89 2.674E-12.02090.02126903.11700.110.000058             14              8                    Q  1m     572220 3 3 2 3 2 2     9.0    9.0
451 9087.316900 3.353E-84 1.102E-07.01760.01826903.11700.700.000599             14              8                    Q  1q     352220 1 1 2 3 2 2     9.0    9.0
451 9092.331000 2.846E-29 3.069E-07.00450.004 1168.79750.630.000272              2              0                    S  4q     352220 1 1 2 3 2 2    13.0    9.0
451 9105.166100 5.379E-74 4.427E-07.01030.01022834.47140.590.000521              7              4                    S 13q     352220 1 1 2 3 2 2    93.0   81.0
451 9108.989357 7.031E-79 2.569E-10.01600.01623209.75760.010.000054             10              6                    Q  6m     582220 3 3 2 3 2 2    13.0   13.0
451 9108.989500 7.431E-76 2.714E-07.01270.01323209.75760.630.000515             10              6                    Q  6q     352220 1 1 2 3 2 2    13.0   13.0
451 9114.900000 4.844E-50 1.185E-08.00890.00910261.12850.620.000376              5              2                    O  6q     352220 1 1 2 3 2 2     9.0   13.0
451 9117.273100 2.951E-81 3.251E-08.01260.01325430.06010.620.000700             12              7                    O  5q     352220 1 1 2 3 2 2    21.0   33.0
451 9118.246900 3.231E-81 7.588E-09.01250.01225228.55220.600.000573              7              2                    O 20q     352220 1 1 2 3 2 2    37.0   41.0
451 9120.098300 1.938E-80 4.109E-08.00880.00925228.55220.490.000603              6              2                    Q 20q     352220 1 1 2 3 2 2    41.0   41.0
451 9120.098473 1.781E-82 3.774E-10.00850.00925228.55220.090.000062              6              2                    Q 20m     582220 3 3 2 3 2 2    41.0   41.0
451 9124.994300 6.000E-59 2.389E-07.00940.00915228.88930.610.000416              6              3                    Q  8q     352220 1 1 2 3 2 2    17.0   17.0
451 9124.994635 1.281E-61 5.106E-10.00810.00815228.8893-.030.000041              6              3                    Q  8m     582220 3 3 2 3 2 2    17.0   17.0
451 9131.537974 5.762E-85 3.198E-10.02860.02926480.52630.070.000067             11              6                    Q 11m     572220 3 3 2 3 2 2    69.0   69.0
451 9131.538800 2.144E-82 1.190E-07.01290.01326480.52630.670.000675             11              6                    Q 11q     352220 1 1 2 3 2 2    69.0   69.0
451 9132.848200 1.028E-77 9.293E-08.00630.00624320.91050.500.000559              6              3                    S 17q     352220 1 1 2 3 2 2   117.0  105.0
451 9154.422600 1.126E-59 1.373E-07.00960.01015537.17360.590.000430              5              2                    Q 12q     352220 1 1 2 3 2 2    25.0   25.0
451 9154.422899 5.184E-62 6.325E-10.00760.00815537.1736-.010.000044              5              2                    Q 12m     582220 3 3 2 3 2 2    25.0   25.0
451 9155.514200 2.995E-67 1.806E-08.01300.01318950.12220.590.000483              6              2                    O 15q     352220 1 1 2 3 2 2    81.0   93.0
451 9164.713300 6.804E-84 9.748E-08.01700.01726903.11700.700.000681             14              8                    S  1q     352220 1 1 2 3 2 2    21.0    9.0
451 9175.612200 1.697E-55 6.569E-08.00510.00513485.98970.590.000337              2              0                    S 16q     352220 1 1 2 3 2 2    37.0   33.0
451 9177.163800 2.204E-83 3.565E-07.01210.01226927.53170.560.000674             12              7                    S  8q     352220 1 1 2 3 2 2    21.0   17.0
451 9177.432900 1.337E-79 2.545E-08.01300.01324870.15970.680.000658              9              4                    O 15q     352220 1 1 2 3 2 2    81.0   93.0
451 9177.550600 2.215E-70 1.511E-08.01360.01420074.41780.640.000562              8              4                    O 10q     352220 1 1 2 3 2 2    17.0   21.0
451 9180.428600 1.061E-80 7.304E-09.01300.01325013.57150.680.000696             11              6                    O  9q     352220 1 1 2 3 2 2    45.0   57.0
451 9182.276500 4.753E-73 9.020E-10.01360.01420894.89090.640.000558              9              5                    O  7q     352220 1 1 2 3 2 2    33.0   45.0
451 9182.808900 5.029E-47 1.511E-10.00900.009 8007.58220.630.000363              4              1                    O  8q     352220 1 1 2 3 2 2    13.0   17.0
451 9187.592800 1.492E-80 5.862E-07.00960.01025724.35880.600.000602             10              6                    S 10q     352220 1 1 2 3 2 2    25.0   21.0
451 9192.033700 1.715E-84 7.315E-08.01760.01826831.09060.700.000610             14              8                    S  0q     352220 1 1 2 3 2 2     5.0    1.0
451 9194.683100 5.186E-62 1.799E-08.00960.01016304.80690.600.000417              3              0                    Q 18q     352220 1 1 2 3 2 2    37.0   37.0
451 9194.683391 5.091E-64 1.764E-10.00890.00916304.80690.010.000046              3              0                    Q 18m     582220 3 3 2 3 2 2    37.0   37.0
451 9197.969000 1.127E-41 1.746E-09.00880.009 6030.92030.640.000332              3              0                    O 10q     352220 1 1 2 3 2 2    17.0   21.0
451 9203.319800 1.617E-73 2.499E-07.01220.01222005.55020.550.000413             10              6                    O  3q     352220 1 1 2 3 2 2     9.0   21.0
451 9204.065200 6.677E-84 1.898E-09.00580.00626503.50240.430.000574              4              1                    S 23q     352220 1 1 2 3 2 2   153.0  141.0
451 9205.741700 3.089E-53 2.335E-07.00940.00912384.08180.630.000330              6              3                    O  3q     352220 1 1 2 3 2 2     9.0   21.0
451 9212.585100 3.710E-77 1.308E-07.01320.01323836.65360.630.000573              8              4                    Q 14q     352220 1 1 2 3 2 2    29.0   29.0
451 9212.585104 1.777E-79 6.265E-10.01780.01823836.65360.050.000060              8              4                    Q 14m     582220 3 3 2 3 2 2    29.0   29.0
451 9215.428100 6.366E-30 3.275E-07.00450.005 1740.18960.630.000265              2              0                    S  5q     352220 1 1 2 3 2 2    45.0   33.0
451 9220.566000 1.097E-59 6.300E-08.00940.00915649.59370.600.000427              4              1                    Q 15q     352220 1 1 2 3 2 2    93.0   93.0
451 9220.566264 7.702E-62 4.422E-10.00830.00815649.5937-.010.000045              4              1                    Q 15m     582220 3 3 2 3 2 2    93.0   93.0
451 9226.097000 4.614E-66 8.324E-09.01260.01318253.41720.600.000466              5              1                    O 17q     352220 1 1 2 3 2 2    93.0  105.0
451 9226.168000 7.677E-78 7.892E-08.00950.00924320.91050.590.000601              7              3                    Q 17q     352220 1 1 2 3 2 2   105.0  105.0
451 9226.168014 5.301E-80 5.451E-10.01040.01024320.91050.070.000061              7              3                    Q 17m     582220 3 3 2 3 2 2   105.0  105.0
451 9226.453400 4.719E-81 9.329E-09.00590.00625228.55220.440.000568              5              2                    S 20q     352220 1 1 2 3 2 2    45.0   41.0
451 9237.360000 2.106E-81 2.590E-09.01240.01225111.29050.590.000540              6              1                    O 22q     352220 1 1 2 3 2 2    41.0   45.0
451 9239.753033 9.025E-85 1.397E-10.02540.02525869.50960.040.000067             12              7                    Q  6m     572220 3 3 2 3 2 2    13.0   13.0
451 9239.753800 1.054E-81 1.631E-07.01280.01325869.50960.660.000637             12              7                    Q  6q     352220 1 1 2 3 2 2    13.0   13.0
451 9255.401800 5.458E-57 2.389E-07.00940.00914495.44310.610.000408              6              3                    Q  7q     352220 1 1 2 3 2 2    45.0   45.0
451 9255.402150 9.112E-60 3.993E-10.00810.00814495.4431-.020.000041              6              3                    Q  7m     582220 3 3 2 3 2 2    45.0   45.0
451 9258.116400 1.477E-65 2.060E-09.01270.01317750.33200.610.000444              4              0                    O 19q     352220 1 1 2 3 2 2   105.0  117.0
451 9261.866951 1.246E-77 1.849E-10.01350.01322735.58600.000.000056             10              6                    Q  5m     582220 3 3 2 3 2 2    33.0   33.0
451 9261.867000 1.827E-74 2.711E-07.01250.01222735.58600.620.000501             10              6                    Q  5q     352220 1 1 2 3 2 2    33.0   33.0
451 9270.910600 8.197E-80 2.578E-08.01300.01324691.59620.680.000674             10              5                    O 12q     352220 1 1 2 3 2 2    21.0   25.0
451 9271.137800 2.558E-59 3.967E-07.00780.00815250.36570.430.000379              7              4                    S  0q     352220 1 1 2 3 2 2     5.0    1.0
451 9276.682900 2.351E-72 5.912E-07.01020.01021869.42620.600.000510              7              4                    S 12q     352220 1 1 2 3 2 2    29.0   25.0
451 9276.865400 5.285E-52 9.815E-08.00500.00512123.81910.590.000330              2              0                    S 15q     352220 1 1 2 3 2 2   105.0   93.0
451 9277.166200 1.574E-82 2.299E-07.01250.01326521.35700.640.000526              9              5                    S 14q     352220 1 1 2 3 2 2    33.0   29.0
451 9313.509500 3.724E-82 4.914E-10.01240.01225141.49610.580.000522              5              0                    O 24q     352220 1 1 2 3 2 2    45.0   49.0
451 9317.217800 9.140E-32 3.380E-07.00460.005 2414.89700.630.000284              2              0                    S  6q     352220 1 1 2 3 2 2    17.0   13.0
451 9317.287000 2.101E-75 1.940E-07.01290.01323016.22250.640.000538              9              5                    Q 10q     352220 1 1 2 3 2 2    21.0   21.0
451 9317.287018 5.373E-78 4.963E-10.01820.01823016.22250.040.000058              9              5                    Q 10m     582220 3 3 2 3 2 2    21.0   21.0
451 9338.133900 4.763E-57 1.372E-07.00950.01014493.53840.590.000424              5              2                    Q 11q     352220 1 1 2 3 2 2    69.0   69.0
451 9338.134145 1.882E-59 5.421E-10.00770.00814493.5384-.010.000043              5              2                    Q 11m     582220 3 3 2 3 2 2    69.0   69.0
451 9339.177379 2.153E-85 3.626E-10.02830.02826521.35700.090.000071             10              5                    Q 14m     582220 3 3 2 3 2 2    29.0   29.0
451 9339.178000 4.898E-83 8.250E-08.01290.01326521.35700.660.000681             10              5                    Q 14q     352220 1 1 2 3 2 2    29.0   29.0
451 9343.715100 1.424E-80 1.633E-08.00840.00825111.29050.460.000591              5              1                    Q 22q     352220 1 1 2 3 2 2    45.0   45.0
451 9343.715499 1.609E-82 1.846E-10.00840.00825111.29050.080.000063              5              1                    Q 22m     582220 3 3 2 3 2 2    45.0   45.0
451 9360.698800 1.386E-49 1.345E-07.00500.00510801.01210.600.000337              2              0                    S 14q     352220 1 1 2 3 2 2    33.0   29.0
451 9369.810900 8.571E-81 6.812E-08.01220.01225056.40700.550.000644             12              7                    O  4q     352220 1 1 2 3 2 2     5.0    9.0
451 9370.644300 3.741E-56 2.392E-07.00930.00913839.11330.610.000403              6              3                    Q  6q     352220 1 1 2 3 2 2    13.0   13.0
451 9370.644658 4.701E-59 3.009E-10.00800.00813839.1133-.030.000042              6              3                    Q  6m     582220 3 3 2 3 2 2    13.0   13.0
451 9371.807100 4.979E-48 2.887E-08.00890.009 9654.19720.610.000349              5              2                    O  5q     352220 1 1 2 3 2 2    21.0   33.0
451 9373.289900 1.813E-67 2.311E-08.01310.01318816.74070.620.000501              7              3                    O 12q     352220 1 1 2 3 2 2    21.0   25.0
451 9374.058500 1.838E-83 1.301E-08.01600.01626480.52630.680.000819             12              6                    O 11q     352220 1 1 2 3 2 2    57.0   69.0
451 9387.965800 1.613E-75 1.733E-07.00640.00623160.86820.510.000548              6              3                    S 16q     352220 1 1 2 3 2 2    37.0   33.0
451 9389.313273 1.572E-77 1.242E-10.01100.01122332.85580.000.000055             10              6                    Q  4m     582220 3 3 2 3 2 2     9.0    9.0
451 9389.313300 3.450E-74 2.724E-07.01200.01222332.85580.590.000471             10              6                    Q  4q     352220 1 1 2 3 2 2     9.0    9.0
451 9393.384100 1.445E-73 6.256E-07.01050.01021757.00690.510.000371             10              6                    O  2q     352220 1 1 2 3 2 2     1.0    5.0
451 9397.245700 7.049E-33 3.380E-07.00460.005 3187.47050.630.000277              2              0                    S  7q     352220 1 1 2 3 2 2    57.0   45.0
451 9404.575800 8.343E-87 6.010E-12.01590.01626370.30020.670.000836             13              7                    O  7q     352220 1 1 2 3 2 2    33.0   45.0
451 9406.653600 1.005E-58 6.076E-07.00890.00915345.80980.520.000403              7              4                    S  1q     352220 1 1 2 3 2 2    21.0    9.0
451 9419.063700 1.514E-78 7.155E-07.00960.01025013.57150.610.000583             10              6                    S  9q     352220 1 1 2 3 2 2    69.0   57.0
451 9420.739900 7.017E-70 7.372E-07.01010.01020947.42170.600.000497              7              4                    S 11q     352220 1 1 2 3 2 2    81.0   69.0
451 9421.082500 3.445E-53 5.728E-07.00850.00812084.69700.640.000313              6              3                    O  2q     352220 1 1 2 3 2 2     1.0    5.0
451 9426.330600 2.462E-46 1.730E-07.00490.005 9523.79160.600.000317              2              0                    S 13q     352220 1 1 2 3 2 2    93.0   81.0
451 9426.724300 1.384E-78 1.677E-08.01270.01324320.91050.630.000604              8              3                    O 17q     352220 1 1 2 3 2 2    93.0  105.0
451 9437.433200 1.424E-57 6.301E-08.00960.01014399.22040.600.000420              4              1                    Q 14q     352220 1 1 2 3 2 2    29.0   29.0
451 9437.433428 8.924E-60 3.949E-10.00820.00814399.2204-.000.000044              4              1                    Q 14m     582220 3 3 2 3 2 2    29.0   29.0
451 9439.358000 1.413E-58 1.801E-08.00960.01014881.55250.600.000422              3              0                    Q 17q     352220 1 1 2 3 2 2   105.0  105.0
451 9439.358309 1.273E-60 1.623E-10.00880.00914881.55250.000.000045              3              0                    Q 17m     582220 3 3 2 3 2 2   105.0  105.0
451 9451.592900 1.875E-71 8.243E-09.00990.01020314.82630.670.000563              9              5                    O  6q     352220 1 1 2 3 2 2     9.0   13.0
451 9451.668100 8.656E-84 1.732E-08.01600.01626521.35700.680.000799             11              5                    O 14q     352220 1 1 2 3 2 2    25.0   29.0
451 9455.338600 3.725E-35 3.280E-07.00460.005 4051.94300.620.000296              2              0                    S  8q     352220 1 1 2 3 2 2    21.0   17.0
451 9461.943200 1.290E-44 3.012E-10.00900.009 7187.52560.630.000348              4              1                    O  7q     352220 1 1 2 3 2 2    33.0   45.0
451 9463.147802 1.362E-83 1.029E-10.02120.02125430.06010.040.000063             12              7                    Q  5m     582220 3 3 2 3 2 2    33.0   33.0
451 9463.148500 2.171E-80 1.640E-07.01270.01325430.06010.630.000620             12              7                    Q  5q     352220 1 1 2 3 2 2    33.0   33.0
451 9470.317900 1.518E-54 2.400E-07.00900.00913265.26810.610.000405              6              3                    Q  5q     352220 1 1 2 3 2 2    33.0   33.0
451 9470.318181 1.363E-57 2.160E-10.00780.00813265.2681-.030.000042              6              3                    Q  5m     582220 3 3 2 3 2 2    33.0   33.0
451 9472.969700 3.590E-44 2.118E-07.00490.005 8298.60140.610.000323              2              0                    S 12q     352220 1 1 2 3 2 2    29.0   25.0
451 9476.430600 4.872E-84 2.420E-09.00590.00626621.84590.440.000575              3              0                    S 25q     352220 1 1 2 3 2 2   165.0  153.0
451 9484.284600 1.075E-81 4.559E-07.01230.01226370.30020.580.000660             12              7                    S  7q     352220 1 1 2 3 2 2    57.0   45.0
451 9486.711900 1.820E-68 9.398E-09.01370.01419256.38140.640.000552              8              4                    O  9q     352220 1 1 2 3 2 2    45.0   57.0
451 9491.349161 1.063E-76 7.488E-11.00900.00922005.55020.000.000050             10              6                    Q  3m     582220 3 3 2 3 2 2    21.0   21.0
451 9491.349200 3.942E-73 2.777E-07.01220.01222005.55020.510.000452             10              6                    Q  3q     352220 1 1 2 3 2 2    21.0   21.0
451 9491.575500 1.129E-36 3.087E-07.00470.005 5001.96290.620.000303              2              0                    S  9q     352220 1 1 2 3 2 2    69.0   57.0
451 9493.480200 2.340E-39 9.816E-10.00890.009 5001.96290.640.000333              3              0                    O  9q     352220 1 1 2 3 2 2    45.0   57.0
451 9499.847100 3.396E-41 2.487E-07.00480.005 7132.06350.610.000303              2              0                    S 11q     352220 1 1 2 3 2 2    81.0   69.0
451 9504.677000 2.623E-65 1.796E-08.01300.01317771.57110.590.000485              6              2                    O 14q     352220 1 1 2 3 2 2    25.0   29.0
451 9506.253300 2.503E-39 2.817E-07.00480.005 6030.92030.610.000310              2              0                    S 10q     352220 1 1 2 3 2 2    25.0   21.0
451 9508.940900 1.686E-55 1.370E-07.00950.01013507.28160.600.000420              5              2                    Q 10q     352220 1 1 2 3 2 2    21.0   21.0
451 9508.941166 5.625E-58 4.572E-10.00760.00813507.2816-.010.000041              5              2                    Q 10m     582220 3 3 2 3 2 2    21.0   21.0
451 9514.525300 2.614E-77 4.011E-08.00880.00923939.23340.500.000581              6              2                    Q 19q     352220 1 1 2 3 2 2   117.0  117.0
451 9514.525575 2.319E-79 3.559E-10.00850.00923939.23340.080.000061              6              2                    Q 19m     582220 3 3 2 3 2 2   117.0  117.0
451 9519.188444 5.652E-84 2.840E-10.02840.02825724.35880.060.000068             11              6                    Q 10m     582220 3 3 2 3 2 2    21.0   21.0
451 9519.189000 2.383E-81 1.196E-07.01290.01325724.35880.670.000666             11              6                    Q 10q     352220 1 1 2 3 2 2    21.0   21.0
451 9520.663700 2.134E-59 7.763E-07.00980.01015535.74330.590.000404              7              4                    S  2q     352220 1 1 2 3 2 2     9.0    5.0
451 9523.911100 1.246E-74 1.288E-07.01310.01322834.47140.640.000565              8              4                    Q 13q     352220 1 1 2 3 2 2    81.0   81.0
451 9523.911214 5.403E-77 5.589E-10.01780.01822834.47140.050.000057              8              4                    Q 13m     582220 3 3 2 3 2 2    81.0   81.0
451 9525.392800 3.067E-81 3.887E-09.00870.00925141.49610.480.000591              4              0                    Q 24q     352220 1 1 2 3 2 2    49.0   49.0
451 9525.393158 4.186E-83 5.307E-11.00910.00925141.49610.100.000064              4              0                    Q 24m     582220 3 3 2 3 2 2    49.0   49.0
451 9532.021700 2.637E-77 3.684E-08.00590.00623939.23340.440.000545              5              2                    S 19q     352220 1 1 2 3 2 2   129.0  117.0
451 9534.618000 3.077E-80 3.203E-09.01300.01324353.88360.680.000696             11              6                    O  8q     352220 1 1 2 3 2 2    13.0   17.0
451 9537.672600 1.739E-68 8.711E-07.01000.01020074.41780.610.000483              7              4                    S 10q     352220 1 1 2 3 2 2    25.0   21.0
451 9554.040500 4.367E-54 2.422E-07.00940.00912778.81530.600.000392              6              3                    Q  4q     352220 1 1 2 3 2 2     9.0    9.0
451 9554.040826 2.597E-57 1.441E-10.00780.00812778.8153-.030.000041              6              3                    Q  4m     582220 3 3 2 3 2 2     9.0    9.0
451 9554.737200 2.208E-73 1.916E-07.01290.01322251.10950.640.000535              9              5                    Q  9q     352220 1 1 2 3 2 2    57.0   57.0
451 9554.737243 4.766E-76 4.138E-10.01770.01822251.10950.020.000055              9              5                    Q  9m     582220 3 3 2 3 2 2    57.0   57.0
451 9555.598400 7.244E-82 7.978E-10.00600.00625111.29050.460.000565              4              1                    S 22q     352220 1 1 2 3 2 2    49.0   45.0
451 9567.943600 3.292E-73 2.957E-07.01220.01221757.00690.680.000406             10              6                    Q  2q     352220 1 1 2 3 2 2     5.0    5.0
451 9567.943719 4.187E-77 3.766E-11.00680.00721757.00690.020.000049             10              6                    Q  2m     582220 3 3 2 3 2 2     5.0    5.0
451 9581.370500 6.166E-76 7.738E-08.00950.01023160.86820.590.000574              7              3                    Q 16q     352220 1 1 2 3 2 2    33.0   33.0
451 9581.370723 4.001E-78 5.023E-10.01030.01023160.86820.070.000060              7              3                    Q 16m     582220 3 3 2 3 2 2    33.0   33.0
451 9585.101600 8.334E-64 8.627E-09.01290.01316936.25540.590.000466              5              1                    O 16q     352220 1 1 2 3 2 2    29.0   33.0
451 9591.384900 1.297E-79 1.370E-07.01740.01724752.46340.670.000521             12              7                    O  3q     352220 1 1 2 3 2 2     9.0   21.0
451 9607.845100 4.668E-78 8.140E-09.01240.01223939.23340.590.000572              7              2                    O 19q     352220 1 1 2 3 2 2   105.0  117.0
451 9608.623200 1.247E-77 8.160E-07.00970.01024353.88360.620.000584             10              6                    S  8q     352220 1 1 2 3 2 2    21.0   17.0
451 9611.772300 2.293E-59 9.156E-07.00950.01015818.28780.610.000403              7              4                    S  3q     352220 1 1 2 3 2 2    33.0   21.0
451 9616.112000 1.698E-72 2.696E-07.00650.00722024.77160.530.000537              6              3                    S 15q     352220 1 1 2 3 2 2   105.0   93.0
451 9619.046500 1.842E-72 4.122E-07.01120.01121589.82350.490.000408             10              6                    Q  1q     352220 1 1 2 3 2 2     9.0    9.0
451 9619.046619 5.618E-77 1.259E-11.01340.01321589.82350.060.000044             10              6                    Q  1m     582220 3 3 2 3 2 2     9.0    9.0
451 9620.446000 2.830E-47 5.962E-08.00920.009 9139.89760.620.000356              5              2                    O  4q     352220 1 1 2 3 2 2     5.0    9.0
451 9621.468400 7.003E-53 2.478E-07.00970.01012384.08180.590.000371              6              3                    Q  3q     352220 1 1 2 3 2 2    21.0   21.0
451 9621.468798 2.448E-56 8.673E-11.00760.00812384.0818-.020.000040              6              3                    Q  3m     582220 3 3 2 3 2 2    21.0   21.0
451 9624.479900 5.133E-63 2.187E-09.01270.01316304.80690.610.000444              4              0                    O 18q     352220 1 1 2 3 2 2    33.0   37.0
451 9624.608300 5.835E-78 2.605E-08.01300.01323836.65360.680.000664              9              4                    O 14q     352220 1 1 2 3 2 2    25.0   29.0
451 9627.659000 2.837E-66 9.841E-07.00990.01019256.38140.610.000485              7              4                    S  9q     352220 1 1 2 3 2 2    69.0   57.0
451 9635.744600 5.838E-80 3.531E-07.01240.01225590.11180.640.000517              9              5                    S 13q     352220 1 1 2 3 2 2    93.0   81.0
451 9643.318900 1.350E-54 6.290E-08.00950.00913191.15250.600.000405              4              1                    Q 13q     352220 1 1 2 3 2 2    81.0   81.0
451 9643.319130 7.485E-57 3.484E-10.00820.00813191.1525-.010.000044              4              1                    Q 13m     582220 3 3 2 3 2 2    81.0   81.0
451 9647.877297 1.501E-83 7.027E-11.01690.01725056.40700.040.000061             12              7                    Q  4m     582220 3 3 2 3 2 2     9.0    9.0
451 9647.877900 3.526E-80 1.651E-07.01250.01325056.40700.580.000596             12              7                    Q  4q     352220 1 1 2 3 2 2     9.0    9.0
451 9666.393300 3.914E-53 1.366E-07.00950.00912584.71620.590.000416              5              2                    Q  9q     352220 1 1 2 3 2 2    57.0   57.0
451 9666.393628 1.083E-55 3.783E-10.00750.00812584.7162-.010.000042              5              2                    Q  9m     582220 3 3 2 3 2 2    57.0   57.0
451 9672.309900 7.554E-53 2.648E-07.00840.00812084.69700.530.000338              6              3                    Q  2q     352220 1 1 2 3 2 2     5.0    5.0
451 9672.310149 1.238E-56 4.341E-11.00660.00712084.69700.020.000036              6              3                    Q  2m     582220 3 3 2 3 2 2     5.0    5.0
451 9674.878500 3.736E-56 1.803E-08.00950.01013485.98970.600.000416              3              0                    Q 16q     352220 1 1 2 3 2 2    33.0   33.0
451 9674.878829 3.069E-58 1.480E-10.00880.00913485.98970.010.000045              3              0                    Q 16m     582220 3 3 2 3 2 2    33.0   33.0
451 9677.694100 1.211E-77 2.340E-08.01300.01323831.67230.680.000680             10              5                    O 11q     352220 1 1 2 3 2 2    57.0   69.0
451 9678.806900 1.629E-60 1.023E-06.00930.00916190.70270.620.000433              7              4                    S  4q     352220 1 1 2 3 2 2    13.0    9.0
451 9690.808900 3.667E-65 1.068E-06.00960.01018499.22170.620.000476              7              4                    S  8q     352220 1 1 2 3 2 2    21.0   17.0
451 9696.514842 1.234E-85 6.932E-11.03980.04026370.30020.100.000075             13              7                    Q  7m     572220 3 3 2 3 2 2    45.0   45.0
451 9696.516200 1.038E-82 5.829E-08.01590.01626370.30020.660.000775             13              7                    Q  7q     352220 1 1 2 3 2 2    45.0   45.0
451 9702.185700 4.731E-65 2.003E-08.01310.01317833.76470.610.000504              7              3                    O 11q     352220 1 1 2 3 2 2    57.0   69.0
451 9705.868400 1.602E-69 2.697E-08.01330.01319806.99550.610.000556              9              5                    O  5q     352220 1 1 2 3 2 2    21.0   33.0
451 9706.335700 5.017E-52 3.700E-07.00850.00911883.48780.590.000339              6              3                    Q  1q     352220 1 1 2 3 2 2     9.0    9.0
451 9706.335981 1.962E-56 1.449E-11.00880.00911883.48780.000.000035              6              3                    Q  1m     582220 3 3 2 3 2 2     9.0    9.0
451 9720.831400 6.428E-61 1.094E-06.00950.01016649.46880.630.000450              7              4                    S  5q     352220 1 1 2 3 2 2    45.0   33.0
451 9727.239400 2.963E-63 1.116E-06.00970.01017808.71100.620.000466              7              4                    S  7q     352220 1 1 2 3 2 2    57.0   45.0
451 9728.435200 3.922E-81 5.144E-07.01230.01225869.50960.580.000651             12              7                    S  6q     352220 1 1 2 3 2 2    17.0   13.0
451 9733.866700 5.020E-78 2.776E-09.01220.01223719.89200.570.000548              6              1                    O 21q     352220 1 1 2 3 2 2   117.0  129.0
451 9736.314000 1.094E-42 2.810E-09.00900.009 6454.38870.630.000345              4              1                    O  6q     352220 1 1 2 3 2 2     9.0   13.0
451 9737.140600 1.796E-62 1.126E-06.00940.00917190.39110.620.000448              7              4                    S  6q     352220 1 1 2 3 2 2    17.0   13.0
451 9751.363100 3.146E-77 1.584E-08.00860.00923719.89200.480.000588              5              1                    Q 21q     352220 1 1 2 3 2 2   129.0  129.0
451 9751.363503 3.497E-79 1.761E-10.00880.00923719.89200.090.000062              5              1                    Q 21m     582220 3 3 2 3 2 2   129.0  129.0
451 9758.521500 6.635E-76 8.799E-07.00970.01023750.84490.620.000561             10              6                    S  7q     352220 1 1 2 3 2 2    57.0   45.0
451 9768.635900 1.952E-72 1.892E-07.01260.01321542.11970.650.000532              9              5                    Q  8q     352220 1 1 2 3 2 2    17.0   17.0
451 9768.635994 3.473E-75 3.367E-10.01770.01821542.11970.030.000057              9              5                    Q  8m     582220 3 3 2 3 2 2    17.0   17.0
451 9773.962100 5.293E-84 1.324E-09.01580.01625869.50960.650.000860             13              7                    O  6q     352220 1 1 2 3 2 2     9.0   13.0
451 9780.670600 1.118E-79 3.595E-07.01540.01524521.50350.690.000452             12              7                    O  2q     352220 1 1 2 3 2 2     1.0    5.0
451 9785.473300 8.421E-68 4.038E-09.01370.01418499.22170.640.000552              8              4                    O  8q     352220 1 1 2 3 2 2    13.0   17.0
451 9787.170300 2.175E-38 3.314E-10.00890.009 4051.94300.640.000333              3              0                    O  8q     352220 1 1 2 3 2 2    13.0   17.0
451 9794.869197 9.103E-83 4.298E-11.01350.01424752.46340.050.000058             12              7                    Q  3m     582220 3 3 2 3 2 2    21.0   21.0
451 9794.869800 3.566E-79 1.683E-07.01440.01424752.46340.700.000558             12              7                    Q  3q     352220 1 1 2 3 2 2    21.0   21.0
451 9801.405435 4.736E-83 3.405E-10.02830.02825590.11180.080.000070             10              5                    Q 13m     582220 3 3 2 3 2 2    81.0   81.0
451 9801.405800 1.146E-80 8.235E-08.01290.01325590.11180.660.000676             10              5                    Q 13q     352220 1 1 2 3 2 2    81.0   81.0
451 9810.004900 7.128E-52 1.362E-07.00940.00911732.11480.590.000412              5              2                    Q  8q     352220 1 1 2 3 2 2    17.0   17.0
451 9810.005298 1.596E-54 3.052E-10.00750.00811732.1148-.020.000042              5              2                    Q  8m     582220 3 3 2 3 2 2    17.0   17.0
451 9811.241300 8.481E-75 7.933E-08.00610.00622661.60190.460.000546              5              2                    S 18q     352220 1 1 2 3 2 2    41.0   37.0
451 9812.692500 3.877E-73 1.265E-07.01270.01321869.42620.640.000543              8              4                    Q 12q     352220 1 1 2 3 2 2    25.0   25.0
451 9812.692658 1.507E-75 4.920E-10.01750.01821869.42620.050.000056              8              4                    Q 12m     582220 3 3 2 3 2 2    25.0   25.0
451 9814.849300 1.401E-78 5.248E-10.01230.01223656.40580.580.000531              5              0                    O 23q     352220 1 1 2 3 2 2   129.0  141.0
451 9818.228100 1.548E-70 3.762E-07.00650.00720918.19810.530.000526              6              3                    S 14q     352220 1 1 2 3 2 2    33.0   29.0
451 9819.171000 1.084E-72 3.024E-07.01080.01121505.77950.700.000469             10              6                    S  0q     352220 1 1 2 3 2 2     5.0    1.0
451 9837.817100 1.120E-52 6.275E-08.00930.00912031.60910.610.000410              4              1                    Q 12q     352220 1 1 2 3 2 2    25.0   25.0
451 9837.817369 5.427E-55 3.037E-10.00810.00812031.6091-.010.000043              4              1                    Q 12m     582220 3 3 2 3 2 2    25.0   25.0
451 9842.252600 6.068E-83 7.592E-11.00610.00625141.49610.470.000565              3              0                    S 24q     352220 1 1 2 3 2 2    53.0   49.0
451 9848.615700 1.660E-62 1.737E-08.01300.01316631.91060.590.000486              6              2                    O 13q     352220 1 1 2 3 2 2    69.0   81.0
451 9859.008300 7.276E-46 1.177E-07.00960.010 8722.70200.640.000335              5              2                    O  3q     352220 1 1 2 3 2 2     9.0   21.0
451 9864.684400 1.481E-79 3.467E-10.01290.01323750.84490.680.000692             11              6                    O  7q     352220 1 1 2 3 2 2    33.0   45.0
451 9865.052239 3.896E-82 2.447E-10.02830.02825013.57150.050.000068             11              6                    Q  9m     582220 3 3 2 3 2 2    57.0   57.0
451 9865.052600 1.890E-79 1.186E-07.01290.01325013.57150.670.000660             11              6                    Q  9q     352220 1 1 2 3 2 2    57.0   57.0
451 9869.236105 3.509E-84 3.264E-10.02800.02825929.28680.100.000071              9              4                    Q 16m     582220 3 3 2 3 2 2    33.0   33.0
451 9869.236400 5.616E-82 5.222E-08.01290.01325929.28680.660.000731              9              4                    Q 16q     352220 1 1 2 3 2 2    33.0   33.0
451 9870.456100 2.756E-75 9.036E-07.00970.01023209.75760.630.000549             10              6                    S  6q     352220 1 1 2 3 2 2    17.0   13.0
451 9873.586000 1.833E-82 1.223E-08.01600.01625724.35880.670.000829             12              6                    O 10q     352220 1 1 2 3 2 2    17.0   21.0
451 9877.220200 1.856E-81 1.542E-07.00920.00925929.28680.550.000644              8              4                    S 16q     352220 1 1 2 3 2 2    37.0   33.0
451 9880.491200 1.954E-77 9.239E-09.00600.00623719.89200.460.000556              4              1                    S 21q     352220 1 1 2 3 2 2   141.0  129.0
451 9887.232100 3.719E-75 3.915E-08.00900.00922661.60190.520.000586              6              2                    Q 18q     352220 1 1 2 3 2 2    37.0   37.0
451 9887.232393 3.167E-77 3.330E-10.00850.00922661.60190.080.000061              6              2                    Q 18m     582220 3 3 2 3 2 2    37.0   37.0
451 9888.370500 1.157E-76 1.760E-08.01270.01323160.86820.630.000603              8              3                    O 16q     352220 1 1 2 3 2 2    29.0   33.0
451 9900.952500 7.543E-53 1.801E-08.00950.00912123.81910.610.000399              3              0                    Q 15q     352220 1 1 2 3 2 2    93.0   93.0
451 9900.952841 5.603E-55 1.337E-10.00890.00912123.81910.010.000043              3              0                    Q 15m     582220 3 3 2 3 2 2    93.0   93.0
451 9904.713889 3.301E-83 2.178E-11.01020.01024521.50350.070.000058             12              7                    Q  2m     582220 3 3 2 3 2 2     5.0    5.0
451 9904.714400 2.715E-79 1.791E-07.01630.01624521.50350.680.000485             12              7                    Q  2q     352220 1 1 2 3 2 2     5.0    5.0
451 9907.075900 4.666E-72 4.747E-07.01070.01121589.82350.700.000481             10              6                    S  1q     352220 1 1 2 3 2 2    21.0    9.0
451 9914.865900 3.977E-73 7.580E-08.00960.01022024.77160.600.000583              7              3                    Q 15q     352220 1 1 2 3 2 2    93.0   93.0
451 9914.866132 2.406E-75 4.583E-10.01030.01022024.77160.060.000059              7              3                    Q 15m     582220 3 3 2 3 2 2    93.0   93.0
451 9916.495500 8.765E-80 5.331E-07.01240.01225430.06010.590.000640             12              7                    S  5q     352220 1 1 2 3 2 2    45.0   33.0
451 9931.248200 1.312E-82 1.406E-08.01600.01625929.28680.680.000786             10              4                    O 16q     352220 1 1 2 3 2 2    29.0   33.0
451 9939.273200 7.987E-50 1.358E-07.00940.00910955.61770.590.000409              5              2                    Q  7q     352220 1 1 2 3 2 2    45.0   45.0
451 9939.273564 1.405E-52 2.391E-10.00860.00910955.6177-.000.000044              5              2                    Q  7m     582220 3 3 2 3 2 2    45.0   45.0
451 9940.518100 1.149E-60 8.805E-09.01290.01315649.59370.590.000466              5              1                    O 15q     352220 1 1 2 3 2 2    81.0   93.0
451 9943.714000 7.060E-69 6.449E-08.01230.01219376.02850.570.000511              9              5                    O  4q     352220 1 1 2 3 2 2     5.0    9.0
451 9943.977400 1.066E-77 3.750E-09.00890.00923656.40580.510.000571              4              0                    Q 23q     352220 1 1 2 3 2 2   141.0  141.0
451 9943.977705 1.450E-79 5.091E-11.00910.00923656.40580.100.000063              4              0                    Q 23m     582220 3 3 2 3 2 2   141.0  141.0
451 9945.824400 7.059E-74 8.858E-07.00980.01022735.58600.640.000538             10              6                    S  5q     352220 1 1 2 3 2 2    45.0   33.0
451 9947.126700 1.820E-78 4.772E-07.01230.01224691.59620.650.000508              9              5                    S 12q     352220 1 1 2 3 2 2    29.0   25.0
451 9959.176000 1.141E-70 1.868E-07.01280.01320894.89090.640.000527              9              5                    Q  7q     352220 1 1 2 3 2 2    45.0   45.0
451 9959.176184 1.623E-73 2.659E-10.01760.01820894.89090.020.000054              9              5                    Q  7m     582220 3 3 2 3 2 2    45.0   45.0
451 9965.162200 1.141E-72 6.177E-07.01330.01321757.00690.520.000495             10              6                    S  2q     352220 1 1 2 3 2 2     9.0    5.0
451 9974.616000 3.140E-52 2.693E-07.00860.00911782.39090.530.000373              6              3                    S  0q     352220 1 1 2 3 2 2     5.0    1.0
451 9977.774639 4.192E-83 7.324E-12.01600.01624366.07320.070.000048             12              7                    Q  1m     582220 3 3 2 3 2 2     9.0    9.0
451 9977.775100 1.428E-78 2.495E-07.01690.01724366.07320.680.000503             12              7                    Q  1q     352220 1 1 2 3 2 2     9.0    9.0
451 9985.891300 1.340E-73 8.285E-07.00970.01022332.85580.620.000514             10              6                    S  4q     352220 1 1 2 3 2 2    13.0    9.0
451 9988.607200 1.427E-59 2.300E-09.01250.01314881.55250.610.000445              4              0                    O 17q     352220 1 1 2 3 2 2    93.0  105.0
451 9991.902800 1.484E-72 7.373E-07.01300.01322005.55020.580.000492             10              6                    S  3q     352220 1 1 2 3 2 2    33.0   21.0
451 9994.805900 9.945E-68 4.866E-07.00660.00719846.89020.540.000515              6              3                    S 13q     352220 1 1 2 3 2 2    93.0   81.0
45110004.366100 1.771E-40 9.151E-09.00890.009 5813.92170.620.000357              4              1                    O  5q     352220 1 1 2 3 2 2    21.0   33.0
45110020.448800 6.378E-50 6.256E-08.00940.00910926.97290.600.000405              4              1                    Q 11q     352220 1 1 2 3 2 2    69.0   69.0
45110020.449147 2.663E-52 2.609E-10.00810.00810926.9729-.010.000043              4              1                    Q 11m     582220 3 3 2 3 2 2    69.0   69.0
45110021.953300 2.140E-81 1.887E-08.01600.01625590.11180.680.000806             11              5                    O 13q     352220 1 1 2 3 2 2    69.0   81.0
45110023.473500 9.701E-64 1.602E-08.01310.01316904.05820.610.000499              7              3                    O 10q     352220 1 1 2 3 2 2    17.0   21.0
45110049.457591 3.366E-85 6.160E-11.03430.03425869.50960.100.000074             13              7                    Q  6m     582220 3 3 2 3 2 2    13.0   13.0
45110049.458800 3.537E-82 6.474E-08.01580.01625869.50960.640.000758             13              7                    Q  6q     352220 1 1 2 3 2 2    13.0   13.0
45110052.856400 1.463E-79 5.148E-07.01220.01225056.40700.560.000611             12              7                    S  4q     352220 1 1 2 3 2 2    13.0    9.0
45110053.053800 1.911E-75 2.584E-08.01300.01322834.47140.680.000669              9              4                    O 13q     352220 1 1 2 3 2 2    69.0   81.0
45110053.697800 6.586E-49 1.357E-07.00930.00910261.12850.590.000403              5              2                    Q  6q     352220 1 1 2 3 2 2    13.0   13.0
45110053.698128 8.752E-52 1.804E-10.00850.00810261.12850.000.000044              5              2                    Q  6m     582220 3 3 2 3 2 2    13.0   13.0
45110063.991200 1.474E-76 1.961E-08.01300.01323016.22250.680.000688             10              5                    O 10q     352220 1 1 2 3 2 2    17.0   21.0
45110065.688000 1.780E-71 1.338E-07.00620.00621400.68450.480.000535              5              2                    S 17q     352220 1 1 2 3 2 2   117.0  105.0
45110072.958700 6.858E-67 4.786E-10.01360.01417808.71100.640.000558              8              4                    O  7q     352220 1 1 2 3 2 2    33.0   45.0
45110077.797600 4.586E-38 4.369E-12.00890.009 3187.47050.640.000332              3              0                    O  7q     352220 1 1 2 3 2 2    33.0   45.0
45110079.684200 8.801E-71 1.243E-07.01300.01320947.42170.640.000546              8              4                    Q 11q     352220 1 1 2 3 2 2    69.0   69.0
45110079.684445 3.022E-73 4.270E-10.01750.01820947.42170.040.000057              8              4                    Q 11m     582220 3 3 2 3 2 2    69.0   69.0
45110080.636800 7.055E-76 8.656E-09.01230.01222661.60190.580.000572              7              2                    O 18q     352220 1 1 2 3 2 2    33.0   37.0
45110085.568700 9.296E-46 3.044E-07.00870.009 8406.36090.650.000326              5              2                    O  2q     352220 1 1 2 3 2 2     1.0    5.0
45110101.169600 4.857E-82 6.568E-09.01540.01525430.06010.590.000841             13              7                    O  5q     352220 1 1 2 3 2 2    21.0   33.0
45110117.186000 1.394E-50 1.798E-08.00940.00910801.01210.610.000393              3              0                    Q 14q     352220 1 1 2 3 2 2    29.0   29.0
45110117.186242 9.279E-53 1.195E-10.00880.00910801.01210.010.000044              3              0                    Q 14m     582220 3 3 2 3 2 2    29.0   29.0
45110122.062400 1.231E-51 4.231E-07.00930.00911883.48780.550.000399              6              3                    S  1q     352220 1 1 2 3 2 2    21.0    9.0
45110126.383100 5.295E-70 1.850E-07.01270.01320314.82630.630.000515              9              5                    Q  6q     352220 1 1 2 3 2 2    13.0   13.0
45110126.383382 5.774E-73 2.020E-10.01560.01620314.82630.020.000056              9              5                    Q  6m     582220 3 3 2 3 2 2    13.0   13.0
45110138.302600 8.504E-79 1.888E-07.01420.01424287.91530.700.000547             12              7                    S  0q     352220 1 1 2 3 2 2     5.0    1.0
45110139.141200 7.585E-75 1.539E-08.00870.00922333.70200.490.000570              5              1                    Q 20q     352220 1 1 2 3 2 2    41.0   41.0
45110139.141624 8.215E-77 1.666E-10.00860.00922333.70200.090.000061              5              1                    Q 20m     582220 3 3 2 3 2 2    41.0   41.0
45110140.745200 1.447E-78 4.658E-07.01320.01324752.46340.700.000585             12              7                    S  3q     352220 1 1 2 3 2 2    33.0   21.0
45110146.028200 5.501E-66 5.950E-07.01030.01018816.74070.540.000503              6              3                    S 12q     352220 1 1 2 3 2 2    29.0   25.0
45110152.798300 3.137E-47 1.358E-07.00920.009 9654.19720.590.000395              5              2                    Q  5q     352220 1 1 2 3 2 2    33.0   33.0
45110152.798680 2.986E-50 1.295E-10.00820.008 9654.19720.010.000041              5              2                    Q  5m     582220 3 3 2 3 2 2    33.0   33.0
45110163.559600 1.438E-67 1.391E-07.01220.01219026.00430.550.000413              9              5                    O  3q     352220 1 1 2 3 2 2     9.0   21.0
45110170.344300 1.306E-78 8.587E-10.01290.01323209.75760.660.000703             11              6                    O  6q     352220 1 1 2 3 2 2     9.0   13.0
45110172.359318 2.250E-81 2.039E-10.02820.02824353.88360.050.000067             11              6                    Q  8m     582220 3 3 2 3 2 2    17.0   17.0
45110172.359600 1.289E-78 1.168E-07.01290.01324353.88360.670.000657             11              6                    Q  8q     352220 1 1 2 3 2 2    17.0   17.0
45110181.260000 3.849E-78 3.001E-07.01390.01424366.07320.700.000579             12              7                    S  1q     352220 1 1 2 3 2 2    21.0    9.0
45110181.292100 1.380E-74 2.573E-08.00610.00622333.70200.470.000533              4              1                    S 20q     352220 1 1 2 3 2 2    45.0   41.0
45110182.781400 1.012E-78 3.920E-07.01440.01424521.50350.700.000557             12              7                    S  2q     352220 1 1 2 3 2 2     9.0    5.0
45110183.793700 2.556E-78 8.691E-10.00610.00623656.40580.470.000555              3              0                    S 23q     352220 1 1 2 3 2 2   153.0  141.0
45110187.185200 9.018E-61 1.621E-08.01310.01315537.17360.590.000487              6              2                    O 12q     352220 1 1 2 3 2 2    21.0   25.0
45110190.680300 2.977E-48 6.229E-08.00940.009 9883.73750.610.000400              4              1                    Q 10q     352220 1 1 2 3 2 2    21.0   21.0
45110190.680591 1.054E-50 2.202E-10.00820.008 9883.7375-.010.000042              4              1                    Q 10m     582220 3 3 2 3 2 2    21.0   21.0
45110215.132000 1.300E-75 2.967E-09.01220.01222333.70200.570.000547              6              1                    O 20q     352220 1 1 2 3 2 2    37.0   41.0
45110215.920300 3.908E-76 5.921E-07.01230.01223831.67230.650.000499              9              5                    S 11q     352220 1 1 2 3 2 2    81.0   69.0
45110220.355174 9.661E-82 3.104E-10.02810.02824691.59620.070.000069             10              5                    Q 12m     582220 3 3 2 3 2 2    25.0   25.0
45110220.355400 2.516E-79 8.079E-08.01290.01324691.59620.660.000686             10              5                    Q 12q     352220 1 1 2 3 2 2    25.0   25.0
45110227.911000 2.473E-71 7.421E-08.00960.01020918.19810.600.000574              7              3                    Q 14q     352220 1 1 2 3 2 2    29.0   29.0
45110227.911382 1.380E-73 4.137E-10.01020.01020918.19810.060.000058              7              3                    Q 14m     582220 3 3 2 3 2 2    29.0   29.0
45110236.130900 1.033E-46 1.369E-07.00930.009 9139.89760.590.000385              5              2                    Q  4q     352220 1 1 2 3 2 2     9.0    9.0
45110236.131205 6.528E-50 8.658E-11.00830.008 9139.89760.000.000041              5              2                    Q  4m     582220 3 3 2 3 2 2     9.0    9.0
45110240.199100 4.408E-72 3.821E-08.00890.00921400.68450.510.000577              6              2                    Q 17q     352220 1 1 2 3 2 2   105.0  105.0
45110240.199441 3.567E-74 3.093E-10.00850.00921400.68450.080.000060              6              2                    Q 17m     582220 3 3 2 3 2 2   105.0  105.0
45110248.158800 2.533E-52 5.538E-07.01020.01012084.69700.590.000409              6              3                    S  2q     352220 1 1 2 3 2 2     9.0    5.0
45110248.533500 2.200E-85 6.049E-11.01880.01925869.50960.630.000995             14              7                    O  6q     352220 1 1 2 3 2 2     9.0   13.0
45110248.666300 7.882E-81 3.853E-07.01300.01325724.35880.700.000694             11              6                    S 10q     352220 1 1 2 3 2 2    25.0   21.0
45110264.363900 1.333E-39 2.179E-08.00920.009 5271.37940.630.000347              4              1                    O  4q     352220 1 1 2 3 2 2     5.0    9.0
45110265.443700 1.318E-78 2.421E-07.00930.00924870.15970.560.000636              8              4                    S 15q     352220 1 1 2 3 2 2   105.0   93.0
45110270.171900 1.532E-68 1.837E-07.01250.01219806.99550.620.000501              9              5                    Q  5q     352220 1 1 2 3 2 2    33.0   33.0
45110270.172104 1.213E-71 1.456E-10.01310.01319806.99550.010.000055              9              5                    Q  5m     582220 3 3 2 3 2 2    33.0   33.0
45110271.871700 2.081E-63 6.949E-07.01030.01017833.76470.550.000499              6              3                    S 11q     352220 1 1 2 3 2 2    81.0   69.0
45110292.375800 1.444E-58 8.815E-09.01290.01314399.22040.580.000466              5              1                    O 14q     352220 1 1 2 3 2 2    25.0   29.0
45110296.268700 3.269E-69 1.971E-07.00620.00620161.71090.480.000524              5              2                    S 16q     352220 1 1 2 3 2 2    37.0   33.0
45110299.033200 6.442E-82 8.076E-09.01540.01525499.49000.590.000654              9              3                    O 18q     352220 1 1 2 3 2 2    33.0   37.0
45110302.341300 5.921E-76 5.612E-10.01230.01222170.50190.570.000532              5              0                    O 22q     352220 1 1 2 3 2 2    41.0   45.0
45110303.302300 1.846E-45 1.398E-07.00990.010 8722.70200.600.000349              5              2                    Q  3q     352220 1 1 2 3 2 2    21.0   21.0
45110303.302568 6.868E-49 5.207E-11.00850.009 8722.70200.040.000039              5              2                    Q  3m     582220 3 3 2 3 2 2    21.0   21.0
45110307.016755 2.209E-83 2.471E-10.01540.01525499.49000.110.000070              8              3                    Q 18m     582220 3 3 2 3 2 2    37.0   37.0
45110307.017000 2.586E-81 2.896E-08.01190.01225499.49000.540.000721              8              3                    Q 18q     352220 1 1 2 3 2 2    37.0   37.0
45110323.098600 1.852E-47 1.792E-08.00940.009 9523.79160.610.000400              3              0                    Q 13q     352220 1 1 2 3 2 2    81.0   81.0
45110323.098814 1.093E-49 1.057E-10.00890.009 9523.79160.010.000042              3              0                    Q 13m     582220 3 3 2 3 2 2    81.0   81.0
45110325.290600 1.745E-69 1.220E-07.01290.01320074.41780.640.000538              8              4                    Q 10q     352220 1 1 2 3 2 2    21.0   21.0
45110325.290808 5.195E-72 3.633E-10.01780.01820074.41780.040.000057              8              4                    Q 10m     582220 3 3 2 3 2 2    21.0   21.0
45110332.984100 1.146E-80 9.994E-09.01590.01625013.57150.670.000838             12              6                    O  9q     352220 1 1 2 3 2 2    45.0   57.0
45110333.610900 7.650E-74 1.818E-08.01260.01322024.77160.620.000602              8              3                    O 15q     352220 1 1 2 3 2 2    81.0   93.0
45110336.558500 1.176E-61 1.135E-08.01320.01316033.74170.610.000512              7              3                    O  9q     352220 1 1 2 3 2 2    45.0   57.0
45110344.492200 4.171E-75 3.631E-09.00890.00922170.50190.510.000577              4              0                    Q 22q     352220 1 1 2 3 2 2    45.0   45.0
45110344.492530 5.595E-77 4.859E-11.00950.00922170.50190.100.000062              4              0                    Q 22m     582220 3 3 2 3 2 2    45.0   45.0
45110344.814826 5.408E-84 4.882E-11.02860.02925430.06010.090.000069             13              7                    Q  5m     582220 3 3 2 3 2 2    33.0   33.0
45110344.815900 7.538E-81 6.803E-08.01550.01625430.06010.620.000724             13              7                    Q  5q     352220 1 1 2 3 2 2    33.0   33.0
45110347.940600 8.929E-46 6.198E-08.00930.009 8908.44080.610.000397              4              1                    Q  9q     352220 1 1 2 3 2 2    57.0   57.0
45110347.940815 2.628E-48 1.822E-10.00800.008 8908.4408-.010.000042              4              1                    Q  9m     582220 3 3 2 3 2 2    57.0   57.0
45110348.057900 6.308E-66 8.434E-10.00990.01017190.39110.670.000563              8              4                    O  6q     352220 1 1 2 3 2 2     9.0   13.0
45110350.663900 3.810E-57 2.394E-09.01280.01313485.98970.600.000446              4              0                    O 16q     352220 1 1 2 3 2 2    29.0   33.0
45110351.504200 2.564E-52 6.684E-07.00980.01012384.08180.590.000422              6              3                    S  3q     352220 1 1 2 3 2 2    33.0   21.0
45110353.982700 2.162E-45 1.492E-07.00870.009 8406.36090.580.000342              5              2                    Q  2q     352220 1 1 2 3 2 2     5.0    5.0
45110353.983004 3.773E-49 2.607E-11.00730.007 8406.36090.080.000039              5              2                    Q  2m     582220 3 3 2 3 2 2     5.0    5.0
45110355.696495 1.466E-81 3.093E-10.02800.02824870.15970.090.000071              9              4                    Q 15m     582220 3 3 2 3 2 2    93.0   93.0
45110355.696700 2.416E-79 5.100E-08.01290.01324870.15970.660.000720              9              4                    Q 15q     352220 1 1 2 3 2 2    93.0   93.0
45110363.696800 1.533E-67 3.814E-07.01050.01018760.34360.510.000371              9              5                    O  2q     352220 1 1 2 3 2 2     1.0    5.0
45110363.918300 3.505E-35 3.029E-10.00890.009 2414.89700.630.000346              3              0                    O  6q     352220 1 1 2 3 2 2     9.0   13.0
45110372.189900 6.489E-62 7.802E-07.00990.01016904.05820.550.000491              6              3                    S 10q     352220 1 1 2 3 2 2    25.0   21.0
45110380.335567 2.079E-84 1.242E-10.03900.03925724.35880.120.000076             12              6                    Q 10m     582220 3 3 2 3 2 2    21.0   21.0
45110380.336700 7.664E-82 4.576E-08.01590.01625724.35880.660.000784             12              6                    Q 10q     352220 1 1 2 3 2 2    21.0   21.0
45110386.581600 1.960E-81 1.914E-08.01630.01625056.40700.700.000758             13              7                    O  4q     352220 1 1 2 3 2 2     5.0    9.0
45110387.916000 1.516E-44 2.082E-07.00880.009 8193.79430.600.000343              5              2                    Q  1q     352220 1 1 2 3 2 2     9.0    9.0
45110387.916274 6.326E-49 8.699E-12.00860.009 8193.79430.080.000035              5              2                    Q  1m     582220 3 3 2 3 2 2     9.0    9.0
45110390.390700 3.319E-68 1.839E-07.01200.01219376.02850.590.000471              9              5                    Q  4q     352220 1 1 2 3 2 2     9.0    9.0
45110390.391041 1.764E-71 9.779E-11.01050.01019376.02850.000.000054              9              5                    Q  4m     582220 3 3 2 3 2 2     9.0    9.0
45110396.976300 8.290E-81 8.525E-08.01000.01025499.49000.700.000659              7              3                    S 18q     352220 1 1 2 3 2 2    41.0   37.0
45110430.300900 1.124E-74 1.472E-08.01300.01322251.10950.680.000696             10              5                    O  9q     352220 1 1 2 3 2 2    45.0   57.0
45110430.942300 1.669E-53 7.640E-07.00940.00912778.81530.590.000435              6              3                    S  4q     352220 1 1 2 3 2 2    13.0    9.0
45110443.155035 8.510E-80 1.638E-10.02820.02823750.84490.060.000067             11              6                    Q  7m     582220 3 3 2 3 2 2    45.0   45.0
45110443.155200 5.963E-77 1.147E-07.01290.01323750.84490.670.000651             11              6                    Q  7q     352220 1 1 2 3 2 2    45.0   45.0
45110445.039400 7.080E-75 6.900E-07.01220.01223016.22250.650.000490              9              5                    S 10q     352220 1 1 2 3 2 2    25.0   21.0
45110446.784600 1.315E-59 8.454E-07.01010.01016033.74170.560.000483              6              3                    S  9q     352220 1 1 2 3 2 2    69.0   57.0
45110450.894200 2.637E-76 7.829E-09.01260.01322735.58600.620.000700             11              6                    O  5q     352220 1 1 2 3 2 2    21.0   33.0
45110459.563300 5.733E-71 4.891E-08.00620.00620957.31230.480.000521              4              1                    S 19q     352220 1 1 2 3 2 2   129.0  117.0
45110464.083300 5.603E-74 2.476E-08.01300.01321869.42620.680.000674              9              4                    O 12q     352220 1 1 2 3 2 2    21.0   25.0
45110485.576800 5.887E-54 8.369E-07.00970.01013265.26810.590.000447              6              3                    S  5q     352220 1 1 2 3 2 2    45.0   33.0
45110486.859600 4.234E-67 1.868E-07.01220.01219026.00430.510.000452              9              5                    Q  3q     352220 1 1 2 3 2 2    21.0   21.0
45110486.859896 1.336E-70 5.899E-11.01200.01219026.00430.190.000056              9              5                    Q  3m     582220 3 3 2 3 2 2    21.0   21.0
45110491.639500 2.055E-44 6.165E-08.00930.009 8007.58220.610.000393              4              1                    Q  8q     352220 1 1 2 3 2 2    17.0   17.0
45110491.639713 4.906E-47 1.471E-10.00790.008 8007.5822-.020.000041              4              1                    Q  8m     582220 3 3 2 3 2 2    17.0   17.0
45110495.469500 2.079E-58 8.864E-07.01000.01015228.88930.570.000461              6              3                    S  8q     352220 1 1 2 3 2 2    21.0   17.0
45110503.421400 4.347E-66 2.661E-07.00630.00618950.12220.500.000522              5              2                    S 15q     352220 1 1 2 3 2 2   105.0   93.0
45110503.539700 5.238E-75 4.318E-09.00620.00622170.50190.480.000546              3              0                    S 22q     352220 1 1 2 3 2 2    49.0   45.0
45110509.060200 1.578E-71 1.499E-08.00860.00920957.31230.480.000563              5              1                    Q 19q     352220 1 1 2 3 2 2   117.0  117.0
45110509.060652 1.648E-73 1.564E-10.00840.00820957.31230.090.000060              5              1                    Q 19m     582220 3 3 2 3 2 2   117.0  117.0
45110514.418300 4.173E-38 4.686E-08.00970.010 4831.39150.640.000333              4              1                    O  3q     352220 1 1 2 3 2 2     9.0   21.0
45110514.770300 1.434E-55 8.828E-07.00980.01013839.11330.580.000456              6              3                    S  6q     352220 1 1 2 3 2 2    17.0   13.0
45110518.128400 2.015E-56 8.994E-07.00990.01014495.44310.580.000463              6              3                    S  7q     352220 1 1 2 3 2 2    57.0   45.0
45110518.139300 2.115E-45 1.784E-08.00940.009 8298.60140.610.000381              3              0                    Q 12q     352220 1 1 2 3 2 2    25.0   25.0
45110518.139464 1.092E-47 9.209E-11.00860.009 8298.6014-.000.000043              3              0                    Q 12m     582220 3 3 2 3 2 2    25.0   25.0
45110520.033100 3.265E-58 1.444E-08.01310.01314493.53840.590.000477              6              2                    O 11q     352220 1 1 2 3 2 2    57.0   69.0
45110521.271400 1.166E-68 7.259E-08.00960.01019846.89020.610.000565              7              3                    Q 13q     352220 1 1 2 3 2 2    81.0   81.0
45110521.271798 5.920E-71 3.688E-10.01040.01019846.89020.060.000057              7              3                    Q 13m     582220 3 3 2 3 2 2    81.0   81.0
45110521.357900 6.112E-80 1.529E-08.01600.01624870.15970.680.000792             10              4                    O 15q     352220 1 1 2 3 2 2    81.0   93.0
45110538.953000 8.806E-73 9.130E-09.01230.01221400.68450.570.000571              7              2                    O 17q     352220 1 1 2 3 2 2    93.0  105.0
45110549.658300 2.376E-67 1.198E-07.01290.01319256.38140.640.000535              8              4                    Q  9q     352220 1 1 2 3 2 2    57.0   57.0
45110549.658616 5.997E-70 3.027E-10.01740.01719256.38140.040.000054              8              4                    Q  9m     582220 3 3 2 3 2 2    57.0   57.0
45110551.951600 4.722E-80 1.924E-08.01600.01624691.59620.680.000813             11              5                    O 12q     352220 1 1 2 3 2 2    21.0   25.0
45110559.398900 3.843E-67 1.985E-07.01220.01218760.34360.680.000406              9              5                    Q  2q     352220 1 1 2 3 2 2     5.0    5.0
45110559.399224 5.729E-71 2.963E-11.00620.00618760.34360.050.000049              9              5                    Q  2m     582220 3 3 2 3 2 2     5.0    5.0
45110574.715300 5.233E-70 3.731E-08.00900.00920161.71090.520.000567              6              2                    Q 16q     352220 1 1 2 3 2 2    33.0   33.0
45110574.715636 3.980E-72 2.834E-10.00850.00920161.71090.070.000059              6              2                    Q 16m     582220 3 3 2 3 2 2    33.0   33.0
45110577.954800 1.088E-81 3.439E-09.01610.01625228.55220.700.000650              8              2                    O 20q     352220 1 1 2 3 2 2    37.0   41.0
45110587.063700 6.182E-84 3.485E-11.02250.02225056.40700.090.000068             13              7                    Q  4m     582220 3 3 2 3 2 2     9.0    9.0
45110587.064700 1.244E-80 7.013E-08.01630.01625056.40700.700.000709             13              7                    Q  4q     352220 1 1 2 3 2 2     9.0    9.0
45110598.493600 7.888E-79 4.720E-07.01300.01325013.57150.700.000686             11              6                    S  9q     352220 1 1 2 3 2 2    69.0   57.0
45110600.962786 1.436E-79 2.753E-10.02820.02823831.67230.070.000068             10              5                    Q 11m     582220 3 3 2 3 2 2    69.0   69.0
45110600.962900 4.108E-77 7.867E-08.01290.01323831.67230.670.000675             10              5                    Q 11q     352220 1 1 2 3 2 2    69.0   69.0
45110607.853600 2.273E-66 2.763E-07.01120.01118581.71030.490.000408              9              5                    Q  1q     352220 1 1 2 3 2 2     9.0    9.0
45110607.853988 8.135E-71 9.897E-12.01240.01218581.71030.250.000037              9              5                    Q  1m     582220 3 3 2 3 2 2     9.0    9.0
45110609.285700 8.127E-77 3.339E-07.00940.00923836.65360.570.000656              8              4                    S 14q     352220 1 1 2 3 2 2    33.0   29.0
45110609.443300 1.890E-63 8.212E-09.01330.01316649.46880.610.000556              8              4                    O  5q     352220 1 1 2 3 2 2    21.0   33.0
45110621.185400 2.845E-42 6.137E-08.00930.009 7187.52560.610.000389              4              1                    Q  7q     352220 1 1 2 3 2 2    45.0   45.0
45110621.185632 5.343E-45 1.152E-10.00840.008 7187.5256-.020.000042              4              1                    Q  7m     582220 3 3 2 3 2 2    45.0   45.0
45110629.788500 3.594E-80 4.661E-08.01740.01724752.46340.700.000628             13              7                    O  3q     352220 1 1 2 3 2 2     9.0   21.0
45110636.415700 8.604E-73 7.643E-07.01210.01222251.10950.650.000481              9              5                    S  9q     352220 1 1 2 3 2 2    69.0   57.0
45110636.756300 3.247E-80 2.272E-07.01610.01625430.06010.700.000753             13              7                    S  5q     352220 1 1 2 3 2 2    45.0   33.0
45110637.770200 7.033E-83 1.055E-09.01920.01925430.06010.700.000986             14              7                    O  5q     352220 1 1 2 3 2 2    21.0   33.0
45110640.519800 1.294E-55 8.617E-09.01290.01313191.15250.590.000468              5              1                    O 13q     352220 1 1 2 3 2 2    69.0   81.0
45110640.620300 9.188E-61 6.504E-09.01320.01315228.88930.610.000512              7              3                    O  8q     352220 1 1 2 3 2 2    13.0   17.0
45110643.892200 1.135E-32 1.669E-09.00890.009 1740.18960.630.000345              3              0                    O  5q     352220 1 1 2 3 2 2    21.0   33.0
45110667.913884 5.224E-83 1.512E-10.01220.01225228.55220.100.000071              7              2                    Q 20m     582220 3 3 2 3 2 2    41.0   41.0
45110667.914100 4.653E-81 1.350E-08.01300.01325228.55220.700.000712              7              2                    Q 20q     352220 1 1 2 3 2 2    41.0   41.0
45110673.341000 1.019E-44 1.583E-07.00900.009 8087.00260.560.000370              5              2                    S  0q     352220 1 1 2 3 2 2     5.0    1.0
45110678.743789 2.507E-79 1.259E-10.02490.02523209.75760.050.000066             11              6                    Q  6m     582220 3 3 2 3 2 2    13.0   13.0
45110678.744000 2.247E-76 1.128E-07.01280.01323209.75760.660.000637             11              6                    Q  6q     352220 1 1 2 3 2 2    13.0   13.0
45110683.571300 2.895E-72 3.166E-09.01210.01220957.31230.560.000547              6              1                    O 19q     352220 1 1 2 3 2 2   105.0  117.0
45110687.246700 5.148E-64 3.376E-07.00640.00617771.57110.510.000514              5              2                    S 14q     352220 1 1 2 3 2 2    33.0   29.0
45110701.701200 1.627E-42 1.775E-08.00930.009 7132.06350.610.000375              3              0                    Q 11q     352220 1 1 2 3 2 2    69.0   69.0
45110701.701480 7.248E-45 7.905E-11.00860.009 7132.06350.000.000041              3              0                    Q 11m     582220 3 3 2 3 2 2    69.0   69.0
45110705.287300 1.416E-75 2.616E-08.01220.01222332.85580.550.000644             11              6                    O  4q     352220 1 1 2 3 2 2     5.0    9.0
45110710.652300 7.665E-54 2.460E-09.01280.01312123.81910.600.000447              4              0                    O 15q     352220 1 1 2 3 2 2    81.0   93.0
45110716.201300 2.062E-68 7.754E-08.00630.00619595.53450.510.000529              4              1                    S 18q     352220 1 1 2 3 2 2    41.0   37.0
45110728.963900 1.456E-71 3.529E-09.00880.00920687.91170.500.000570              4              0                    Q 21q     352220 1 1 2 3 2 2   129.0  129.0
45110728.964309 1.903E-73 4.581E-11.00940.00920687.91170.080.000061              4              0                    Q 21m     582220 3 3 2 3 2 2   129.0  129.0
45110736.002400 2.829E-41 6.116E-08.00920.009 6454.38870.610.000384              4              1                    Q  6q     352220 1 1 2 3 2 2    13.0   13.0
45110736.002679 4.019E-44 8.685E-11.00830.008 6454.3887-.010.000040              4              1                    Q  6m     582220 3 3 2 3 2 2    13.0   13.0
45110752.527200 6.145E-38 1.284E-07.00890.009 4497.83850.650.000307              4              1                    O  2q     352220 1 1 2 3 2 2     1.0    5.0
45110752.746700 2.659E-66 1.177E-07.01260.01318499.22170.650.000532              8              4                    Q  8q     352220 1 1 2 3 2 2    17.0   17.0
45110752.747074 5.540E-69 2.455E-10.01730.01718499.22170.020.000056              8              4                    Q  8m     582220 3 3 2 3 2 2    17.0   17.0
45110755.379800 5.127E-80 6.790E-09.01590.01624353.88360.670.000838             12              6                    O  8q     352220 1 1 2 3 2 2    13.0   17.0
45110763.920600 4.785E-72 1.845E-08.01260.01320918.19810.620.000602              8              3                    O 14q     352220 1 1 2 3 2 2    25.0   29.0
45110776.627400 5.989E-74 9.237E-09.01300.01321542.11970.680.000696             10              5                    O  8q     352220 1 1 2 3 2 2    13.0   17.0
45110778.460800 2.231E-72 6.016E-10.01220.01220687.91170.570.000521              5              0                    O 21q     352220 1 1 2 3 2 2   117.0  129.0
45110778.765431 3.830E-83 2.190E-11.01740.01724752.46340.100.000069             13              7                    Q  3m     582220 3 3 2 3 2 2    21.0   21.0
45110778.766300 1.267E-79 7.241E-08.01740.01724752.46340.700.000665             13              7                    Q  3q     352220 1 1 2 3 2 2    21.0   21.0
45110785.175800 6.108E-82 1.024E-09.01610.01625111.29050.700.000621              7              1                    O 22q     352220 1 1 2 3 2 2    41.0   45.0
45110791.389800 8.464E-72 8.103E-07.01200.01221542.11970.660.000472              9              5                    S  8q     352220 1 1 2 3 2 2    21.0   17.0
45110795.349700 5.003E-67 7.106E-08.00960.01018816.74070.600.000556              7              3                    Q 12q     352220 1 1 2 3 2 2    25.0   25.0
45110795.350096 2.274E-69 3.229E-10.01020.01018816.74070.050.000057              7              3                    Q 12m     582220 3 3 2 3 2 2    25.0   25.0
45110802.069073 5.881E-80 2.849E-10.02790.02823836.65360.090.000067              9              4                    Q 14m     582220 3 3 2 3 2 2    29.0   29.0
45110802.069300 1.018E-77 4.934E-08.01290.01323836.65360.660.000681              9              4                    Q 14q     352220 1 1 2 3 2 2    29.0   29.0
45110803.026300 4.466E-71 1.004E-08.00620.00620687.91170.490.000537              3              0                    S 21q     352220 1 1 2 3 2 2   141.0  129.0
45110812.264900 1.100E-77 1.394E-07.01000.01024320.91050.700.000689              7              3                    S 17q     352220 1 1 2 3 2 2   117.0  105.0
45110814.692671 1.662E-80 2.345E-10.01540.01524320.91050.100.000069              8              3                    Q 17m     582220 3 3 2 3 2 2   105.0  105.0
45110814.692900 1.975E-78 2.790E-08.01200.01224320.91050.540.000677              8              3                    Q 17q     352220 1 1 2 3 2 2   105.0  105.0
45110827.812900 1.472E-66 2.169E-07.01080.01118491.92960.700.000555              9              5                    S  0q     352220 1 1 2 3 2 2     5.0    1.0
45110829.811000 3.518E-80 1.387E-07.01940.01924521.50350.680.000564             13              7                    O  2q     352220 1 1 2 3 2 2     1.0    5.0
45110832.210000 3.981E-44 2.548E-07.00960.010 8193.79430.570.000394              5              2                    S  1q     352220 1 1 2 3 2 2    21.0    9.0
45110835.547100 1.585E-39 6.114E-08.00910.009 5813.92170.610.000379              4              1                    Q  5q     352220 1 1 2 3 2 2    33.0   33.0
45110835.547268 1.615E-42 6.226E-11.00830.008 5813.92170.000.000041              4              1                    Q  5m     582220 3 3 2 3 2 2    33.0   33.0
45110841.012466 1.562E-82 1.184E-10.03970.04025013.57150.110.000075             12              6                    Q  9m     582220 3 3 2 3 2 2    57.0   57.0
45110841.013300 6.413E-80 4.860E-08.01590.01625013.57150.660.000785             12              6                    Q  9q     352220 1 1 2 3 2 2    57.0   57.0
45110846.602000 9.249E-57 1.208E-08.01310.01313507.28160.580.000491              6              2                    O 10q     352220 1 1 2 3 2 2    17.0   21.0
45110846.917900 1.354E-80 3.700E-08.01000.01025228.55220.700.000673              6              2                    S 20q     352220 1 1 2 3 2 2    45.0   41.0
45110847.603600 4.331E-61 4.079E-07.00640.00616631.91060.520.000491              5              2                    S 13q     352220 1 1 2 3 2 2    93.0   81.0
45110855.594300 1.339E-62 2.751E-08.01230.01216190.70270.570.000511              8              4                    O  4q     352220 1 1 2 3 2 2     5.0    9.0
45110858.425000 1.145E-71 2.271E-08.01300.01320947.42170.680.000680              9              4                    O 11q     352220 1 1 2 3 2 2    57.0   69.0
45110862.445100 3.414E-69 1.462E-08.00870.00919595.53450.490.000569              5              1                    Q 18q     352220 1 1 2 3 2 2    37.0   37.0
45110862.445479 3.396E-71 1.448E-10.00840.00819595.53450.080.000060              5              1                    Q 18m     582220 3 3 2 3 2 2    37.0   37.0
45110862.561400 5.867E-80 2.410E-07.01610.01625056.40700.700.000719             13              7                    S  4q     352220 1 1 2 3 2 2    13.0    9.0
45110873.137900 1.006E-40 1.763E-08.00930.009 6030.92030.620.000369              3              0                    Q 10q     352220 1 1 2 3 2 2    21.0   21.0
45110873.138170 3.803E-43 6.665E-11.00860.009 6030.9203-.000.000040              3              0                    Q 10m     582220 3 3 2 3 2 2    21.0   21.0
45110879.943235 4.470E-78 9.154E-11.02080.02122735.58600.050.000065             11              6                    Q  5m     582220 3 3 2 3 2 2    33.0   33.0
45110879.943300 5.433E-75 1.113E-07.01270.01322735.58600.630.000620             11              6                    Q  5q     352220 1 1 2 3 2 2    33.0   33.0
45110889.664200 6.296E-78 5.292E-07.01210.01224353.88360.560.000674             11              6                    S  8q     352220 1 1 2 3 2 2    21.0   17.0
45110891.573900 4.906E-67 3.647E-08.00910.00918950.12220.530.000555              6              2                    Q 15q     352220 1 1 2 3 2 2    93.0   93.0
45110891.574237 3.462E-69 2.568E-10.00850.00918950.12220.070.000058              6              2                    Q 15m     582220 3 3 2 3 2 2    93.0   93.0
45110904.945900 5.400E-79 8.756E-09.01530.01524320.91050.590.000658              9              3                    O 17q     352220 1 1 2 3 2 2    93.0  105.0
45110910.955800 5.319E-70 8.251E-07.01190.01220894.89090.660.000420              9              5                    S  7q     352220 1 1 2 3 2 2    57.0   45.0
45110913.163400 3.582E-74 4.235E-07.00940.00922834.47140.580.000642              8              4                    S 13q     352220 1 1 2 3 2 2    93.0   81.0
45110915.899500 1.194E-31 4.825E-09.00920.009 1168.79750.640.000320              3              0                    O  4q     352220 1 1 2 3 2 2     5.0    9.0
45110919.323300 5.982E-39 6.149E-08.00930.009 5271.37940.610.000372              4              1                    Q  4q     352220 1 1 2 3 2 2     9.0    9.0
45110919.323456 4.049E-42 4.167E-11.00840.008 5271.37940.000.000041              4              1                    Q  4m     582220 3 3 2 3 2 2     9.0    9.0
45110921.484196 1.407E-83 1.128E-11.01240.01224521.50350.120.000064             13              7                    Q  2m     582220 3 3 2 3 2 2     5.0    5.0
45110921.485100 9.672E-80 7.757E-08.01700.01724521.50350.700.000589             13              7                    Q  2q     352220 1 1 2 3 2 2     5.0    5.0
45110931.153600 6.395E-66 3.538E-07.01070.01118581.71030.700.000523              9              5                    S  1q     352220 1 1 2 3 2 2    21.0    9.0
45110932.199200 3.073E-74 6.701E-08.01740.01722005.55020.670.000521             11              6                    O  3q     352220 1 1 2 3 2 2     9.0   21.0
45110933.974000 9.191E-83 1.671E-10.01610.01625141.49610.700.000592              6              0                    O 24q     352220 1 1 2 3 2 2    45.0   49.0
45110934.382300 1.922E-64 1.159E-07.01280.01317808.71100.640.000527              8              4                    Q  7q     352220 1 1 2 3 2 2    45.0   45.0
45110934.382642 3.199E-67 1.929E-10.01730.01717808.71100.030.000055              8              4                    Q  7m     582220 3 3 2 3 2 2    45.0   45.0
45110934.617000 2.792E-59 2.326E-09.01290.01314495.44310.610.000507              7              3                    O  7q     352220 1 1 2 3 2 2    33.0   45.0
45110946.284173 1.863E-78 2.374E-10.02800.02823016.22250.060.000067             10              5                    Q 10m     582220 3 3 2 3 2 2    21.0   21.0
45110946.284300 5.995E-76 7.639E-08.01290.01323016.22250.670.000666             10              5                    Q 10q     352220 1 1 2 3 2 2    21.0   21.0
45110951.627200 5.461E-65 1.103E-07.00640.00618253.41720.510.000520              4              1                    S 17q     352220 1 1 2 3 2 2   117.0  105.0
45110964.179600 3.036E-81 4.793E-09.01300.01325111.29050.700.000699              6              1                    Q 22q     352220 1 1 2 3 2 2    45.0   45.0
45110964.179625 4.319E-83 6.811E-11.01170.01225111.29050.120.000074              6              1                    Q 22m     582220 3 3 2 3 2 2    45.0   45.0
45110966.717300 4.162E-82 4.531E-09.01920.01925056.40700.700.000911             14              7                    O  4q     352220 1 1 2 3 2 2     5.0    9.0
45110969.667600 7.923E-45 3.410E-07.01040.010 8406.36090.590.000385              5              2                    S  2q     352220 1 1 2 3 2 2     9.0    5.0
45110984.183400 3.128E-59 4.733E-07.00650.00715537.17360.530.000497              5              2                    S 12q     352220 1 1 2 3 2 2    29.0   25.0
45110984.398200 1.090E-70 9.543E-09.01220.01220161.71090.570.000571              7              2                    O 16q     352220 1 1 2 3 2 2    29.0   33.0
45110984.613400 9.831E-54 8.175E-09.01280.01312031.60910.580.000456              5              1                    O 12q     352220 1 1 2 3 2 2    21.0   25.0
45110986.896300 1.194E-37 6.274E-08.01000.010 4831.39150.610.000341              4              1                    Q  3q     352220 1 1 2 3 2 2    21.0   21.0
45110986.896616 4.760E-41 2.503E-11.00860.009 4831.3915-.000.000040              4              1                    Q  3m     582220 3 3 2 3 2 2    21.0   21.0
45110995.929300 2.565E-69 8.080E-07.01190.01220314.82630.660.000454              9              5                    S  6q     352220 1 1 2 3 2 2    17.0   13.0
45111006.075600 1.530E-66 4.770E-07.01280.01318760.34360.680.000368              9              5                    S  2q     352220 1 1 2 3 2 2     9.0    5.0
45111016.177850 1.798E-83 3.829E-12.01970.02024366.07320.120.000054             13              7                    Q  1m     582220 3 3 2 3 2 2     9.0    9.0
45111016.178700 5.092E-79 1.084E-07.01760.01824366.07320.700.000599             13              7                    Q  1q     352220 1 1 2 3 2 2     9.0    9.0
45111022.412600 5.936E-79 2.258E-07.01630.01624752.46340.700.000661             13              7                    S  3q     352220 1 1 2 3 2 2    33.0   21.0
45111031.778800 3.915E-38 1.751E-08.00930.009 5001.96290.620.000365              3              0                    Q  9q     352220 1 1 2 3 2 2    57.0   57.0
45111031.779059 1.230E-40 5.505E-11.00860.009 5001.9629-.010.000041              3              0                    Q  9m     582220 3 3 2 3 2 2    57.0   57.0
45111037.904800 1.519E-37 6.687E-08.00900.009 4497.83850.590.000321              4              1                    Q  2q     352220 1 1 2 3 2 2     5.0    5.0
45111037.905076 2.843E-41 1.253E-11.00760.008 4497.83850.050.000038              4              1                    Q  2m     582220 3 3 2 3 2 2     5.0    5.0
45111046.951800 7.360E-78 1.853E-08.01600.01623831.67230.680.000819             11              5                    O 11q     352220 1 1 2 3 2 2    57.0   69.0
45111047.071400 7.471E-68 7.603E-07.01180.01219806.99550.660.000445              9              5                    S  5q     352220 1 1 2 3 2 2    45.0   33.0
45111047.245985 5.656E-78 6.183E-11.01650.01722332.85580.040.000060             11              6                    Q  4m     582220 3 3 2 3 2 2     9.0    9.0
45111047.246100 1.012E-74 1.106E-07.01250.01322332.85580.580.000596             11              6                    Q  4q     352220 1 1 2 3 2 2     9.0    9.0
45111050.275700 1.533E-64 6.955E-08.00960.01017833.76470.610.000552              7              3                    Q 11q     352220 1 1 2 3 2 2    69.0   69.0
45111050.276029 6.135E-67 2.786E-10.01020.01017833.76470.050.000056              7              3                    Q 11m     582220 3 3 2 3 2 2    69.0   69.0
45111051.163100 1.889E-66 5.891E-07.01090.01119026.00430.590.000301              9              5                    S  3q     352220 1 1 2 3 2 2    33.0   21.0
45111053.244900 5.631E-81 5.619E-09.01910.01925013.57150.670.000980             13              6                    O  9q     352220 1 1 2 3 2 2    45.0   57.0
45111061.634437 1.330E-84 8.560E-12.02790.02825056.40700.140.000076             14              7                    Q  4m     562220 3 3 2 3 2 2     9.0    9.0
45111061.636100 2.433E-81 1.497E-08.01920.01925056.40700.700.000822             14              7                    Q  4q     352220 1 1 2 3 2 2     9.0    9.0
45111065.180900 1.576E-67 6.856E-07.01120.01119376.02850.650.000338              9              5                    S  4q     352220 1 1 2 3 2 2    13.0    9.0
45111068.414100 1.388E-51 2.485E-09.01280.01310801.01210.600.000448              4              0                    O 14q     352220 1 1 2 3 2 2    25.0   29.0
45111072.069200 1.127E-36 9.331E-08.00890.009 4273.74060.620.000341              4              1                    Q  1q     352220 1 1 2 3 2 2     9.0    9.0
45111072.069479 5.041E-41 4.179E-12.00850.009 4273.74060.060.000035              4              1                    Q  1m     582220 3 3 2 3 2 2     9.0    9.0
45111075.298000 2.715E-78 1.605E-08.01600.01623836.65360.680.000799             10              4                    O 14q     352220 1 1 2 3 2 2    25.0   29.0
45111083.143100 3.100E-68 1.769E-08.00640.00619212.98830.510.000528              3              0                    S 20q     352220 1 1 2 3 2 2    45.0   41.0
45111084.293500 7.535E-45 4.202E-07.00970.010 8722.70200.590.000414              5              2                    S  3q     352220 1 1 2 3 2 2    33.0   21.0
45111084.829200 3.598E-61 7.006E-08.01220.01215818.28780.550.000413              8              4                    O  3q     352220 1 1 2 3 2 2     9.0   21.0
45111094.303900 1.075E-63 1.144E-07.01270.01317190.39110.630.000515              8              4                    Q  6q     352220 1 1 2 3 2 2    13.0   13.0
45111094.304199 1.371E-66 1.458E-10.01520.01517190.39110.020.000055              8              4                    Q  6m     582220 3 3 2 3 2 2    13.0   13.0
45111096.573400 1.532E-56 5.307E-07.01020.01014493.53840.530.000487              5              2                    S 11q     352220 1 1 2 3 2 2    81.0   69.0
45111098.747500 5.472E-69 3.438E-09.00890.00919212.98830.510.000562              4              0                    Q 20q     352220 1 1 2 3 2 2    41.0   41.0
45111098.747987 6.889E-71 4.322E-11.00910.00919212.98830.090.000059              4              0                    Q 20m     582220 3 3 2 3 2 2    41.0   41.0
45111102.562100 1.456E-72 4.040E-09.01290.01320894.89090.680.000692             10              5                    O  7q     352220 1 1 2 3 2 2    33.0   45.0
45111121.968200 4.138E-79 1.912E-07.01740.01724521.50350.700.000671             13              7                    S  2q     352220 1 1 2 3 2 2     9.0    5.0
45111127.779200 3.223E-76 5.558E-07.01230.01223750.84490.580.000660             11              6                    S  7q     352220 1 1 2 3 2 2    57.0   45.0
45111130.091500 3.361E-74 2.043E-07.01540.01521757.00690.690.000452             11              6                    O  2q     352220 1 1 2 3 2 2     1.0    5.0
45111140.891700 6.668E-70 3.367E-09.01210.01219595.53450.550.000552              6              1                    O 18q     352220 1 1 2 3 2 2    33.0   37.0
45111142.363700 1.109E-78 3.312E-09.01590.01623750.84490.670.000836             12              6                    O  7q     352220 1 1 2 3 2 2    33.0   45.0
45111155.073300 3.285E-79 8.830E-08.01760.01824287.91530.700.000610             13              7                    S  0q     352220 1 1 2 3 2 2     5.0    1.0
45111165.156500 1.540E-78 1.444E-07.01700.01724366.07320.700.000681             13              7                    S  1q     352220 1 1 2 3 2 2    21.0    9.0
45111165.910200 1.326E-62 1.460E-07.00640.00616936.25540.520.000511              4              1                    S 16q     352220 1 1 2 3 2 2    37.0   33.0
45111166.128700 1.560E-54 9.202E-09.00960.01012584.71620.600.000495              6              2                    O  9q     352220 1 1 2 3 2 2    45.0   57.0
45111168.938800 9.945E-79 3.288E-07.01290.01324691.59620.670.000624             10              5                    S 12q     352220 1 1 2 3 2 2    29.0   25.0
45111174.928700 4.484E-46 4.902E-07.00960.010 9139.89760.580.000425              5              2                    S  4q     352220 1 1 2 3 2 2    13.0    9.0
45111176.946300 1.144E-36 1.739E-08.00920.009 4051.94300.620.000376              3              0                    Q  8q     352220 1 1 2 3 2 2    17.0   17.0
45111176.946551 2.916E-39 4.436E-11.00850.009 4051.9430-.020.000041              3              0                    Q  8m     582220 3 3 2 3 2 2    17.0   17.0
45111177.968900 4.641E-30 1.149E-08.00970.010  705.51890.640.000310              3              0                    O  3q     352220 1 1 2 3 2 2     9.0   21.0
45111179.812500 1.384E-72 5.055E-07.00950.00921869.42620.590.000628              8              4                    S 12q     352220 1 1 2 3 2 2    29.0   25.0
45111180.215700 2.220E-69 1.832E-08.01260.01319846.89020.620.000601              8              3                    O 13q     352220 1 1 2 3 2 2    69.0   81.0
45111180.929852 3.828E-77 3.742E-11.01300.01322005.55020.050.000061             11              6                    Q  3m     582220 3 3 2 3 2 2    21.0   21.0
45111180.930000 1.142E-73 1.116E-07.01440.01422005.55020.700.000558             11              6                    Q  3q     352220 1 1 2 3 2 2    21.0   21.0
45111184.314600 6.099E-55 5.757E-07.01020.01013507.28160.540.000477              5              2                    S 10q     352220 1 1 2 3 2 2    25.0   21.0
45111185.930900 1.298E-75 1.980E-07.01000.01023160.86820.700.000642              7              3                    S 16q     352220 1 1 2 3 2 2    37.0   33.0
45111191.197800 4.355E-65 3.564E-08.00910.00917771.57110.530.000559              6              2                    Q 14q     352220 1 1 2 3 2 2    29.0   29.0
45111191.198218 2.814E-67 2.300E-10.00880.00917771.57110.060.000057              6              2                    Q 14m     582220 3 3 2 3 2 2    29.0   29.0
45111193.941882 6.750E-80 1.433E-10.01230.01223939.23340.110.000072              7              2                    Q 19m     582220 3 3 2 3 2 2   117.0  117.0
45111193.942000 6.059E-78 1.287E-08.01300.01323939.23340.700.000677              7              2                    Q 19q     352220 1 1 2 3 2 2   117.0  117.0
45111196.370000 1.566E-78 3.708E-09.01610.01623939.23340.700.000624              8              2                    O 19q     352220 1 1 2 3 2 2   105.0  117.0
45111200.126400 6.060E-66 1.427E-08.00870.00918253.41720.490.000562              5              1                    Q 17q     352220 1 1 2 3 2 2   105.0  105.0
45111200.126855 5.676E-68 1.336E-10.00840.00818253.41720.080.000059              5              1                    Q 17m     582220 3 3 2 3 2 2   105.0  105.0
45111213.121063 1.788E-77 2.564E-10.02790.02822834.47140.080.000069              9              4                    Q 13m     582220 3 3 2 3 2 2    81.0   81.0
45111213.121200 3.320E-75 4.757E-08.01290.01322834.47140.660.000676              9              4                    Q 13q     352220 1 1 2 3 2 2    81.0   81.0
45111217.293700 5.361E-60 7.095E-11.01300.01313839.11330.590.000492              7              3                    O  6q     352220 1 1 2 3 2 2     9.0   13.0
45111232.200900 3.657E-62 1.133E-07.01250.01216649.46880.620.000501              8              4                    Q  5q     352220 1 1 2 3 2 2    33.0   33.0
45111232.201249 3.381E-65 1.048E-10.01270.01316649.46880.020.000054              8              4                    Q  5m     582220 3 3 2 3 2 2    33.0   33.0
45111236.337800 1.928E-70 1.971E-08.01300.01320074.41780.680.000688              9              4                    O 10q     352220 1 1 2 3 2 2    17.0   21.0
45111237.970500 9.223E-81 1.337E-08.02060.02124752.46340.700.000736             14              7                    O  3q     352220 1 1 2 3 2 2     9.0   21.0
45111240.693700 1.407E-46 5.477E-07.00960.010 9654.19720.580.000434              5              2                    S  5q     352220 1 1 2 3 2 2    45.0   33.0
45111244.060378 9.353E-82 1.036E-10.03880.03924353.88360.110.000074             12              6                    Q  8m     582220 3 3 2 3 2 2    17.0   17.0
45111244.061200 4.445E-79 4.920E-08.01590.01624353.88360.660.000782             12              6                    Q  8q     352220 1 1 2 3 2 2    17.0   17.0
45111244.991300 9.039E-70 6.460E-10.01220.01219212.98830.570.000534              5              0                    O 20q     352220 1 1 2 3 2 2    37.0   41.0
45111246.956100 1.553E-52 6.061E-07.01010.01012584.71620.550.000467              5              2                    S  9q     352220 1 1 2 3 2 2    69.0   57.0
45111258.256721 1.653E-76 1.991E-10.02810.02822251.10950.070.000067             10              5                    Q  9m     582220 3 3 2 3 2 2    57.0   57.0
45111258.256900 6.152E-74 7.411E-08.01290.01322251.10950.670.000660             10              5                    Q  9q     352220 1 1 2 3 2 2    57.0   57.0
45111280.991200 2.974E-48 5.898E-07.00980.01010261.12850.570.000426              5              2                    S  6q     352220 1 1 2 3 2 2    17.0   13.0
45111281.136140 1.507E-77 1.886E-11.00970.01021757.00690.080.000058             11              6                    Q  2m     582220 3 3 2 3 2 2     5.0    5.0
45111281.136200 9.460E-74 1.181E-07.01630.01621757.00690.680.000485             11              6                    Q  2q     352220 1 1 2 3 2 2     5.0    5.0
45111281.428068 3.812E-82 1.492E-10.03880.03924691.59620.130.000076             11              5                    Q 12m     582220 3 3 2 3 2 2    25.0   25.0
45111281.428900 8.279E-80 3.239E-08.01580.01624691.59620.650.000817             11              5                    Q 12q     352220 1 1 2 3 2 2    25.0   25.0
45111284.107700 3.026E-51 6.193E-07.01000.01011732.11480.560.000459              5              2                    S  8q     352220 1 1 2 3 2 2    21.0   17.0
45111285.071025 1.248E-78 2.173E-10.01530.01523160.86820.100.000068              8              3                    Q 16m     582220 3 3 2 3 2 2    33.0   33.0
45111285.071100 1.537E-76 2.676E-08.01200.01223160.86820.550.000699              8              3                    Q 16q     352220 1 1 2 3 2 2    33.0   33.0
45111285.972400 4.020E-63 6.813E-08.00970.01016904.05820.610.000538              7              3                    Q 10q     352220 1 1 2 3 2 2    21.0   21.0
45111285.972768 1.388E-65 2.355E-10.01020.01016904.05820.050.000054              7              3                    Q 10m     582220 3 3 2 3 2 2    21.0   21.0
45111286.430800 3.288E-77 6.440E-08.01000.01023939.23340.700.000693              6              2                    S 19q     352220 1 1 2 3 2 2   129.0  117.0
45111295.347300 4.609E-61 2.124E-07.01050.01015535.74330.510.000371              8              4                    O  2q     352220 1 1 2 3 2 2     1.0    5.0
45111295.491800 3.540E-49 6.139E-07.00990.01010955.61770.560.000451              5              2                    S  7q     352220 1 1 2 3 2 2    57.0   45.0
45111307.972600 1.963E-34 1.727E-08.00920.009 3187.47050.620.000356              3              0                    Q  7q     352220 1 1 2 3 2 2    45.0   45.0
45111307.972823 3.939E-37 3.468E-11.00840.008 3187.4705-.020.000040              3              0                    Q  7m     582220 3 3 2 3 2 2    45.0   45.0
45111315.365546 1.098E-83 6.926E-12.02150.02124752.46340.150.000073             14              7                    Q  3m     572220 3 3 2 3 2 2    21.0   21.0
45111315.366900 3.271E-80 2.060E-08.02060.02124752.46340.700.000771             14              7                    Q  3q     352220 1 1 2 3 2 2    21.0   21.0
45111316.485600 1.282E-75 5.525E-07.01230.01223209.75760.580.000651             11              6                    S  6q     352220 1 1 2 3 2 2    17.0   13.0
45111324.136600 4.917E-51 7.456E-09.00960.01010926.97290.600.000471              5              1                    O 11q     352220 1 1 2 3 2 2    57.0   69.0
45111344.312100 1.582E-64 2.697E-08.00650.00617750.33200.520.000519              3              0                    S 19q     352220 1 1 2 3 2 2   129.0  117.0
45111347.746300 9.073E-62 1.132E-07.01200.01216190.70270.590.000471              8              4                    Q  4q     352220 1 1 2 3 2 2     9.0    9.0
45111347.746660 5.622E-65 7.011E-11.01020.01016190.70270.020.000053              8              4                    Q  4m     582220 3 3 2 3 2 2     9.0    9.0
45111347.925812 2.022E-77 6.308E-12.01490.01521589.82350.080.000052             11              6                    Q  1m     582220 3 3 2 3 2 2     9.0    9.0
45111347.925900 5.263E-73 1.639E-07.01690.01721589.82350.680.000503             11              6                    Q  1q     352220 1 1 2 3 2 2     9.0    9.0
45111358.854700 2.369E-59 1.829E-07.00650.00715649.59370.530.000501              4              1                    S 15q     352220 1 1 2 3 2 2   105.0   93.0
45111374.577100 8.131E-37 7.399E-08.00910.009 4161.16620.590.000341              4              1                    S  0q     352220 1 1 2 3 2 2     5.0    1.0
45111407.342800 8.147E-73 5.217E-10.01290.01320314.82630.660.000703             10              5                    O  6q     352220 1 1 2 3 2 2     9.0   13.0
45111410.960800 3.731E-70 5.751E-07.00960.01020947.42170.600.000614              8              4                    S 11q     352220 1 1 2 3 2 2    81.0   69.0
45111413.099300 2.044E-80 9.743E-09.01910.01924691.59620.670.000950             12              5                    O 12q     352220 1 1 2 3 2 2    21.0   25.0
45111413.283400 1.444E-78 1.098E-09.01610.01623719.89200.700.000620              7              1                    O 21q     352220 1 1 2 3 2 2   117.0  129.0
45111418.039400 1.053E-67 9.876E-09.01230.01218950.12220.570.000570              7              2                    O 15q     352220 1 1 2 3 2 2    81.0   93.0
45111423.630100 1.768E-48 2.459E-09.01270.013 9523.79160.600.000435              4              0                    O 13q     352220 1 1 2 3 2 2    69.0   81.0
45111424.216300 2.363E-33 1.718E-08.00920.009 2414.89700.620.000352              3              0                    Q  6q     352220 1 1 2 3 2 2    13.0   13.0
45111424.216528 3.586E-36 2.610E-11.00830.008 2414.8970-.010.000040              3              0                    Q  6m     582220 3 3 2 3 2 2    13.0   13.0
45111428.017700 7.946E-30 3.359E-08.00900.009  354.37320.650.000307              3              0                    O  2q     352220 1 1 2 3 2 2     1.0    5.0
45111440.624300 1.291E-60 1.148E-07.01220.01215818.28780.510.000452              8              4                    Q  3q     352220 1 1 2 3 2 2    21.0   21.0
45111440.624621 4.744E-64 4.217E-11.00810.00815818.28780.030.000051              8              4                    Q  3m     582220 3 3 2 3 2 2    21.0   21.0
45111451.769700 1.004E-80 4.426E-08.02010.02024521.50350.700.000661             14              7                    O  2q     352220 1 1 2 3 2 2     1.0    5.0
45111454.712400 1.751E-65 3.356E-09.00900.00917750.33200.520.000554              4              0                    Q 19q     352220 1 1 2 3 2 2   117.0  117.0
45111454.712795 2.099E-67 4.016E-11.00910.00917750.33200.090.000060              4              0                    Q 19m     582220 3 3 2 3 2 2   117.0  117.0
45111458.414100 3.137E-74 5.225E-07.01240.01222735.58600.590.000640             11              6                    S  5q     352220 1 1 2 3 2 2    45.0   33.0
45111473.725800 2.880E-62 3.484E-08.00920.00916631.91060.540.000553              6              2                    Q 13q     352220 1 1 2 3 2 2    81.0   81.0
45111473.726145 1.681E-64 2.029E-10.00850.00916631.91060.060.000057              6              2                    Q 13m     582220 3 3 2 3 2 2    81.0   81.0
45111477.642800 1.767E-53 6.044E-09.00960.01011732.11480.600.000495              6              2                    O  8q     352220 1 1 2 3 2 2    13.0   17.0
45111477.854700 4.547E-77 9.318E-09.01530.01523160.86820.590.000692              9              3                    O 16q     352220 1 1 2 3 2 2    29.0   33.0
45111487.195300 4.358E-57 1.593E-09.01250.01213265.26810.580.000492              7              3                    O  5q     352220 1 1 2 3 2 2    21.0   33.0
45111494.527300 7.353E-79 6.176E-10.01580.01623209.75760.650.000860             12              6                    O  6q     352220 1 1 2 3 2 2     9.0   13.0
45111501.619466 4.513E-84 4.015E-12.01500.01524521.50350.170.000069             14              7                    Q  2m     572220 3 3 2 3 2 2     5.0    5.0
45111501.620800 2.777E-80 2.470E-08.02010.02024521.50350.700.000693             14              7                    Q  2q     352220 1 1 2 3 2 2     5.0    5.0
45111502.208700 7.075E-61 6.675E-08.00970.01016033.74170.620.000543              7              3                    Q  9q     352220 1 1 2 3 2 2    57.0   57.0
45111502.209111 2.062E-63 1.947E-10.01010.01016033.74170.030.000055              7              3                    Q  9m     582220 3 3 2 3 2 2    57.0   57.0
45111505.772200 6.467E-78 4.532E-09.01300.01323719.89200.700.000690              6              1                    Q 21q     352220 1 1 2 3 2 2   129.0  129.0
45111505.772398 9.158E-80 6.428E-11.01170.01223719.89200.120.000071              6              1                    Q 21m     582220 3 3 2 3 2 2   129.0  129.0
45111510.020700 9.650E-77 1.679E-08.01600.01623016.22250.670.000829             11              5                    O 10q     352220 1 1 2 3 2 2    17.0   21.0
45111510.553700 1.272E-60 1.217E-07.01220.01215535.74330.680.000406              8              4                    Q  2q     352220 1 1 2 3 2 2     5.0    5.0
45111510.554053 2.206E-64 2.111E-11.00570.00615535.74330.050.000049              8              4                    Q  2m     582220 3 3 2 3 2 2     5.0    5.0
45111522.306900 1.132E-72 2.581E-07.01000.01022024.77160.700.000633              7              3                    S 15q     352220 1 1 2 3 2 2   105.0   93.0
45111522.562400 1.061E-63 1.395E-08.00890.00916936.25540.510.000555              5              1                    Q 16q     352220 1 1 2 3 2 2    33.0   33.0
45111522.562867 9.244E-66 1.215E-10.00840.00816936.25540.080.000058              5              1                    Q 16m     582220 3 3 2 3 2 2    33.0   33.0
45111525.078500 1.562E-31 1.714E-08.00910.009 1740.18960.620.000365              3              0                    Q  5q     352220 1 1 2 3 2 2    33.0   33.0
45111525.078811 1.701E-34 1.869E-11.00830.008 1740.1896-.010.000040              3              0                    Q  5m     582220 3 3 2 3 2 2    33.0   33.0
45111530.066400 3.781E-57 2.194E-07.01020.01014399.22040.530.000492              4              1                    S 14q     352220 1 1 2 3 2 2    33.0   29.0
45111532.363600 3.562E-73 1.371E-07.01420.01421505.77950.700.000547             11              6                    S  0q     352220 1 1 2 3 2 2     5.0    1.0
45111538.093860 1.199E-75 1.621E-10.02800.02821542.11970.060.000063             10              5                    Q  8m     582220 3 3 2 3 2 2    17.0   17.0
45111538.094000 5.322E-73 7.195E-08.01290.01321542.11970.670.000657             10              5                    Q  8q     352220 1 1 2 3 2 2    17.0   17.0
45111544.547200 3.163E-36 1.220E-07.00940.009 4273.74060.600.000381              4              1                    S  1q     352220 1 1 2 3 2 2    21.0    9.0
45111555.645800 5.671E-74 4.695E-07.01220.01222332.85580.560.000611             11              6                    S  4q     352220 1 1 2 3 2 2    13.0    9.0
45111557.307200 7.954E-60 1.694E-07.01120.01115345.80980.490.000408              8              4                    Q  1q     352220 1 1 2 3 2 2     9.0    9.0
45111557.307482 3.308E-64 7.043E-12.01130.01115345.80980.080.000041              8              4                    Q  1m     582220 3 3 2 3 2 2     9.0    9.0
45111559.845300 2.062E-76 4.000E-07.01290.01323831.67230.670.000613             10              5                    S 11q     352220 1 1 2 3 2 2    81.0   69.0
45111565.084800 3.153E-80 4.828E-09.01910.01924353.88360.670.000980             13              6                    O  8q     352220 1 1 2 3 2 2    13.0   17.0
45111569.258400 3.415E-79 1.777E-10.01610.01623656.40580.700.000592              6              0                    O 23q     352220 1 1 2 3 2 2   129.0  141.0
45111582.967700 9.100E-68 1.772E-08.01260.01318816.74070.610.000601              8              3                    O 12q     352220 1 1 2 3 2 2    21.0   25.0
45111586.601900 7.549E-62 3.752E-08.00650.00716304.80690.530.000510              3              0                    S 18q     352220 1 1 2 3 2 2    41.0   37.0
45111588.278900 1.253E-66 3.566E-09.01210.01218253.41720.560.000554              6              1                    O 17q     352220 1 1 2 3 2 2    93.0  105.0
45111591.835539 4.944E-76 2.251E-10.02790.02821869.42620.080.000068              9              4                    Q 12m     582220 3 3 2 3 2 2    25.0   25.0
45111591.835700 1.006E-73 4.582E-08.01290.01321869.42620.660.000686              9              4                    Q 12q     352220 1 1 2 3 2 2    25.0   25.0
45111595.709965 3.589E-80 8.516E-11.03940.03923750.84490.100.000074             12              6                    Q  7m     582220 3 3 2 3 2 2    45.0   45.0
45111595.710700 2.060E-77 4.886E-08.01590.01623750.84490.660.000775             12              6                    Q  7q     352220 1 1 2 3 2 2    45.0   45.0
45111596.539600 8.704E-80 4.372E-08.02060.02124521.50350.700.000771             14              7                    S  2q     352220 1 1 2 3 2 2     9.0    5.0
45111596.656700 1.654E-72 2.306E-07.01390.01421589.82350.700.000579             11              6                    S  1q     352220 1 1 2 3 2 2    21.0    9.0
45111597.685500 2.047E-68 1.580E-08.01300.01319256.38140.680.000696              9              4                    O  9q     352220 1 1 2 3 2 2    45.0   57.0
45111598.163800 9.097E-76 1.637E-08.01600.01622834.47140.680.000806             10              4                    O 13q     352220 1 1 2 3 2 2    69.0   81.0
45111607.700900 8.468E-69 6.283E-07.00960.01020074.41780.600.000602              8              4                    S 10q     352220 1 1 2 3 2 2    25.0   21.0
45111609.979100 5.955E-73 3.994E-07.01320.01322005.55020.700.000585             11              6                    S  3q     352220 1 1 2 3 2 2    33.0   21.0
45111610.017800 6.777E-31 1.721E-08.00950.009 1168.79750.620.000360              3              0                    Q  4q     352220 1 1 2 3 2 2     9.0    9.0
45111610.018094 4.905E-34 1.248E-11.00850.008 1168.7975-.010.000039              3              0                    Q  4m     582220 3 3 2 3 2 2     9.0    9.0
45111623.095000 4.319E-73 3.181E-07.01440.01421757.00690.700.000557             11              6                    S  2q     352220 1 1 2 3 2 2     9.0    5.0
45111624.359430 6.096E-84 1.445E-12.02340.02324366.07320.150.000062             14              7                    Q  1m     572220 3 3 2 3 2 2     9.0    9.0
45111624.360700 1.538E-79 3.647E-08.02080.02124366.07320.700.000695             14              7                    Q  1q     352220 1 1 2 3 2 2     9.0    9.0
45111658.382200 1.906E-49 6.447E-09.00950.010 9883.73750.590.000475              5              1                    O 10q     352220 1 1 2 3 2 2    17.0   21.0
45111678.562900 1.513E-29 1.753E-08.01000.010  705.51890.620.000332              3              0                    Q  3q     352220 1 1 2 3 2 2    21.0   21.0
45111678.563155 6.453E-33 7.491E-12.00890.009  705.51890.010.000039              3              0                    Q  3m     582220 3 3 2 3 2 2    21.0   21.0
45111679.007200 4.268E-54 2.540E-07.01010.01013191.15250.540.000468              4              1                    S 13q     352220 1 1 2 3 2 2    93.0   81.0
45111685.197200 8.341E-76 1.226E-08.01300.01322661.60190.700.000692              7              2                    Q 18q     352220 1 1 2 3 2 2    37.0   37.0
45111685.197257 9.020E-78 1.323E-10.01230.01222661.60190.110.000071              7              2                    Q 18m     582220 3 3 2 3 2 2    37.0   37.0
45111687.048600 7.189E-75 9.542E-08.01000.01022661.60190.700.000654              6              2                    S 18q     352220 1 1 2 3 2 2    41.0   37.0
45111689.903900 3.048E-71 7.443E-10.01260.01319806.99550.620.000700             10              5                    O  5q     352220 1 1 2 3 2 2    21.0   33.0
45111692.864200 6.077E-37 1.668E-07.01030.010 4497.83850.610.000388              4              1                    S  2q     352220 1 1 2 3 2 2     9.0    5.0
45111696.784700 3.258E-77 2.159E-08.01000.01023719.89200.700.000686              5              1                    S 21q     352220 1 1 2 3 2 2   141.0  129.0
45111698.642400 1.000E-59 6.543E-08.00970.01015228.88930.620.000536              7              3                    Q  8q     352220 1 1 2 3 2 2    17.0   17.0
45111698.642742 2.396E-62 1.569E-10.01020.01015228.88930.040.000055              7              3                    Q  8m     582220 3 3 2 3 2 2    17.0   17.0
45111701.757100 4.239E-79 4.365E-08.02010.02024366.07320.700.000783             14              7                    S  1q     352220 1 1 2 3 2 2    21.0    9.0
45111703.211600 3.111E-66 6.935E-10.01210.01217750.33200.560.000534              5              0                    O 19q     352220 1 1 2 3 2 2   105.0  117.0
45111722.863161 7.387E-76 1.967E-10.01530.01522024.77160.100.000069              8              3                    Q 15m     582220 3 3 2 3 2 2    93.0   93.0
45111722.863200 9.620E-74 2.563E-08.01210.01222024.77160.550.000665              8              3                    Q 15q     352220 1 1 2 3 2 2    93.0   93.0
45111730.323800 2.096E-29 1.867E-08.00900.009  354.37320.620.000338              3              0                    Q  2q     352220 1 1 2 3 2 2     5.0    5.0
45111730.324126 4.197E-33 3.746E-12.00790.008  354.37320.030.000037              3              0                    Q  2m     582220 3 3 2 3 2 2     5.0    5.0
45111735.209000 9.872E-80 2.937E-08.02080.02124287.91530.700.000739             14              7                    S  0q     352220 1 1 2 3 2 2     5.0    1.0
45111739.074500 1.699E-60 3.406E-08.00920.00915537.17360.540.000546              6              2                    Q 12q     352220 1 1 2 3 2 2    25.0   25.0
45111739.074884 8.818E-63 1.767E-10.00850.00815537.17360.060.000056              6              2                    Q 12m     582220 3 3 2 3 2 2    25.0   25.0
45111742.688200 6.507E-56 9.814E-09.01250.01312778.81530.570.000467              7              3                    O  4q     352220 1 1 2 3 2 2     5.0    9.0
45111750.811900 2.639E-78 2.583E-07.01610.01624353.88360.700.000792             12              6                    S  8q     352220 1 1 2 3 2 2    21.0   17.0
45111760.270900 1.898E-78 9.338E-10.01300.01323656.40580.700.000685              5              0                    Q 23q     352220 1 1 2 3 2 2   141.0  141.0
45111760.271244 3.314E-80 1.632E-11.01200.01223656.40580.120.000074              5              0                    Q 23m     582220 3 3 2 3 2 2   141.0  141.0
45111765.000900 1.646E-28 2.603E-08.00900.009  118.48690.620.000338              3              0                    Q  1q     352220 1 1 2 3 2 2     9.0    9.0
45111765.001210 7.878E-33 1.249E-12.00860.009  118.48690.030.000033              3              0                    Q  1m     582220 3 3 2 3 2 2     9.0    9.0
45111770.724500 1.276E-66 6.616E-07.00960.01019256.38140.610.000583              8              4                    S  9q     352220 1 1 2 3 2 2    69.0   57.0
45111775.816400 1.883E-46 2.371E-09.01270.013 8298.60140.600.000435              4              0                    O 12q     352220 1 1 2 3 2 2    21.0   25.0
45111779.968300 9.188E-52 2.993E-09.00960.01010955.61770.600.000492              6              2                    O  7q     352220 1 1 2 3 2 2    33.0   45.0
45111780.392156 5.810E-80 1.375E-10.03940.03923831.67230.110.000075             11              5                    Q 11m     582220 3 3 2 3 2 2    69.0   69.0
45111780.392800 1.368E-77 3.235E-08.01590.01623831.67230.660.000790             11              5                    Q 11q     352220 1 1 2 3 2 2    69.0   69.0
45111784.337400 2.369E-76 3.972E-09.01610.01622661.60190.700.000648              8              2                    O 18q     352220 1 1 2 3 2 2    33.0   37.0
45111786.519377 5.559E-74 1.275E-10.02810.02820894.89090.050.000066             10              5                    Q  7m     582220 3 3 2 3 2 2    45.0   45.0
45111786.519500 3.052E-71 6.998E-08.01290.01320894.89090.670.000651             10              5                    Q  7q     352220 1 1 2 3 2 2    45.0   45.0
45111795.931300 5.642E-60 1.417E-07.01080.01115250.36570.700.000469              8              4                    S  0q     352220 1 1 2 3 2 2     5.0    1.0
45111797.358700 5.746E-63 3.281E-09.00910.00916304.80690.530.000547              4              0                    Q 18q     352220 1 1 2 3 2 2    37.0   37.0
45111797.359093 6.485E-65 3.697E-11.00910.00916304.80690.080.000057              4              0                    Q 18m     582220 3 3 2 3 2 2    37.0   37.0
45111805.044500 4.096E-52 2.849E-07.01020.01012031.60910.540.000473              4              1                    S 12q     352220 1 1 2 3 2 2    29.0   25.0
45111809.805900 2.735E-58 4.898E-08.00660.00714881.55250.540.000501              3              0                    S 17q     352220 1 1 2 3 2 2   117.0  105.0
45111811.747200 7.261E-78 2.754E-10.01540.01522735.58600.590.000841             12              6                    O  5q     352220 1 1 2 3 2 2    21.0   33.0
45111818.077300 5.417E-37 2.096E-07.00980.010 4831.39150.600.000378              4              1                    S  3q     352220 1 1 2 3 2 2    33.0   21.0
45111824.040600 8.970E-71 3.161E-07.01000.01020918.19810.700.000624              7              3                    S 14q     352220 1 1 2 3 2 2    33.0   29.0
45111829.920500 1.442E-60 1.363E-08.00890.00915649.59370.500.000548              5              1                    Q 15q     352220 1 1 2 3 2 2    93.0   93.0
45111829.920988 1.155E-62 1.092E-10.00840.00815649.59370.070.000057              5              1                    Q 15m     582220 3 3 2 3 2 2    93.0   93.0
45111840.519300 9.487E-66 1.008E-08.01210.01217771.57110.560.000573              7              2                    O 14q     352220 1 1 2 3 2 2    25.0   29.0
45111874.857100 8.922E-58 6.430E-08.00970.01014495.44310.620.000532              7              3                    Q  7q     352220 1 1 2 3 2 2    45.0   45.0
45111874.857556 1.700E-60 1.226E-10.01010.01014495.44310.030.000052              7              3                    Q  7m     582220 3 3 2 3 2 2    45.0   45.0
45111895.729100 3.584E-75 4.531E-07.01290.01323016.22250.670.000602             10              5                    S 10q     352220 1 1 2 3 2 2    25.0   21.0
45111899.505118 1.061E-79 6.615E-11.03390.03423209.75760.100.000073             12              6                    Q  6m     582220 3 3 2 3 2 2    13.0   13.0
45111899.505800 7.731E-77 4.818E-08.01580.01623209.75760.640.000758             12              6                    Q  6q     352220 1 1 2 3 2 2    13.0   13.0
45111900.486700 1.534E-65 6.735E-07.00970.01018499.22170.620.000584              8              4                    S  8q     352220 1 1 2 3 2 2    21.0   17.0
45111907.498500 2.628E-49 3.101E-07.01020.01010926.97290.550.000464              4              1                    S 11q     352220 1 1 2 3 2 2    81.0   69.0
45111913.102300 2.466E-59 2.391E-07.01070.01115345.80980.700.000481              8              4                    S  1q     352220 1 1 2 3 2 2    21.0    9.0
45111919.011700 2.938E-38 2.491E-07.00950.010 5271.37940.590.000386              4              1                    S  4q     352220 1 1 2 3 2 2    13.0    9.0
45111940.103413 9.773E-74 1.938E-10.02780.02820947.42170.080.000067              9              4                    Q 11m     582220 3 3 2 3 2 2    69.0   69.0
45111940.103500 2.227E-71 4.412E-08.01290.01320947.42170.670.000675              9              4                    Q 11q     352220 1 1 2 3 2 2    69.0   69.0
45111941.987700 1.573E-67 1.123E-08.01300.01318499.22170.680.000696              9              4                    O  8q     352220 1 1 2 3 2 2    13.0   17.0
45111942.890600 8.221E-75 1.412E-08.01590.01622251.10950.670.000838             11              5                    O  9q     352220 1 1 2 3 2 2    45.0   57.0
45111948.922000 6.023E-70 7.944E-09.01220.01219376.02850.550.000644             10              5                    O  4q     352220 1 1 2 3 2 2     5.0    9.0
45111961.869600 4.478E-77 2.339E-07.01300.01323836.65360.700.000721              9              4                    S 14q     352220 1 1 2 3 2 2    33.0   29.0
45111972.275000 2.569E-65 1.656E-08.01260.01317833.76470.610.000600              8              3                    O 11q     352220 1 1 2 3 2 2    57.0   69.0
45111981.991400 2.428E-54 3.110E-08.01310.01312384.08180.590.000428              7              3                    O  3q     352220 1 1 2 3 2 2     9.0   21.0
45111985.688700 1.350E-47 3.282E-07.01000.010 9883.73750.560.000456              4              1                    S 10q     352220 1 1 2 3 2 2    25.0   21.0
45111986.450100 4.381E-47 5.168E-09.00950.009 8908.44080.580.000478              5              1                    O  9q     352220 1 1 2 3 2 2    45.0   57.0
45111986.987900 7.018E-58 3.330E-08.00930.00914493.53840.550.000539              6              2                    Q 11q     352220 1 1 2 3 2 2    69.0   69.0
45111986.988327 3.187E-60 1.513E-10.00850.00814493.53840.050.000055              6              2                    Q 11m     582220 3 3 2 3 2 2    69.0   69.0
45111994.789300 8.175E-39 2.834E-07.00960.010 5813.92170.590.000413              4              1                    S  5q     352220 1 1 2 3 2 2    45.0   33.0
45111997.328700 1.155E-63 6.620E-07.00970.01017808.71100.620.000561              8              4                    S  7q     352220 1 1 2 3 2 2    57.0   45.0
45112002.705700 5.746E-60 3.322E-07.01330.01315535.74330.520.000495              8              4                    S  2q     352220 1 1 2 3 2 2     9.0    5.0
45112003.920800 1.391E-70 6.829E-08.01280.01320314.82630.660.000637             10              5                    Q  6q     352220 1 1 2 3 2 2    13.0   13.0
45112003.920810 1.960E-73 9.647E-11.02450.02420314.82630.050.000065             10              5                    Q  6m     582220 3 3 2 3 2 2    13.0   13.0
45112013.097100 3.728E-76 1.177E-09.01610.01622333.70200.700.000620              7              1                    O 20q     352220 1 1 2 3 2 2    37.0   41.0
45112013.500300 9.181E-56 6.092E-08.00660.00713485.98970.550.000492              3              0                    S 16q     352220 1 1 2 3 2 2    37.0   33.0
45112014.948500 1.508E-75 4.297E-09.01300.01322333.70200.700.000679              6              1                    Q 20q     352220 1 1 2 3 2 2    41.0   41.0
45112014.948833 2.082E-77 5.916E-11.01200.01222333.70200.120.000070              6              1                    Q 20m     582220 3 3 2 3 2 2    41.0   41.0
45112022.821000 3.039E-74 9.778E-09.01520.01522024.77160.580.000665              9              3                    O 15q     352220 1 1 2 3 2 2    81.0   93.0
45112022.912500 3.553E-78 1.059E-08.01910.01923831.67230.670.000958             12              5                    O 11q     352220 1 1 2 3 2 2    57.0   69.0
45112023.880895 2.264E-80 1.359E-10.03850.03823836.65360.140.000077             10              4                    Q 14m     582220 3 3 2 3 2 2    29.0   29.0
45112023.881400 3.243E-78 1.948E-08.01590.01623836.65360.660.000811             10              4                    Q 14q     352220 1 1 2 3 2 2    29.0   29.0
45112024.031100 9.100E-79 3.165E-09.01900.01923750.84490.660.001000             13              6                    O  7q     352220 1 1 2 3 2 2    33.0   45.0
45112026.513500 2.303E-64 3.753E-09.01210.01216936.25540.550.000556              6              1                    O 16q     352220 1 1 2 3 2 2    29.0   33.0
45112030.396300 6.009E-57 6.333E-08.00960.01013839.11330.610.000522              7              3                    Q  6q     352220 1 1 2 3 2 2    13.0   13.0
45112030.396743 8.744E-60 9.212E-11.01000.01013839.11330.030.000051              7              3                    Q  6m     582220 3 3 2 3 2 2    13.0   13.0
45112038.980900 4.356E-45 3.381E-07.01000.010 8908.44080.570.000447              4              1                    S  9q     352220 1 1 2 3 2 2    69.0   57.0
45112044.833000 1.492E-40 3.105E-07.00970.010 6454.38870.580.000403              4              1                    S  6q     352220 1 1 2 3 2 2    17.0   13.0
45112051.161800 8.371E-78 3.986E-09.01000.01023656.40580.700.000695              4              0                    S 23q     352220 1 1 2 3 2 2   153.0  141.0
45112053.074200 1.191E-71 1.284E-07.01000.01021400.68450.700.000645              6              2                    S 17q     352220 1 1 2 3 2 2   117.0  105.0
45112061.577300 6.536E-63 6.286E-07.00970.01017190.39110.630.000549              8              4                    S  6q     352220 1 1 2 3 2 2    17.0   13.0
45112063.381900 6.709E-60 4.220E-07.01300.01315818.28780.580.000492              8              4                    S  3q     352220 1 1 2 3 2 2    33.0   21.0
45112066.835600 1.054E-43 3.386E-07.00990.010 8007.58220.570.000438              4              1                    S  8q     352220 1 1 2 3 2 2    21.0   17.0
45112068.855800 1.497E-41 3.292E-07.00980.010 7187.52560.580.000430              4              1                    S  7q     352220 1 1 2 3 2 2    57.0   45.0
45112071.727300 1.602E-51 6.872E-10.00950.00910261.12850.580.000487              6              2                    O  6q     352220 1 1 2 3 2 2     9.0   13.0
45112084.697000 1.278E-28 2.158E-08.00910.009    0.00000.610.000333              3              0                    S  0q     352220 1 1 2 3 2 2     5.0    1.0
45112092.747300 5.157E-68 3.694E-07.01000.01019846.89020.700.000615              7              3                    S 13q     352220 1 1 2 3 2 2    93.0   81.0
45112093.080600 2.750E-74 1.623E-08.01600.01621869.42620.680.000813             10              4                    O 12q     352220 1 1 2 3 2 2    21.0   25.0
45112093.362100 2.000E-76 4.715E-09.01630.01622332.85580.700.000758             12              6                    O  4q     352220 1 1 2 3 2 2     5.0    9.0
45112093.624500 2.182E-61 5.749E-07.00980.01016649.46880.640.000538              8              4                    S  5q     352220 1 1 2 3 2 2    45.0   33.0
45112093.992300 5.144E-61 5.045E-07.00970.01016190.70270.620.000514              8              4                    S  4q     352220 1 1 2 3 2 2    13.0    9.0
45112103.739900 1.434E-76 2.926E-07.01610.01623750.84490.700.000776             12              6                    S  7q     352220 1 1 2 3 2 2    57.0   45.0
45112121.303600 1.281E-74 3.385E-08.01000.01022333.70200.700.000673              5              1                    S 20q     352220 1 1 2 3 2 2    45.0   41.0
45112122.136600 1.825E-58 1.332E-08.00890.00914399.22040.510.000540              5              1                    Q 14q     352220 1 1 2 3 2 2    29.0   29.0
45112122.136945 1.328E-60 9.659E-11.00840.00814399.22040.060.000057              5              1                    Q 14m     582220 3 3 2 3 2 2    29.0   29.0
45112124.317900 1.302E-43 2.207E-09.01270.013 7132.06350.590.000452              4              0                    O 11q     352220 1 1 2 3 2 2    57.0   69.0
45112126.895900 1.525E-59 3.209E-09.00910.00914881.55250.530.000539              4              0                    Q 17q     352220 1 1 2 3 2 2   105.0  105.0
45112126.896248 1.603E-61 3.369E-11.00910.00914881.55250.080.000058              4              0                    Q 17m     582220 3 3 2 3 2 2   105.0  105.0
45112131.040600 5.820E-72 2.457E-08.01210.01220918.19810.560.000658              8              3                    Q 14q     352220 1 1 2 3 2 2    29.0   29.0
45112131.040714 4.146E-74 1.748E-10.01580.01620918.19810.090.000068              8              3                    Q 14m     582220 3 3 2 3 2 2    29.0   29.0
45112136.371500 1.160E-78 8.233E-09.01910.01923836.65360.680.000933             11              4                    O 14q     352220 1 1 2 3 2 2    25.0   29.0
45112146.394000 9.593E-73 1.170E-08.01300.01321400.68450.700.000663              7              2                    Q 17q     352220 1 1 2 3 2 2   105.0  105.0
45112146.394190 9.881E-75 1.205E-10.01230.01221400.68450.100.000070              7              2                    Q 17m     582220 3 3 2 3 2 2   105.0  105.0
45112154.010900 1.094E-63 7.433E-10.01200.01216304.80690.550.000534              5              0                    O 18q     352220 1 1 2 3 2 2    33.0   37.0
45112157.622048 1.888E-78 4.828E-11.02820.02822735.58600.100.000072             12              6                    Q  5m     582220 3 3 2 3 2 2    33.0   33.0
45112157.622600 1.857E-75 4.748E-08.01550.01622735.58600.620.000724             12              6                    Q  5q     352220 1 1 2 3 2 2    33.0   33.0
45112164.792000 2.401E-55 6.265E-08.01310.01313265.26810.580.000511              7              3                    Q  5q     352220 1 1 2 3 2 2    33.0   33.0
45112164.792427 2.526E-58 6.583E-11.00940.00913265.26810.030.000050              7              3                    Q  5m     582220 3 3 2 3 2 2    33.0   33.0
45112178.148600 1.435E-76 1.901E-10.01610.01622170.50190.700.000595              6              0                    O 22q     352220 1 1 2 3 2 2    41.0   45.0
45112181.525700 4.170E-73 4.858E-07.01290.01322251.10950.680.000540             10              5                    S  9q     352220 1 1 2 3 2 2    69.0   57.0
45112182.865700 2.082E-68 2.893E-08.01740.01719026.00430.670.000521             10              5                    O  3q     352220 1 1 2 3 2 2     9.0   21.0
45112190.457480 4.080E-72 6.909E-11.02040.02019806.99550.050.000064             10              5                    Q  5m     582220 3 3 2 3 2 2    33.0   33.0
45112190.457500 3.965E-69 6.700E-08.01270.01319806.99550.630.000620             10              5                    Q  5q     352220 1 1 2 3 2 2    33.0   33.0
45112197.091400 2.270E-52 7.287E-08.00660.00712123.81910.550.000466              3              0                    S 15q     352220 1 1 2 3 2 2   105.0   93.0
45112203.218300 3.788E-54 1.057E-07.01210.01212084.69700.610.000406              7              3                    O  2q     352220 1 1 2 3 2 2     1.0    5.0
45112217.077200 2.428E-56 3.256E-08.00920.00913507.28160.550.000532              6              2                    Q 10q     352220 1 1 2 3 2 2    21.0   21.0
45112217.077552 9.468E-59 1.271E-10.00880.00913507.28160.050.000055              6              2                    Q 10m     582220 3 3 2 3 2 2    21.0   21.0
45112227.324831 7.544E-79 1.200E-10.03860.03923016.22250.120.000074             11              5                    Q 10m     582220 3 3 2 3 2 2    21.0   21.0
45112227.325300 1.988E-76 3.161E-08.01590.01623016.22250.660.000784             11              5                    Q 10q     352220 1 1 2 3 2 2    21.0   21.0
45112252.129800 6.246E-63 1.011E-08.01220.01216631.91060.560.000577              7              2                    O 13q     352220 1 1 2 3 2 2    69.0   81.0
45112259.091700 4.317E-70 4.253E-08.01290.01320074.41780.670.000666              9              4                    Q 10q     352220 1 1 2 3 2 2    21.0   21.0
45112259.091730 1.653E-72 1.629E-10.02780.02820074.41780.070.000066              9              4                    Q 10m     582220 3 3 2 3 2 2    21.0   21.0
45112265.594900 4.943E-28 3.641E-08.00950.010  118.48690.610.000348              3              0                    S  1q     352220 1 1 2 3 2 2    21.0    9.0
45112268.456400 6.265E-66 6.485E-09.01290.01317808.71100.680.000692              9              4                    O  7q     352220 1 1 2 3 2 2    33.0   45.0
45112277.591700 6.815E-55 6.242E-08.01290.01312778.81530.560.000495              7              3                    Q  4q     352220 1 1 2 3 2 2     9.0    9.0
45112277.592148 4.798E-58 4.403E-11.00900.00912778.81530.030.000052              7              3                    Q  4m     582220 3 3 2 3 2 2     9.0    9.0
45112284.503700 7.172E-76 8.806E-10.01300.01322170.50190.700.000660              5              0                    Q 22q     352220 1 1 2 3 2 2    45.0   45.0
45112284.504123 1.226E-77 1.508E-11.01200.01222170.50190.120.000073              5              0                    Q 22m     582220 3 3 2 3 2 2    45.0   45.0
45112307.244100 6.837E-46 3.691E-09.00950.009 8007.58220.580.000478              5              1                    O  8q     352220 1 1 2 3 2 2    13.0   17.0
45112315.970248 1.264E-80 3.385E-11.04930.04923750.84490.160.000079             13              6                    Q  7m     582220 3 3 2 3 2 2    45.0   45.0
45112315.971500 6.460E-78 1.729E-08.01890.01923750.84490.650.000887             13              6                    Q  7q     352220 1 1 2 3 2 2    45.0   45.0
45112329.368400 2.600E-66 4.153E-07.01000.01018816.74070.700.000607              7              3                    S 12q     352220 1 1 2 3 2 2    29.0   25.0
45112338.298100 6.806E-75 1.891E-08.01740.01722005.55020.700.000628             12              6                    O  3q     352220 1 1 2 3 2 2     9.0   21.0
45112346.140600 8.476E-69 6.631E-08.01250.01319376.02850.580.000596             10              5                    Q  4q     352220 1 1 2 3 2 2     9.0    9.0
45112346.140693 5.882E-72 4.609E-11.01600.01619376.02850.050.000063             10              5                    Q  4m     582220 3 3 2 3 2 2     9.0    9.0
45112346.381900 5.268E-74 1.066E-08.01590.01621542.11970.670.000838             11              5                    O  8q     352220 1 1 2 3 2 2    13.0   17.0
45112346.950300 2.973E-73 4.231E-09.01610.01621400.68450.700.000629              8              2                    O 17q     352220 1 1 2 3 2 2    93.0  105.0
45112347.910200 5.902E-64 1.479E-08.01250.01316904.05820.600.000608              8              3                    O 10q     352220 1 1 2 3 2 2    17.0   21.0
45112351.353000 7.381E-51 7.434E-11.01280.013 9654.19720.560.000478              6              2                    O  5q     352220 1 1 2 3 2 2    21.0   33.0
45112359.856100 4.987E-50 8.436E-08.01030.01010801.01210.540.000474              3              0                    S 14q     352220 1 1 2 3 2 2    33.0   29.0
45112368.381600 1.081E-53 6.322E-08.01320.01312384.08180.530.000468              7              3                    Q  3q     352220 1 1 2 3 2 2    21.0   21.0
45112368.382099 4.507E-57 2.640E-11.00880.00912384.08180.030.000048              7              3                    Q  3m     582220 3 3 2 3 2 2    21.0   21.0
45112371.428620 2.379E-78 3.263E-11.02200.02222332.85580.100.000070             12              6                    Q  4m     582220 3 3 2 3 2 2     9.0    9.0
45112371.429100 3.433E-75 4.706E-08.01630.01622332.85580.700.000709             12              6                    Q  4q     352220 1 1 2 3 2 2     9.0    9.0
45112387.123100 1.855E-69 1.619E-07.01000.01020161.71090.700.000652              6              2                    S 16q     352220 1 1 2 3 2 2    37.0   33.0
45112388.187200 5.787E-76 2.989E-07.01610.01623209.75760.700.000765             12              6                    S  6q     352220 1 1 2 3 2 2    17.0   13.0
45112390.047400 2.953E-68 1.050E-07.01540.01518760.34360.690.000452             10              5                    O  2q     352220 1 1 2 3 2 2     1.0    5.0
45112391.385000 1.880E-74 2.865E-07.01300.01322834.47140.700.000712              9              4                    S 13q     352220 1 1 2 3 2 2    93.0   81.0
45112398.959300 1.691E-55 1.302E-08.00900.00913191.15250.520.000518              5              1                    Q 13q     352220 1 1 2 3 2 2    81.0   81.0
45112398.959609 1.102E-57 8.520E-11.00840.00813191.15250.060.000056              5              1                    Q 13m     582220 3 3 2 3 2 2    81.0   81.0
45112420.387100 3.925E-72 4.978E-07.01300.01321542.11970.680.000579             10              5                    S  8q     352220 1 1 2 3 2 2    21.0   17.0
45112424.442100 9.154E-29 5.081E-08.01030.010  354.37320.620.000354              3              0                    S  2q     352220 1 1 2 3 2 2     9.0    5.0
45112428.855300 5.520E-54 3.185E-08.00930.00912584.71620.550.000526              6              2                    Q  9q     352220 1 1 2 3 2 2    57.0   57.0
45112428.855674 1.809E-56 1.048E-10.00850.00812584.71620.050.000054              6              2                    Q  9m     582220 3 3 2 3 2 2    57.0   57.0
45112433.714100 1.318E-78 1.295E-09.01880.01923209.75760.630.000995             13              6                    O  6q     352220 1 1 2 3 2 2     9.0   13.0
45112436.806500 1.156E-53 6.699E-08.01310.01312084.69700.670.000426              7              3                    Q  2q     352220 1 1 2 3 2 2     5.0    5.0
45112436.806928 2.273E-57 1.319E-11.00990.01012084.69700.050.000048              7              3                    Q  2m     582220 3 3 2 3 2 2     5.0    5.0
45112443.297100 3.933E-57 3.139E-09.00910.00913485.98970.530.000532              4              0                    Q 16q     352220 1 1 2 3 2 2    33.0   33.0
45112443.297510 3.811E-59 3.039E-11.00910.00913485.98970.070.000057              4              0                    Q 16m     582220 3 3 2 3 2 2    33.0   33.0
45112456.042700 3.255E-61 3.917E-09.01190.01215649.59370.530.000558              6              1                    O 15q     352220 1 1 2 3 2 2    81.0   93.0
45112468.301400 6.892E-42 1.962E-09.01300.013 6030.92030.580.000455              4              0                    O 10q     352220 1 1 2 3 2 2    17.0   21.0
45112470.895100 1.070E-67 6.677E-08.01440.01419026.00430.700.000558             10              5                    Q  3q     352220 1 1 2 3 2 2    21.0   21.0
45112470.895248 4.423E-71 2.764E-11.01260.01319026.00430.060.000057             10              5                    Q  3m     582220 3 3 2 3 2 2    21.0   21.0
45112482.585400 7.633E-53 9.310E-08.01240.01211883.48780.550.000428              7              3                    Q  1q     352220 1 1 2 3 2 2     9.0    9.0
45112482.585847 3.597E-57 4.394E-12.01230.01211883.48780.060.000045              7              3                    Q  1m     582220 3 3 2 3 2 2     9.0    9.0
45112496.387000 5.815E-75 6.785E-09.01000.01022170.50190.700.000663              4              0                    S 22q     352220 1 1 2 3 2 2    49.0   45.0
45112496.446400 3.043E-72 4.086E-09.01300.01320957.31230.700.000669              6              1                    Q 19q     352220 1 1 2 3 2 2   117.0  117.0
45112496.446911 4.028E-74 5.401E-11.01170.01220957.31230.110.000069              6              1                    Q 19m     582220 3 3 2 3 2 2   117.0  117.0
45112500.980000 7.670E-47 9.480E-08.01020.010 9523.79160.550.000465              3              0                    S 13q     352220 1 1 2 3 2 2    93.0   81.0
45112511.492300 2.677E-69 2.357E-08.01220.01219846.89020.560.000652              8              3                    Q 13q     352220 1 1 2 3 2 2    81.0   81.0
45112511.492592 1.737E-71 1.530E-10.01530.01519846.89020.090.000067              8              3                    Q 13m     582220 3 3 2 3 2 2    81.0   81.0
45112513.942800 3.886E-71 4.746E-08.01000.01020957.31230.700.000668              5              1                    S 19q     352220 1 1 2 3 2 2   129.0  117.0
45112534.396900 9.071E-64 4.510E-07.00840.00817833.76470.460.000607              7              3                    S 11q     352220 1 1 2 3 2 2    81.0   69.0
45112541.782498 1.602E-77 1.973E-11.01690.01722005.55020.100.000068             12              6                    Q  3m     582220 3 3 2 3 2 2    21.0   21.0
45112541.783000 3.851E-74 4.737E-08.01740.01722005.55020.700.000665             12              6                    Q  3q     352220 1 1 2 3 2 2    21.0   21.0
45112543.063800 1.933E-72 1.012E-08.01520.01520918.19810.580.000690              9              3                    O 14q     352220 1 1 2 3 2 2    25.0   29.0
45112545.167200 9.295E-75 7.177E-08.01940.01921757.00690.680.000564             12              6                    O  2q     352220 1 1 2 3 2 2     1.0    5.0
45112549.465300 5.752E-68 4.104E-08.01290.01319256.38140.670.000660              9              4                    Q  9q     352220 1 1 2 3 2 2    57.0   57.0
45112549.465458 1.875E-70 1.339E-10.02770.02819256.38140.070.000066              9              4                    Q  9m     582220 3 3 2 3 2 2    57.0   57.0
45112557.045914 6.853E-78 1.232E-10.03840.03822834.47140.130.000076             10              4                    Q 13m     582220 3 3 2 3 2 2    81.0   81.0
45112557.046200 1.052E-75 1.890E-08.01580.01622834.47140.650.000830             10              4                    Q 13q     352220 1 1 2 3 2 2    81.0   81.0
45112559.749200 7.630E-29 6.506E-08.00970.010  705.51890.610.000362              3              0                    S  3q     352220 1 1 2 3 2 2    33.0   21.0
45112561.944700 5.864E-72 1.557E-08.01600.01620947.42170.680.000819             10              4                    O 11q     352220 1 1 2 3 2 2    57.0   69.0
45112564.606900 9.630E-68 7.044E-08.01630.01618760.34360.680.000485             10              5                    Q  2q     352220 1 1 2 3 2 2     5.0    5.0
45112564.607119 1.885E-71 1.380E-11.00920.00918760.34360.080.000054             10              5                    Q  2m     582220 3 3 2 3 2 2     5.0    5.0
45112576.028100 1.192E-65 2.354E-09.01290.01317190.39110.660.000703              9              4                    O  6q     352220 1 1 2 3 2 2     9.0   13.0
45112580.527800 1.108E-70 1.118E-08.01300.01320161.71090.700.000671              7              2                    Q 16q     352220 1 1 2 3 2 2    33.0   33.0
45112580.528177 1.070E-72 1.079E-10.01230.01220161.71090.100.000069              7              2                    Q 16m     582220 3 3 2 3 2 2    33.0   33.0
45112581.722300 5.029E-77 1.046E-08.01910.01923016.22250.670.000969             12              5                    O 10q     352220 1 1 2 3 2 2    17.0   21.0
45112589.766200 8.315E-73 1.263E-09.01610.01620957.31230.700.000608              7              1                    O 19q     352220 1 1 2 3 2 2   105.0  117.0
45112597.961700 3.099E-60 7.945E-10.01200.01214881.55250.540.000534              5              0                    O 17q     352220 1 1 2 3 2 2    93.0  105.0
45112610.969600 1.406E-74 2.837E-07.01610.01622735.58600.700.000753             12              6                    S  5q     352220 1 1 2 3 2 2    45.0   33.0
45112614.475500 2.358E-70 4.889E-07.01290.01320894.89090.680.000568             10              5                    S  7q     352220 1 1 2 3 2 2    57.0   45.0
45112617.109300 7.288E-49 2.641E-09.01270.013 9139.89760.570.000438              6              2                    O  4q     352220 1 1 2 3 2 2     5.0    9.0
45112619.469900 5.200E-44 2.159E-09.01280.013 7187.52560.560.000456              5              1                    O  7q     352220 1 1 2 3 2 2    33.0   45.0
45112619.596700 9.902E-45 1.037E-07.01010.010 8298.60140.560.000438              3              0                    S 12q     352220 1 1 2 3 2 2    29.0   25.0
45112621.768800 9.855E-53 3.117E-08.00930.00911732.11480.550.000522              6              2                    Q  8q     352220 1 1 2 3 2 2    17.0   17.0
45112621.769295 2.645E-55 8.379E-11.00860.00911732.11480.040.000053              6              2                    Q  8m     582220 3 3 2 3 2 2    17.0   17.0
45112627.159700 5.665E-67 9.757E-08.01690.01718581.71030.680.000503             10              5                    Q  1q     352220 1 1 2 3 2 2     9.0    9.0
45112627.159917 2.666E-71 4.596E-12.01380.01418581.71030.080.000052             10              5                    Q  1m     582220 3 3 2 3 2 2     9.0    9.0
45112627.514284 6.634E-77 1.006E-10.03930.03922251.10950.120.000074             11              5                    Q  9m     582220 3 3 2 3 2 2    57.0   57.0
45112627.514600 2.019E-74 3.060E-08.01590.01622251.10950.660.000785             11              5                    Q  9q     352220 1 1 2 3 2 2    57.0   57.0
45112637.654786 4.507E-79 9.839E-11.02000.02023160.86820.150.000078              9              3                    Q 16m     582220 3 3 2 3 2 2    33.0   33.0
45112637.655000 4.632E-77 1.011E-08.01610.01623160.86820.700.000788              9              3                    Q 16q     352220 1 1 2 3 2 2    33.0   33.0
45112645.638800 7.109E-76 1.386E-07.01300.01323160.86820.700.000777              8              3                    S 16q     352220 1 1 2 3 2 2    37.0   33.0
45112652.857000 3.578E-61 9.921E-09.01210.01215537.17360.550.000579              7              2                    O 12q     352220 1 1 2 3 2 2    21.0   25.0
45112659.987100 1.371E-53 1.272E-08.00910.00912031.60910.530.000525              5              1                    Q 12q     352220 1 1 2 3 2 2    25.0   25.0
45112659.987415 7.901E-56 7.359E-11.00840.00812031.60910.060.000055              5              1                    Q 12m     582220 3 3 2 3 2 2    25.0   25.0
45112669.210668 6.281E-78 9.907E-12.01190.01221757.00690.120.000064             12              6                    Q  2m     582220 3 3 2 3 2 2     5.0    5.0
45112669.211000 3.171E-74 4.994E-08.01700.01721757.00690.700.000589             12              6                    Q  2q     352220 1 1 2 3 2 2     5.0    5.0
45112670.315800 3.758E-30 7.868E-08.00940.009 1168.79750.610.000369              3              0                    S  4q     352220 1 1 2 3 2 2    13.0    9.0
45112690.761400 2.176E-66 1.945E-07.01000.01018950.12220.700.000639              6              2                    S 15q     352220 1 1 2 3 2 2   105.0   93.0
45112699.666800 1.822E-77 4.571E-09.01920.01923160.86820.700.000763             10              3                    O 16q     352220 1 1 2 3 2 2    29.0   33.0
45112708.032200 2.630E-62 4.747E-07.00860.00916904.05820.480.000598              7              3                    S 10q     352220 1 1 2 3 2 2    25.0   21.0
45112709.209676 4.109E-80 2.922E-11.04330.04323209.75760.150.000078             13              6                    Q  6m     582220 3 3 2 3 2 2    13.0   13.0
45112709.210800 2.649E-77 1.883E-08.01870.01923209.75760.630.000879             13              6                    Q  6q     352220 1 1 2 3 2 2    13.0   13.0
45112709.351600 8.503E-62 1.241E-08.01240.01216033.74170.600.000614              8              3                    O  9q     352220 1 1 2 3 2 2    45.0   57.0
45112714.826700 8.419E-42 1.104E-07.00990.010 7132.06350.570.000429              3              0                    S 11q     352220 1 1 2 3 2 2    81.0   69.0
45112720.638400 1.861E-72 6.778E-09.01590.01620894.89090.670.000836             11              5                    O  7q     352220 1 1 2 3 2 2    33.0   45.0
45112739.112600 5.923E-53 8.285E-08.01380.01411782.39090.670.000457              7              3                    S  0q     352220 1 1 2 3 2 2     5.0    1.0
45112746.340600 7.757E-54 3.070E-09.00910.00912123.81910.540.000526              4              0                    Q 15q     352220 1 1 2 3 2 2    93.0   93.0
45112746.340943 6.853E-56 2.711E-11.00930.00912123.81910.070.000057              4              0                    Q 15m     582220 3 3 2 3 2 2    93.0   93.0
45112754.024505 8.397E-78 3.309E-12.01860.01921589.82350.120.000058             12              6                    Q  1m     582220 3 3 2 3 2 2     9.0    9.0
45112754.024800 1.757E-73 6.913E-08.01760.01821589.82350.700.000599             12              6                    Q  1q     352220 1 1 2 3 2 2     9.0    9.0
45112755.253500 9.235E-31 9.101E-08.00950.009 1740.18960.600.000394              3              0                    S  5q     352220 1 1 2 3 2 2    45.0   33.0
45112765.387400 1.086E-69 4.611E-07.01300.01320314.82630.680.000504             10              5                    S  6q     352220 1 1 2 3 2 2    17.0   13.0
45112765.847000 5.402E-73 2.044E-10.01610.01620687.91170.700.000598              6              0                    O 21q     352220 1 1 2 3 2 2   117.0  129.0
45112769.296700 6.918E-73 3.296E-07.01300.01321869.42620.700.000728              9              4                    S 12q     352220 1 1 2 3 2 2    29.0   25.0
45112776.407600 2.494E-74 2.524E-07.01610.01622332.85580.700.000719             12              6                    S  4q     352220 1 1 2 3 2 2    13.0    9.0
45112777.593700 4.100E-76 8.956E-09.01910.01922834.47140.670.001003             11              4                    O 13q     352220 1 1 2 3 2 2    69.0   81.0
45112783.343400 2.427E-72 8.350E-10.01300.01320687.91170.700.000669              5              0                    Q 21q     352220 1 1 2 3 2 2   129.0  129.0
45112783.343877 4.000E-74 1.357E-11.01200.01220687.91170.120.000070              5              0                    Q 21m     572220 3 3 2 3 2 2   129.0  129.0
45112785.820400 5.632E-40 1.146E-07.01000.010 6030.92030.570.000438              3              0                    S 10q     352220 1 1 2 3 2 2    25.0   21.0
45112795.227200 1.084E-50 3.055E-08.00930.00910955.61770.550.000502              6              2                    Q  7q     352220 1 1 2 3 2 2    45.0   45.0
45112795.227609 2.309E-53 6.519E-11.00830.00810955.61770.030.000053              6              2                    Q  7m     582220 3 3 2 3 2 2    45.0   45.0
45112795.643700 1.610E-78 7.166E-11.01920.01922735.58600.700.000986             13              6                    O  5q     352220 1 1 2 3 2 2    21.0   33.0
45112806.748100 2.142E-39 1.635E-09.00960.010 5001.96290.600.000458              4              0                    O  9q     352220 1 1 2 3 2 2    45.0   57.0
45112811.533900 6.310E-67 3.966E-08.01290.01318499.22170.670.000657              9              4                    Q  8q     352220 1 1 2 3 2 2    17.0   17.0
45112811.534110 1.702E-69 1.072E-10.02760.02818499.22170.070.000065              9              4                    Q  8m     582220 3 3 2 3 2 2    17.0   17.0
45112813.992300 1.450E-32 1.014E-07.00960.010 2414.89700.600.000384              3              0                    S  6q     352220 1 1 2 3 2 2    17.0   13.0
45112831.801800 2.320E-37 1.160E-07.00990.010 5001.96290.580.000410              3              0                    S  9q     352220 1 1 2 3 2 2    69.0   57.0
45112833.020900 4.310E-67 8.920E-08.01420.01418491.92960.700.000681             10              5                    S  0q     352220 1 1 2 3 2 2     5.0    1.0
45112846.271200 1.219E-33 1.092E-07.00970.010 3187.47050.590.000392              3              0                    S  7q     352220 1 1 2 3 2 2    57.0   45.0
45112850.298700 4.982E-60 4.846E-07.00880.00916033.74170.500.000590              7              3                    S  9q     352220 1 1 2 3 2 2    69.0   57.0
45112852.115200 7.017E-36 1.141E-07.00980.010 4051.94300.590.000420              3              0                    S  8q     352220 1 1 2 3 2 2    21.0   17.0
45112863.395100 1.244E-65 7.945E-11.01260.01316649.46880.620.000700              9              4                    O  5q     352220 1 1 2 3 2 2    21.0   33.0
45112865.378000 1.121E-67 2.262E-08.01220.01218816.74070.570.000646              8              3                    Q 12q     352220 1 1 2 3 2 2    25.0   25.0
45112865.378388 6.510E-70 1.314E-10.01530.01518816.74070.080.000066              8              3                    Q 12m     582220 3 3 2 3 2 2    25.0   25.0
45112867.121500 4.160E-47 1.146E-08.01350.013 8722.70200.600.000433              6              2                    O  3q     352220 1 1 2 3 2 2     9.0   21.0
45112868.975600 2.598E-52 1.443E-07.01070.01111883.48780.700.000470              7              3                    S  1q     352220 1 1 2 3 2 2    21.0    9.0
45112874.414900 3.015E-68 4.167E-07.01300.01319806.99550.680.000546             10              5                    S  5q     352220 1 1 2 3 2 2    45.0   33.0
45112877.027700 4.229E-59 4.041E-09.01300.01314399.22040.700.000558              6              1                    O 14q     352220 1 1 2 3 2 2    25.0   29.0
45112877.308700 1.139E-68 6.184E-08.01000.01019595.53450.700.000658              5              1                    S 18q     352220 1 1 2 3 2 2    41.0   37.0
45112887.527800 3.719E-71 4.482E-09.01610.01620161.71090.700.000631              8              2                    O 16q     352220 1 1 2 3 2 2    29.0   33.0
45112887.658400 2.546E-73 2.104E-07.01630.01622005.55020.700.000661             12              6                    S  3q     352220 1 1 2 3 2 2    33.0   21.0
45112904.699400 7.634E-51 1.242E-08.00910.00910926.97290.530.000518              5              1                    Q 11q     352220 1 1 2 3 2 2    69.0   69.0
45112904.699734 3.831E-53 6.258E-11.00840.00810926.97290.050.000055              5              1                    Q 11m     582220 3 3 2 3 2 2    69.0   69.0
45112908.285500 4.268E-79 4.521E-10.02230.02223209.75760.700.001141             14              6                    O  6q     352220 1 1 2 3 2 2     9.0   13.0
45112912.471500 3.121E-71 1.002E-08.01000.01020687.91170.700.000673              4              0                    S 21q     352220 1 1 2 3 2 2   141.0  129.0
45112915.189100 2.035E-66 1.571E-07.01390.01418581.71030.700.000642             10              5                    S  1q     352220 1 1 2 3 2 2    21.0    9.0
45112920.438400 1.330E-73 6.425E-08.01760.01821505.77950.700.000610             12              6                    S  0q     352220 1 1 2 3 2 2     5.0    1.0
45112921.639800 1.808E-43 8.179E-10.00950.009 6454.38870.580.000471              5              1                    O  6q     352220 1 1 2 3 2 2     9.0   13.0
45112942.718600 6.043E-68 3.597E-07.01510.01519376.02850.630.000458             10              5                    S  4q     352220 1 1 2 3 2 2    13.0    9.0
45112947.278000 1.782E-73 1.628E-07.01740.01721757.00690.700.000671             12              6                    S  2q     352220 1 1 2 3 2 2     9.0    5.0
45112948.629100 8.790E-50 3.003E-08.00930.00910261.12850.550.000510              6              2                    Q  6q     352220 1 1 2 3 2 2    13.0   13.0
45112948.629581 1.427E-52 4.883E-11.00830.00810261.12850.030.000050              6              2                    Q  6m     582220 3 3 2 3 2 2    13.0   13.0
45112953.299500 6.401E-70 3.897E-09.01300.01319595.53450.700.000650              6              1                    Q 18q     352220 1 1 2 3 2 2    37.0   37.0
45112953.299924 8.007E-72 4.865E-11.01170.01219595.53450.110.000070              6              1                    Q 18m     582220 3 3 2 3 2 2    37.0   37.0
45112956.802600 1.656E-75 2.483E-07.01590.01623016.22250.660.000714             11              5                    S 10q     352220 1 1 2 3 2 2    25.0   21.0
45112957.509700 6.528E-73 1.136E-07.01700.01721589.82350.700.000681             12              6                    S  1q     352220 1 1 2 3 2 2    21.0    9.0
45112961.141300 7.381E-59 4.799E-07.00900.00915228.88930.520.000579              7              3                    S  8q     352220 1 1 2 3 2 2    21.0   17.0
45112961.825500 5.221E-67 2.258E-07.01440.01418760.34360.700.000423             10              5                    S  2q     352220 1 1 2 3 2 2     9.0    5.0
45112964.855100 2.328E-64 2.247E-07.01000.01017771.57110.700.000626              6              2                    S 14q     352220 1 1 2 3 2 2    33.0   29.0
45112971.448700 6.855E-67 2.945E-07.01440.01419026.00430.580.000402             10              5                    S  3q     352220 1 1 2 3 2 2    33.0   21.0
45112971.710000 5.884E-53 2.061E-07.01350.01312084.69700.520.000483              7              3                    S  2q     352220 1 1 2 3 2 2     9.0    5.0
45112984.123315 4.747E-76 8.130E-11.03840.03821542.11970.110.000070             11              5                    Q  8m     582220 3 3 2 3 2 2    17.0   17.0
45112984.123500 1.724E-73 2.952E-08.01590.01621542.11970.660.000782             11              5                    Q  8q     352220 1 1 2 3 2 2    17.0   17.0
45112989.515300 1.012E-67 1.070E-08.01300.01318950.12220.700.000660              7              2                    Q 15q     352220 1 1 2 3 2 2    93.0   93.0
45112989.515626 9.025E-70 9.529E-11.01230.01218950.12220.100.000066              7              2                    Q 15m     582220 3 3 2 3 2 2    93.0   93.0
45113005.795900 1.045E-70 1.431E-08.01600.01620074.41780.670.000829             10              4                    O 10q     352220 1 1 2 3 2 2    17.0   21.0
45113035.367300 8.472E-58 8.445E-10.01190.01213485.98970.540.000535              5              0                    O 16q     352220 1 1 2 3 2 2    29.0   33.0
45113035.641500 1.401E-51 3.000E-09.00920.00910801.01210.550.000519              4              0                    Q 14q     352220 1 1 2 3 2 2    29.0   29.0
45113035.641852 1.117E-53 2.391E-11.00910.00910801.01210.070.000056              4              0                    Q 14m     582220 3 3 2 3 2 2    29.0   29.0
45113039.289072 7.633E-79 2.246E-11.03570.03622735.58600.140.000077             13              6                    Q  5m     582220 3 3 2 3 2 2    33.0   33.0
45113039.290000 6.620E-76 1.947E-08.01920.01922735.58600.700.000856             13              6                    Q  5q     352220 1 1 2 3 2 2    33.0   33.0
45113040.507300 6.711E-57 4.605E-07.00900.00914495.44310.520.000567              7              3                    S  7q     352220 1 1 2 3 2 2    57.0   45.0
45113040.635000 9.179E-70 1.031E-08.01510.01519846.89020.570.000673              9              3                    O 13q     352220 1 1 2 3 2 2    69.0   81.0
45113042.412000 1.390E-58 9.452E-09.01190.01214493.53840.540.000581              7              2                    O 11q     352220 1 1 2 3 2 2    57.0   69.0
45113042.525220 1.863E-76 1.074E-10.03840.03821869.42620.130.000075             10              4                    Q 12m     582220 3 3 2 3 2 2    25.0   25.0
45113042.525400 3.146E-74 1.814E-08.01580.01621869.42620.650.000817             10              4                    Q 12q     352220 1 1 2 3 2 2    25.0   25.0
45113045.355900 4.478E-65 3.844E-08.01290.01317808.71100.670.000651              9              4                    Q  7q     352220 1 1 2 3 2 2    45.0   45.0
45113045.356252 9.669E-68 8.309E-11.02750.02717808.71100.060.000064              9              4                    Q  7m     582220 3 3 2 3 2 2    45.0   45.0
45113045.978300 6.478E-53 2.682E-07.00950.01012384.08180.560.000517              7              3                    S  3q     352220 1 1 2 3 2 2    33.0   21.0
45113055.805700 8.902E-61 9.487E-09.01240.01215228.88930.600.000614              8              3                    O  8q     352220 1 1 2 3 2 2    13.0   17.0
45113065.275600 3.640E-72 3.058E-09.01580.01620314.82630.650.000860             11              5                    O  6q     352220 1 1 2 3 2 2     9.0   13.0
45113081.388800 4.123E-48 2.964E-08.00920.009 9654.19720.550.000501              6              2                    Q  5q     352220 1 1 2 3 2 2    33.0   33.0
45113081.389208 4.831E-51 3.480E-11.00830.008 9654.19720.030.000052              6              2                    Q  5m     582220 3 3 2 3 2 2    33.0   33.0
45113088.418400 4.479E-56 4.273E-07.00920.00913839.11330.550.000542              7              3                    S  6q     352220 1 1 2 3 2 2    17.0   13.0
45113088.471953 2.799E-79 5.104E-11.04930.04923016.22250.160.000079             12              5                    Q 10m     582220 3 3 2 3 2 2    21.0   21.0
45113088.473000 6.597E-77 1.202E-08.01890.01923016.22250.650.000920             12              5                    Q 10q     352220 1 1 2 3 2 2    21.0   21.0
45113090.694300 4.550E-54 3.280E-07.00920.00912778.81530.550.000533              7              3                    S  4q     352220 1 1 2 3 2 2    13.0    9.0
45113095.446100 4.612E-75 9.522E-09.01910.01922251.10950.670.000980             12              5                    O  9q     352220 1 1 2 3 2 2    45.0   57.0
45113099.418600 8.087E-47 4.467E-08.01260.013 8406.36090.620.000421              6              2                    O  2q     352220 1 1 2 3 2 2     1.0    5.0
45113100.170900 1.780E-70 3.616E-07.01300.01320947.42170.700.000710              9              4                    S 11q     352220 1 1 2 3 2 2    81.0   69.0
45113105.032100 1.721E-54 3.822E-07.00930.00913265.26810.560.000548              7              3                    S  5q     352220 1 1 2 3 2 2    45.0   33.0
45113110.132800 2.696E-77 7.470E-10.01920.01922332.85580.700.000911             13              6                    O  4q     352220 1 1 2 3 2 2     5.0    9.0
45113110.831800 5.830E-73 1.721E-07.01300.01322024.77160.700.000759              8              3                    S 15q     352220 1 1 2 3 2 2   105.0   93.0
45113129.039800 5.339E-64 1.604E-09.01220.01216190.70270.550.000644              9              4                    O  4q     352220 1 1 2 3 2 2     5.0    9.0
45113132.485000 3.489E-49 1.212E-08.00920.009 9883.73750.540.000513              5              1                    Q 10q     352220 1 1 2 3 2 2    21.0   21.0
45113132.485302 1.498E-51 5.227E-11.00860.009 9883.73750.050.000054              5              1                    Q 10m     582220 3 3 2 3 2 2    21.0   21.0
45113136.921300 8.709E-77 1.815E-09.01920.01922661.60190.700.000707              9              2                    O 18q     352220 1 1 2 3 2 2    33.0   37.0
45113138.448100 4.514E-38 1.240E-09.00960.010 4051.94300.600.000458              4              0                    O  8q     352220 1 1 2 3 2 2    13.0   17.0
45113144.904961 2.986E-78 5.541E-11.01570.01622661.60190.150.000078              8              2                    Q 18m     582220 3 3 2 3 2 2    37.0   37.0
45113144.905100 2.342E-76 4.358E-09.01610.01622661.60190.700.000741              8              2                    Q 18q     352220 1 1 2 3 2 2    37.0   37.0
45113146.704200 1.928E-70 1.356E-09.01610.01619595.53450.700.000610              7              1                    O 18q     352220 1 1 2 3 2 2    33.0   37.0
45113192.958200 1.340E-47 2.949E-08.00950.010 9139.89760.560.000467              6              2                    Q  4q     352220 1 1 2 3 2 2     9.0    9.0
45113192.958626 1.049E-50 2.314E-11.00830.008 9139.89760.030.000049              6              2                    Q  4m     582220 3 3 2 3 2 2     9.0    9.0
45113193.341200 3.359E-65 2.172E-08.01220.01217833.76470.570.000646              8              3                    Q 11q     352220 1 1 2 3 2 2    69.0   69.0
45113193.341647 1.714E-67 1.110E-10.01530.01517833.76470.080.000066              8              3                    Q 11m     582220 3 3 2 3 2 2    69.0   69.0
45113201.084597 2.613E-76 8.837E-11.01990.02022024.77160.140.000077              9              3                    Q 15m     582220 3 3 2 3 2 2    93.0   93.0
45113201.084800 2.860E-74 9.663E-09.01610.01622024.77160.700.000775              9              3                    Q 15q     352220 1 1 2 3 2 2    93.0   93.0
45113209.785500 1.798E-61 2.511E-07.01000.01016631.91060.700.000605              6              2                    S 13q     352220 1 1 2 3 2 2    93.0   81.0
45113212.082600 4.814E-43 4.338E-11.00950.009 5813.92170.580.000464              5              1                    O  5q     352220 1 1 2 3 2 2    21.0   33.0
45113212.955300 2.599E-65 7.644E-08.01000.01018253.41720.700.000648              5              1                    S 17q     352220 1 1 2 3 2 2   117.0  105.0
45113234.864400 3.870E-75 6.587E-08.01300.01322661.60190.700.000739              7              2                    S 18q     352220 1 1 2 3 2 2    41.0   37.0
45113250.818300 2.463E-64 3.738E-08.01280.01317190.39110.660.000637              9              4                    Q  6q     352220 1 1 2 3 2 2    13.0   13.0
45113250.818651 4.081E-67 6.198E-11.02410.02417190.39110.060.000064              9              4                    Q  6m     582220 3 3 2 3 2 2    13.0   13.0
45113259.854900 8.865E-70 7.949E-10.01300.01319212.98830.700.000661              5              0                    Q 20q     352220 1 1 2 3 2 2    41.0   41.0
45113259.855374 1.390E-71 1.244E-11.01190.01219212.98830.100.000071              5              0                    Q 20m     582220 3 3 2 3 2 2    41.0   41.0
45113282.848200 2.368E-46 2.980E-08.01360.014 8722.70200.530.000466              6              2                    Q  3q     352220 1 1 2 3 2 2    21.0   21.0
45113282.848656 1.097E-49 1.384E-11.00880.009 8722.70200.040.000050              6              2                    Q  3m     582220 3 3 2 3 2 2    21.0   21.0
45113289.373800 3.952E-56 4.105E-09.01300.01313191.15250.700.000559              6              1                    O 13q     352220 1 1 2 3 2 2    69.0   81.0
45113299.109081 2.168E-74 6.334E-11.03900.03920894.89090.110.000073             11              5                    Q  7m     582220 3 3 2 3 2 2    45.0   45.0
45113299.109200 9.746E-72 2.845E-08.01590.01620894.89090.660.000775             11              5                    Q  7q     352220 1 1 2 3 2 2    45.0   45.0
45113302.005800 1.652E-68 1.358E-08.01000.01019212.98830.700.000661              4              0                    S 20q     352220 1 1 2 3 2 2    45.0   41.0
45113310.615023 9.827E-79 1.561E-11.02750.02722332.85580.150.000072             13              6                    Q  4m     582220 3 3 2 3 2 2     9.0    9.0
45113310.615900 1.248E-75 1.980E-08.01920.01922332.85580.700.000822             13              6                    Q  4q     352220 1 1 2 3 2 2     9.0    9.0
45113310.679800 1.821E-48 2.930E-09.00920.009 9523.79160.550.000513              4              0                    Q 13q     352220 1 1 2 3 2 2    81.0   81.0
45113310.680192 1.294E-50 2.082E-11.00910.009 9523.79160.070.000055              4              0                    Q 13m     582220 3 3 2 3 2 2    81.0   81.0
45113331.230400 5.138E-75 1.158E-07.01920.01922735.58600.700.000865             13              6                    S  5q     352220 1 1 2 3 2 2    45.0   33.0
45113332.244300 2.148E-78 1.038E-10.02230.02222735.58600.700.001131             14              6                    O  5q     352220 1 1 2 3 2 2    21.0   33.0
45113335.845700 2.196E-70 2.207E-10.01610.01619212.98830.700.000588              6              0                    O 20q     352220 1 1 2 3 2 2    37.0   41.0
45113342.668700 1.025E-46 1.183E-08.00910.009 8908.44080.540.000508              5              1                    Q  9q     352220 1 1 2 3 2 2    57.0   57.0
45113342.669030 3.690E-49 4.278E-11.00840.008 8908.44080.050.000053              5              1                    Q  9m     582220 3 3 2 3 2 2    57.0   57.0
45113350.646000 2.749E-46 3.154E-08.01230.012 8406.36090.510.000431              6              2                    Q  2q     352220 1 1 2 3 2 2     5.0    5.0
45113350.646404 6.002E-50 6.903E-12.00810.008 8406.36090.060.000045              6              2                    Q  2m     582220 3 3 2 3 2 2     5.0    5.0
45113360.955600 1.958E-73 2.744E-07.01590.01622251.10950.670.000668             11              5                    S  9q     352220 1 1 2 3 2 2    69.0   57.0
45113366.746000 1.255E-74 4.991E-09.01920.01922024.77160.700.000768             10              3                    O 15q     352220 1 1 2 3 2 2    81.0   93.0
45113371.276100 3.801E-62 1.077E-08.01740.01715818.28780.670.000521              9              4                    O  3q     352220 1 1 2 3 2 2     9.0   21.0
45113374.121600 1.289E-74 9.303E-09.01910.01921869.42620.670.000950             11              4                    O 12q     352220 1 1 2 3 2 2    21.0   25.0
45113374.538000 8.770E-66 1.025E-08.01300.01317771.57110.700.000642              7              2                    Q 14q     352220 1 1 2 3 2 2    29.0   29.0
45113374.538508 7.128E-68 8.320E-11.01250.01317771.57110.090.000067              7              2                    Q 14m     582220 3 3 2 3 2 2    29.0   29.0
45113376.701700 1.731E-75 5.652E-09.02060.02122005.55020.700.000736             13              6                    O  3q     352220 1 1 2 3 2 2     9.0   21.0
45113379.484700 1.413E-71 4.520E-10.01540.01519806.99550.590.000841             11              5                    O  5q     352220 1 1 2 3 2 2    21.0   33.0
45113386.226600 5.009E-59 6.255E-09.01250.01314495.44310.610.000610              8              3                    O  7q     352220 1 1 2 3 2 2    33.0   45.0
45113386.844100 3.860E-69 3.809E-07.01300.01320074.41780.700.000694              9              4                    S 10q     352220 1 1 2 3 2 2    25.0   21.0
45113387.466400 1.107E-66 3.725E-09.01300.01318253.41720.700.000656              6              1                    Q 17q     352220 1 1 2 3 2 2   105.0  105.0
45113387.466885 1.293E-68 4.346E-11.01170.01218253.41720.110.000069              6              1                    Q 17m     582220 3 3 2 3 2 2   105.0  105.0
45113396.029200 1.917E-45 4.378E-08.01260.013 8193.79430.570.000434              6              2                    Q  1q     352220 1 1 2 3 2 2     9.0    9.0
45113396.029572 1.003E-49 2.297E-12.01210.012 8193.79430.090.000042              6              2                    Q  1m     582220 3 3 2 3 2 2     9.0    9.0
45113408.260300 3.647E-68 4.717E-09.01610.01618950.12220.700.000634              8              2                    O 15q     352220 1 1 2 3 2 2    81.0   93.0
45113420.250100 4.333E-57 8.661E-09.01200.01213507.28160.540.000572              7              2                    O 10q     352220 1 1 2 3 2 2    17.0   21.0
45113425.029000 1.206E-68 1.247E-08.01590.01619256.38140.670.000838             10              4                    O  9q     352220 1 1 2 3 2 2    45.0   57.0
45113425.595300 1.206E-59 2.726E-07.01000.01015537.17360.700.000609              6              2                    S 12q     352220 1 1 2 3 2 2    29.0   25.0
45113427.698600 8.254E-63 3.656E-08.01270.01316649.46880.630.000620              9              4                    Q  5q     352220 1 1 2 3 2 2    33.0   33.0
45113427.698994 9.930E-66 4.400E-11.02000.02016649.46880.060.000060              9              4                    Q  5m     582220 3 3 2 3 2 2    33.0   33.0
45113461.998300 4.743E-36 8.062E-10.01290.013 3187.47050.580.000435              4              0                    O  7q     352220 1 1 2 3 2 2    33.0   45.0
45113466.292700 1.756E-54 8.907E-10.01300.01312123.81910.700.000536              5              0                    O 15q     352220 1 1 2 3 2 2    81.0   93.0
45113472.805000 1.240E-76 4.924E-10.01920.01922333.70200.700.000650              8              1                    O 20q     352220 1 1 2 3 2 2    37.0   41.0
45113485.213372 3.605E-74 9.119E-11.03910.03920947.42170.120.000074             10              4                    Q 11m     582220 3 3 2 3 2 2    69.0   69.0
45113485.213500 6.845E-72 1.730E-08.01590.01620947.42170.660.000790             10              4                    Q 11q     352220 1 1 2 3 2 2    69.0   69.0
45113488.964200 1.499E-41 4.232E-10.01290.013 5271.37940.570.000450              5              1                    O  4q     352220 1 1 2 3 2 2     5.0    9.0
45113495.650200 8.615E-64 2.088E-08.01230.01216904.05820.570.000641              8              3                    Q 10q     352220 1 1 2 3 2 2    21.0   21.0
45113495.650620 3.790E-66 9.198E-11.01570.01616904.05820.080.000065              8              3                    Q 10m     582220 3 3 2 3 2 2    21.0   21.0
45113516.768800 3.880E-68 1.029E-08.01610.01618816.74070.700.000689              9              3                    O 12q     352220 1 1 2 3 2 2    21.0   25.0
45113521.724200 5.624E-63 9.081E-08.01000.01016936.25540.700.000638              5              1                    S 16q     352220 1 1 2 3 2 2    37.0   33.0
45113525.678732 6.693E-78 9.598E-12.02090.02122005.55020.160.000073             13              6                    Q  3m     582220 3 3 2 3 2 2    21.0   21.0
45113525.679500 1.413E-74 2.021E-08.02060.02122005.55020.700.000771             13              6                    Q  3q     352220 1 1 2 3 2 2    21.0   21.0
45113527.741200 4.369E-71 2.015E-07.01300.01320918.19810.700.000746              8              3                    S 14q     352220 1 1 2 3 2 2    33.0   29.0
45113534.537500 2.314E-45 1.155E-08.00910.009 8007.58220.540.000504              5              1                    Q  8q     352220 1 1 2 3 2 2    17.0   17.0
45113534.537829 6.809E-48 3.417E-11.00830.008 8007.58220.040.000053              5              1                    Q  8m     582220 3 3 2 3 2 2    17.0   17.0
45113562.764244 6.223E-78 2.250E-11.01490.01522333.70200.150.000078              7              1                    Q 20m     582220 3 3 2 3 2 2    41.0   41.0
45113562.764300 3.879E-76 1.409E-09.01610.01622333.70200.700.000738              7              1                    Q 20q     352220 1 1 2 3 2 2    41.0   41.0
45113567.143700 3.234E-74 7.905E-09.01910.01921542.11970.670.000980             12              5                    O  8q     352220 1 1 2 3 2 2    13.0   17.0
45113570.824800 2.035E-46 2.858E-09.00930.009 8298.60140.550.000506              4              0                    Q 12q     352220 1 1 2 3 2 2    25.0   25.0
45113570.825195 1.273E-48 1.789E-11.00910.009 8298.60140.060.000055              4              0                    Q 12m     582220 3 3 2 3 2 2    25.0   25.0
45113573.675242 7.533E-74 4.741E-11.03350.03420314.82630.100.000072             11              5                    Q  6m     582220 3 3 2 3 2 2    13.0   13.0
45113573.675300 4.380E-71 2.750E-08.01580.01620314.82630.640.000758             11              5                    Q  6q     352220 1 1 2 3 2 2    13.0   13.0
45113575.716500 2.021E-62 3.608E-08.01250.01316190.70270.580.000596              9              4                    Q  4q     352220 1 1 2 3 2 2     9.0    9.0
45113575.716986 1.632E-65 2.913E-11.01560.01616190.70270.060.000062              9              4                    Q  4m     582220 3 3 2 3 2 2     9.0    9.0
45113586.112600 9.962E-75 1.140E-07.01920.01922332.85580.700.000826             13              6                    S  4q     352220 1 1 2 3 2 2    13.0    9.0
45113588.297100 7.289E-62 4.861E-08.01540.01515535.74330.690.000452              9              4                    O  2q     352220 1 1 2 3 2 2     1.0    5.0
45113594.307600 2.946E-75 2.671E-08.02010.02021757.00690.700.000661             13              6                    O  2q     352220 1 1 2 3 2 2     1.0    5.0
45113603.474511 2.622E-77 4.618E-11.04930.04922251.10950.170.000078             12              5                    Q  9m     582220 3 3 2 3 2 2    57.0   57.0
45113603.475300 7.122E-75 1.253E-08.01890.01922251.10950.650.000902             12              5                    Q  9q     352220 1 1 2 3 2 2    57.0   57.0
45113612.098000 5.517E-57 2.876E-07.01000.01014493.53840.700.000582              6              2                    S 11q     352220 1 1 2 3 2 2    81.0   69.0
45113631.143800 5.568E-67 3.872E-07.01300.01319256.38140.700.000686              9              4                    S  9q     352220 1 1 2 3 2 2    69.0   57.0
45113662.114600 2.643E-71 4.557E-10.01630.01619376.02850.700.000758             11              5                    O  4q     352220 1 1 2 3 2 2     5.0    9.0
45113666.543600 7.012E-65 1.735E-08.01000.01017750.33200.700.000650              4              0                    S 19q     352220 1 1 2 3 2 2   129.0  117.0
45113670.004300 1.628E-45 4.147E-08.00970.010 8087.00260.520.000456              6              2                    S  0q     352220 1 1 2 3 2 2     5.0    1.0
45113685.980974 2.638E-78 4.852E-12.01450.01421757.00690.160.000069             13              6                    Q  2m     582220 3 3 2 3 2 2     5.0    5.0
45113685.981700 1.169E-74 2.149E-08.02010.02021757.00690.700.000693             13              6                    Q  2q     352220 1 1 2 3 2 2     5.0    5.0
45113686.220300 3.660E-67 1.453E-09.01610.01618253.41720.700.000619              7              1                    O 17q     352220 1 1 2 3 2 2    93.0  105.0
45113690.268500 3.062E-78 9.252E-11.02230.02222332.85580.700.001020             14              6                    O  4q     352220 1 1 2 3 2 2     5.0    9.0
45113692.749700 3.163E-54 4.087E-09.01300.01312031.60910.700.000559              6              1                    O 12q     352220 1 1 2 3 2 2    21.0   25.0
45113694.576100 2.844E-61 3.622E-08.01440.01415818.28780.700.000558              9              4                    Q  3q     352220 1 1 2 3 2 2    21.0   21.0
45113694.576441 1.364E-64 1.738E-11.01550.01515818.28780.220.000063              9              4                    Q  3m     582220 3 3 2 3 2 2    21.0   21.0
45113699.335700 1.576E-58 3.111E-09.01230.01213839.11330.570.000593              8              3                    O  6q     352220 1 1 2 3 2 2     9.0   13.0
45113701.428100 1.832E-72 2.827E-07.01590.01621542.11970.670.000624             11              5                    S  8q     352220 1 1 2 3 2 2    21.0   17.0
45113707.365300 3.144E-43 1.130E-08.00910.009 7187.52560.540.000500              5              1                    Q  7q     352220 1 1 2 3 2 2    45.0   45.0
45113707.365700 7.334E-46 2.649E-11.00890.009 7187.52560.050.000052              5              1                    Q  7m     582220 3 3 2 3 2 2    45.0   45.0
45113716.040500 2.762E-66 7.589E-10.01300.01317750.33200.700.000653              5              0                    Q 19q     352220 1 1 2 3 2 2   117.0  117.0
45113716.040945 4.073E-68 1.118E-11.01230.01217750.33200.110.000071              5              0                    Q 19m     582220 3 3 2 3 2 2   117.0  117.0
45113720.524683 1.427E-74 7.709E-11.02040.02020918.19810.130.000076              9              3                    Q 14m     582220 3 3 2 3 2 2    29.0   29.0
45113720.524800 1.696E-72 9.158E-09.01610.01620918.19810.700.000736              9              3                    Q 14q     352220 1 1 2 3 2 2    29.0   29.0
45113725.964400 4.253E-77 7.155E-11.01920.01922170.50190.700.000630              7              0                    O 22q     352220 1 1 2 3 2 2    41.0   45.0
45113732.490900 5.948E-72 8.322E-08.01300.01321400.68450.700.000768              7              2                    S 17q     352220 1 1 2 3 2 2   117.0  105.0
45113734.918847 3.172E-75 4.945E-11.01560.01621400.68450.150.000078              8              2                    Q 17m     582220 3 3 2 3 2 2   105.0  105.0
45113734.918900 2.639E-73 4.116E-09.01610.01621400.68450.700.000765              8              2                    Q 17q     352220 1 1 2 3 2 2   105.0  105.0
45113736.251000 5.664E-63 9.820E-09.01300.01316631.91060.700.000640              7              2                    Q 13q     352220 1 1 2 3 2 2    81.0   81.0
45113736.251441 4.142E-65 7.163E-11.01220.01216631.91060.080.000066              7              2                    Q 13m     582220 3 3 2 3 2 2    81.0   81.0
45113741.768100 6.720E-75 2.282E-08.01300.01322333.70200.700.000781              6              1                    S 20q     352220 1 1 2 3 2 2    45.0   41.0
45113750.318800 1.625E-39 3.121E-09.01340.013 4831.39150.600.000434              5              1                    O  3q     352220 1 1 2 3 2 2     9.0   21.0
45113768.966500 2.063E-55 2.952E-07.01000.01013507.28160.700.000589              6              2                    S 10q     352220 1 1 2 3 2 2    25.0   21.0
45113769.325800 1.052E-73 9.926E-08.01920.01922005.55020.700.000790             13              6                    S  3q     352220 1 1 2 3 2 2    33.0   21.0
45113772.298000 1.485E-61 2.009E-08.01230.01216033.74170.580.000627              8              3                    Q  9q     352220 1 1 2 3 2 2    57.0   57.0
45113772.298490 5.512E-64 7.467E-11.01520.01516033.74170.070.000064              8              3                    Q  9m     582220 3 3 2 3 2 2    57.0   57.0
45113775.805700 2.558E-35 3.906E-10.00950.010 2414.89700.600.000432              4              0                    O  6q     352220 1 1 2 3 2 2     9.0   13.0
45113783.999200 2.779E-61 3.814E-08.01630.01615535.74330.680.000485              9              4                    Q  2q     352220 1 1 2 3 2 2     5.0    5.0
45113783.999636 6.299E-65 8.645E-12.00870.00915535.74330.090.000054              9              4                    Q  2m     582220 3 3 2 3 2 2     5.0    5.0
45113785.185760 2.074E-79 3.697E-12.03310.03322332.85580.200.000078             14              6                    Q  4m     582220 3 3 2 3 2 2     9.0    9.0
45113785.187300 2.486E-76 4.231E-09.02230.02222332.85580.700.000936             14              6                    Q  4q     352220 1 1 2 3 2 2     9.0    9.0
45113785.584000 8.367E-55 7.523E-09.01300.01312584.71620.700.000588              7              2                    O  9q     352220 1 1 2 3 2 2    45.0   57.0
45113792.427715 3.536E-78 1.629E-12.02240.02221589.82350.170.000063             13              6                    Q  1m     582220 3 3 2 3 2 2     9.0    9.0
45113792.428400 6.488E-74 2.985E-08.02080.02121589.82350.700.000695             13              6                    Q  1q     352220 1 1 2 3 2 2     9.0    9.0
45113800.170800 1.890E-64 3.564E-09.01300.01316936.25540.700.000649              6              1                    Q 16q     352220 1 1 2 3 2 2    33.0   33.0
45113800.171244 2.037E-66 3.840E-11.01170.01216936.25540.100.000068              6              1                    Q 16m     582220 3 3 2 3 2 2    33.0   33.0
45113803.949900 9.153E-60 1.043E-07.01000.01015649.59370.700.000627              5              1                    S 15q     352220 1 1 2 3 2 2   105.0   93.0
45113808.533764 1.547E-72 3.365E-11.02770.02819806.99550.100.000071             11              5                    Q  5m     582220 3 3 2 3 2 2    33.0   33.0
45113808.533800 1.232E-69 2.671E-08.01550.01619806.99550.620.000724             11              5                    Q  5q     352220 1 1 2 3 2 2    33.0   33.0
45113811.755900 7.158E-45 7.448E-08.00970.010 8193.79430.520.000485              6              2                    S  1q     352220 1 1 2 3 2 2    21.0    9.0
45113815.358200 1.532E-43 2.785E-09.00930.009 7132.06350.560.000480              4              0                    Q 11q     352220 1 1 2 3 2 2    69.0   69.0
45113815.358681 8.316E-46 1.514E-11.00910.009 7132.06350.060.000054              4              0                    Q 11m     582220 3 3 2 3 2 2    69.0   69.0
45113815.706900 1.875E-75 4.309E-09.02200.02222251.10950.660.001120             13              5                    O  9q     352220 1 1 2 3 2 2    45.0   57.0
45113819.525400 1.049E-67 1.003E-08.01590.01618499.22170.670.000838             10              4                    O  8q     352220 1 1 2 3 2 2    13.0   17.0
45113825.171900 1.112E-73 1.984E-09.01920.01921400.68450.700.000706              9              2                    O 17q     352220 1 1 2 3 2 2    93.0  105.0
45113834.287800 6.405E-66 3.800E-07.01210.01218499.22170.560.000674              9              4                    S  8q     352220 1 1 2 3 2 2    21.0   17.0
45113843.754100 1.727E-60 5.277E-08.01690.01715345.80980.680.000503              9              4                    Q  1q     352220 1 1 2 3 2 2     9.0    9.0
45113843.754542 9.398E-65 2.871E-12.01470.01515345.80980.280.000047              9              4                    Q  1m     582220 3 3 2 3 2 2     9.0    9.0
45113860.437600 3.073E-42 1.107E-08.00920.009 6454.38870.550.000493              5              1                    Q  6q     352220 1 1 2 3 2 2    13.0   13.0
45113860.437948 5.460E-45 1.978E-11.00890.009 6454.38870.050.000054              5              1                    Q  6m     582220 3 3 2 3 2 2    13.0   13.0
45113886.464800 7.401E-74 7.780E-08.02060.02121757.00690.700.000771             13              6                    S  2q     352220 1 1 2 3 2 2     9.0    5.0
45113888.088885 5.964E-73 7.547E-11.03820.03820074.41780.120.000073             10              4                    Q 10m     582220 3 3 2 3 2 2    21.0   21.0
45113888.089000 1.302E-70 1.646E-08.01590.01620074.41780.660.000784             10              4                    Q 10q     352220 1 1 2 3 2 2    21.0   21.0
45113890.551600 7.614E-67 2.391E-10.01610.01617750.33200.700.000601              6              0                    O 19q     352220 1 1 2 3 2 2   105.0  117.0
45113890.584100 3.295E-52 9.293E-10.01190.01210801.01210.530.000538              5              0                    O 14q     352220 1 1 2 3 2 2    25.0   29.0
45113895.810100 4.948E-53 2.948E-07.01000.01012584.71620.700.000562              6              2                    S  9q     352220 1 1 2 3 2 2    69.0   57.0
45113900.744600 2.388E-68 2.260E-07.01300.01319846.89020.700.000730              8              3                    S 13q     352220 1 1 2 3 2 2    93.0   81.0
45113904.968200 1.658E-76 2.608E-10.01610.01622170.50190.700.000744              6              0                    Q 22q     352220 1 1 2 3 2 2    45.0   45.0
45113904.968249 3.258E-78 5.174E-12.01470.01522170.50190.170.000080              6              0                    Q 22m     582220 3 3 2 3 2 2    45.0   45.0
45113910.547600 3.352E-66 4.916E-09.01610.01617771.57110.700.000646              8              2                    O 14q     352220 1 1 2 3 2 2    25.0   29.0
45113911.745100 3.273E-69 5.931E-09.01740.01719026.00430.700.000628             11              5                    O  3q     352220 1 1 2 3 2 2     9.0   21.0
45113926.494900 1.573E-45 1.091E-07.01020.010 8406.36090.530.000499              6              2                    S  2q     352220 1 1 2 3 2 2     9.0    5.0
45113931.202400 2.852E-72 9.311E-09.01910.01920947.42170.670.000958             11              4                    O 11q     352220 1 1 2 3 2 2    57.0   69.0
45113937.209100 5.305E-74 2.982E-08.02080.02121505.77950.700.000739             13              6                    S  0q     352220 1 1 2 3 2 2     5.0    1.0
45113941.406200 2.677E-73 5.394E-08.02010.02021589.82350.700.000783             13              6                    S  1q     352220 1 1 2 3 2 2    21.0    9.0
45113972.082000 1.140E-65 1.001E-08.01610.01617833.76470.700.000689              9              3                    O 11q     352220 1 1 2 3 2 2    57.0   69.0
45113983.733200 1.083E-70 2.760E-07.01590.01620894.89090.670.000674             11              5                    S  7q     352220 1 1 2 3 2 2    57.0   45.0
45113984.883700 4.116E-76 1.469E-09.02380.02422005.55020.700.000810             14              6                    O  3q     352220 1 1 2 3 2 2     9.0   21.0
45113991.108800 3.285E-73 1.879E-07.01610.01621869.42620.700.000856             10              4                    S 12q     352220 1 1 2 3 2 2    29.0   25.0
45113992.244000 9.089E-52 2.860E-07.01000.01011732.11480.700.000550              6              2                    S  8q     352220 1 1 2 3 2 2    21.0   17.0
45113993.073800 1.695E-40 1.090E-08.00920.009 5813.92170.540.000486              5              1                    Q  5q     352220 1 1 2 3 2 2    33.0   33.0
45113993.074157 2.174E-43 1.407E-11.00880.009 5813.92170.050.000051              5              1                    Q  5m     582220 3 3 2 3 2 2    33.0   33.0
45113993.644000 1.312E-57 7.118E-10.01200.01213265.26810.540.000593              8              3                    O  5q     352220 1 1 2 3 2 2    21.0   33.0
45113993.753500 8.167E-73 5.321E-09.01920.01920918.19810.700.000799             10              3                    O 14q     352220 1 1 2 3 2 2    25.0   29.0
45113994.091100 4.087E-39 1.446E-08.01270.013 4497.83850.620.000430              5              1                    O  2q     352220 1 1 2 3 2 2     1.0    5.0
45113997.135700 4.617E-64 3.602E-07.01230.01217808.71100.580.000660              9              4                    S  7q     352220 1 1 2 3 2 2    57.0   45.0
45113998.317700 1.308E-72 5.769E-09.01900.01920894.89090.660.001000             12              5                    O  7q     352220 1 1 2 3 2 2    33.0   45.0
45114004.073400 2.602E-69 2.619E-08.01630.01619376.02850.700.000709             11              5                    Q  4q     352220 1 1 2 3 2 2     9.0    9.0
45114004.073405 2.204E-72 2.225E-11.02150.02219376.02850.100.000070             11              5                    Q  4m     582220 3 3 2 3 2 2     9.0    9.0
45114006.928900 2.920E-62 2.121E-08.01000.01016304.80690.700.000638              4              0                    S 18q     352220 1 1 2 3 2 2    41.0   37.0
45114012.884000 1.629E-45 1.452E-07.00920.009 8722.70200.520.000492              6              2                    S  3q     352220 1 1 2 3 2 2    33.0   21.0
45114023.079100 2.058E-60 1.935E-08.01230.01215228.88930.580.000631              8              3                    Q  8q     352220 1 1 2 3 2 2    17.0   17.0
45114023.079596 6.284E-63 5.919E-11.01510.01515228.88930.060.000064              8              3                    Q  8m     582220 3 3 2 3 2 2    17.0   17.0
45114043.497500 9.276E-42 2.712E-09.00940.009 6030.92030.570.000473              4              0                    Q 10q     352220 1 1 2 3 2 2    21.0   21.0
45114043.497981 4.299E-44 1.259E-11.00910.009 6030.92030.050.000053              4              0                    Q 10m     582220 3 3 2 3 2 2    21.0   21.0
45114055.824374 1.918E-76 3.852E-11.04910.04921542.11970.160.000076             12              5                    Q  8m     582220 3 3 2 3 2 2    17.0   17.0
45114055.825100 6.206E-74 1.245E-08.01890.01921542.11970.650.000895             12              5                    Q  8q     352220 1 1 2 3 2 2    17.0   17.0
45114057.953800 1.002E-49 2.692E-07.00870.00910955.61770.490.000556              6              2                    S  7q     352220 1 1 2 3 2 2    57.0   45.0
45114059.597400 1.350E-57 1.165E-07.01000.01014399.22040.700.000616              5              1                    S 14q     352220 1 1 2 3 2 2    33.0   29.0
45114062.278847 1.874E-78 2.910E-12.02500.02522005.55020.210.000075             14              6                    Q  3m     582220 3 3 2 3 2 2    21.0   21.0
45114062.280100 3.724E-75 5.759E-09.02380.02422005.55020.700.000864             14              6                    Q  3q     352220 1 1 2 3 2 2    21.0   21.0
45114069.376800 1.471E-60 5.254E-08.01420.01415250.36570.700.000547              9              4                    S  0q     352220 1 1 2 3 2 2     5.0    1.0
45114069.860000 1.046E-46 1.813E-07.00890.009 9139.89760.510.000525              6              2                    S  4q     352220 1 1 2 3 2 2    13.0    9.0
45114074.916800 3.265E-61 9.410E-09.01300.01315537.17360.700.000638              7              2                    Q 12q     352220 1 1 2 3 2 2    25.0   25.0
45114074.917218 2.119E-63 6.100E-11.01220.01215537.17360.090.000066              7              2                    Q 12m     582220 3 3 2 3 2 2    25.0   25.0
45114078.098200 3.164E-34 8.140E-11.01290.013 1740.18960.570.000449              4              0                    O  5q     352220 1 1 2 3 2 2    21.0   33.0
45114086.598600 1.690E-51 3.966E-09.01300.01310926.97290.700.000562              6              1                    O 11q     352220 1 1 2 3 2 2    57.0   69.0
45114092.755100 7.923E-49 2.452E-07.00870.00910261.12850.490.000528              6              2                    S  6q     352220 1 1 2 3 2 2    17.0   13.0
45114096.647700 3.516E-47 2.153E-07.00880.009 9654.19720.500.000512              6              2                    S  5q     352220 1 1 2 3 2 2    45.0   33.0
45114103.598114 7.113E-77 4.802E-11.04920.04921869.42620.180.000078             11              4                    Q 12m     582220 3 3 2 3 2 2    25.0   25.0
45114103.598900 1.086E-74 7.322E-09.01890.01921869.42620.640.000924             11              4                    Q 12q     352220 1 1 2 3 2 2    25.0   25.0
45114104.649100 6.307E-40 1.082E-08.00940.009 5271.37940.540.000476              5              1                    Q  4q     352220 1 1 2 3 2 2     9.0    9.0
45114104.649400 5.408E-43 9.304E-12.00890.009 5271.37940.050.000052              5              1                    Q  4m     582220 3 3 2 3 2 2     9.0    9.0
45114120.364500 2.496E-63 3.290E-07.01230.01217190.39110.580.000651              9              4                    S  6q     352220 1 1 2 3 2 2    17.0   13.0
45114126.754800 6.805E-69 3.146E-08.01940.01918760.34360.680.000564             11              5                    O  2q     352220 1 1 2 3 2 2     1.0    5.0
45114137.394800 1.167E-53 6.056E-09.01300.01311732.11480.700.000588              7              2                    O  8q     352220 1 1 2 3 2 2    13.0   17.0
45114153.172700 8.837E-64 7.262E-10.01300.01316304.80690.700.000645              5              0                    Q 18q     352220 1 1 2 3 2 2    37.0   37.0
45114153.173133 1.214E-65 9.962E-12.01230.01216304.80690.110.000070              5              0                    Q 18m     582220 3 3 2 3 2 2    37.0   37.0
45114160.475900 3.250E-68 2.615E-08.01740.01719026.00430.700.000665             11              5                    Q  3q     352220 1 1 2 3 2 2    21.0   21.0
45114160.475940 1.641E-71 1.325E-11.01640.01619026.00430.110.000068             11              5                    Q  3m     582220 3 3 2 3 2 2    21.0   21.0
45114167.054100 7.030E-60 9.640E-08.01390.01415345.80980.700.000579              9              4                    S  1q     352220 1 1 2 3 2 2    21.0    9.0
45114175.863100 7.635E-73 1.319E-09.01610.01620957.31230.700.000751              7              1                    Q 19q     352220 1 1 2 3 2 2   117.0  117.0
45114175.863219 1.161E-74 2.002E-11.01460.01520957.31230.140.000077              7              1                    Q 19m     582220 3 3 2 3 2 2   117.0  117.0
45114178.291100 2.789E-73 5.372E-10.01920.01920957.31230.700.000673              8              1                    O 19q     352220 1 1 2 3 2 2   105.0  117.0
45114185.088200 8.684E-70 9.938E-08.01300.01320161.71090.700.000718              7              2                    S 16q     352220 1 1 2 3 2 2    37.0   33.0
45114188.742000 5.175E-66 7.165E-09.01590.01617808.71100.670.000836             10              4                    O  7q     352220 1 1 2 3 2 2    33.0   45.0
45114192.102400 2.508E-61 3.412E-09.01300.01315649.59370.700.000627              6              1                    Q 15q     352220 1 1 2 3 2 2    93.0   93.0
45114192.102905 2.469E-63 3.360E-11.01160.01215649.59370.090.000067              6              1                    Q 15m     582220 3 3 2 3 2 2    93.0   93.0
45114194.612800 1.244E-38 1.091E-08.01040.010 4831.39150.550.000459              5              1                    Q  3q     352220 1 1 2 3 2 2    21.0   21.0
45114194.613162 6.315E-42 5.514E-12.00960.010 4831.39150.070.000048              5              1                    Q  3m     582220 3 3 2 3 2 2    21.0   21.0
45114200.702400 7.631E-70 8.654E-09.01610.01619846.89020.700.000751              9              3                    Q 13q     352220 1 1 2 3 2 2    81.0   81.0
45114200.702441 5.814E-72 6.600E-11.01990.02019846.89020.140.000075              9              3                    Q 13m     582220 3 3 2 3 2 2    81.0   81.0
45114204.598100 7.947E-62 2.888E-07.01240.01216649.46880.590.000640              9              4                    S  5q     352220 1 1 2 3 2 2    45.0   33.0
45114209.853700 6.826E-65 1.553E-09.01610.01616936.25540.700.000621              7              1                    O 16q     352220 1 1 2 3 2 2    29.0   33.0
45114211.416900 4.870E-70 2.563E-07.01600.01620314.82630.670.000661             11              5                    S  6q     352220 1 1 2 3 2 2    17.0   13.0
45114216.266300 8.412E-76 8.341E-09.02320.02321757.00690.700.000757             14              6                    O  2q     352220 1 1 2 3 2 2     1.0    5.0
45114230.675900 1.764E-60 1.434E-07.01440.01415535.74330.700.000557              9              4                    S  2q     352220 1 1 2 3 2 2     9.0    5.0
45114232.498000 1.148E-66 2.443E-07.01300.01318816.74070.700.000714              8              3                    S 12q     352220 1 1 2 3 2 2    29.0   25.0
45114235.269300 5.259E-75 4.300E-09.02200.02221869.42620.660.001085             12              4                    O 12q     352220 1 1 2 3 2 2    21.0   25.0
45114247.650200 1.801E-58 1.868E-08.01240.01214495.44310.590.000624              8              3                    Q  7q     352220 1 1 2 3 2 2    45.0   45.0
45114247.650679 4.384E-61 4.554E-11.01510.01514495.44310.070.000060              8              3                    Q  7m     582220 3 3 2 3 2 2    45.0   45.0
45114250.506700 1.780E-61 2.424E-07.01220.01216190.70270.560.000611              9              4                    S  4q     352220 1 1 2 3 2 2    13.0    9.0
45114252.984937 6.622E-71 6.102E-11.03880.03919256.38140.110.000073             10              4                    Q  9m     582220 3 3 2 3 2 2    57.0   57.0
45114252.985000 1.701E-68 1.565E-08.01590.01619256.38140.660.000785             10              4                    Q  9q     352220 1 1 2 3 2 2    57.0   57.0
45114254.418500 3.535E-39 2.639E-09.00940.009 5001.96290.570.000489              4              0                    Q  9q     352220 1 1 2 3 2 2    57.0   57.0
45114254.418932 1.372E-41 1.027E-11.00910.009 5001.96290.050.000051              4              0                    Q  9m     582220 3 3 2 3 2 2    57.0   57.0
45114258.879600 2.195E-60 1.929E-07.01320.01315818.28780.700.000585              9              4                    S  3q     352220 1 1 2 3 2 2    33.0   21.0
45114262.505100 1.568E-38 1.152E-08.01280.013 4497.83850.530.000432              5              1                    Q  2q     352220 1 1 2 3 2 2     5.0    5.0
45114262.505487 3.753E-42 2.746E-12.01140.011 4497.83850.110.000048              5              1                    Q  2m     582220 3 3 2 3 2 2     5.0    5.0
45114266.116245 8.245E-79 1.647E-12.01720.01721757.00690.210.000071             14              6                    Q  2m     582220 3 3 2 3 2 2     5.0    5.0
45114266.117400 3.428E-75 6.846E-09.02320.02321757.00690.700.000762             14              6                    Q  2q     352220 1 1 2 3 2 2     5.0    5.0
45114267.481700 4.048E-58 9.013E-11.01320.01312778.81530.700.000561              8              3                    O  4q     352220 1 1 2 3 2 2     5.0    9.0
45114268.351900 1.855E-71 2.945E-08.01300.01320957.31230.700.000766              6              1                    S 19q     352220 1 1 2 3 2 2   129.0  117.0
45114277.799500 2.902E-68 2.741E-08.01700.01718760.34360.700.000589             11              5                    Q  2q     352220 1 1 2 3 2 2     5.0    5.0
45114277.799539 6.945E-72 6.566E-12.01140.01118760.34360.130.000064             11              5                    Q  2m     582220 3 3 2 3 2 2     5.0    5.0
45114284.228400 2.976E-71 3.872E-09.01610.01620161.71090.700.000753              8              2                    Q 16q     352220 1 1 2 3 2 2    33.0   33.0
45114284.228479 3.323E-73 4.338E-11.01560.01620161.71090.140.000077              8              2                    Q 16m     582220 3 3 2 3 2 2    33.0   33.0
45114288.361700 1.421E-54 1.266E-07.01000.01013191.15250.700.000605              5              1                    S 13q     352220 1 1 2 3 2 2    93.0   81.0
45114307.880700 4.382E-49 9.562E-10.01300.013 9523.79160.700.000540              5              0                    O 13q     352220 1 1 2 3 2 2    69.0   81.0
45114307.969700 1.156E-37 1.598E-08.01290.013 4273.74060.570.000436              5              1                    Q  1q     352220 1 1 2 3 2 2     9.0    9.0
45114307.970033 6.631E-42 9.199E-13.01210.012 4273.74060.110.000045              5              1                    Q  1m     582220 3 3 2 3 2 2     9.0    9.0
45114323.491900 9.508E-59 2.505E-08.01000.01014881.55250.700.000627              4              0                    S 17q     352220 1 1 2 3 2 2   117.0  105.0
45114356.039100 1.698E-67 3.780E-08.01760.01818581.71030.700.000599             11              5                    Q  1q     352220 1 1 2 3 2 2     9.0    9.0
45114356.039110 9.772E-72 2.179E-12.01730.01718581.71030.110.000058             11              5                    Q  1m     582220 3 3 2 3 2 2     9.0    9.0
45114361.036200 1.575E-74 1.771E-08.02380.02421757.00690.700.000872             14              6                    S  2q     352220 1 1 2 3 2 2     9.0    5.0
45114366.945800 2.649E-34 1.854E-11.01290.013 1168.79750.580.000407              4              0                    O  4q     352220 1 1 2 3 2 2     5.0    9.0
45114376.848700 1.528E-74 4.194E-09.02200.02221542.11970.660.001120             13              5                    O  8q     352220 1 1 2 3 2 2    13.0   17.0
45114387.004600 1.314E-68 2.268E-07.01600.01619806.99550.680.000584             11              5                    S  5q     352220 1 1 2 3 2 2    45.0   33.0
45114389.458600 3.326E-72 3.389E-09.01880.01920314.82630.630.000995             12              5                    O  6q     352220 1 1 2 3 2 2     9.0   13.0
45114390.502000 1.318E-58 9.013E-09.01300.01314493.53840.700.000631              7              2                    Q 11q     352220 1 1 2 3 2 2    69.0   69.0
45114390.502386 7.480E-61 5.124E-11.01220.01214493.53840.080.000065              7              2                    Q 11m     582220 3 3 2 3 2 2    69.0   69.0
45114395.195300 2.263E-63 5.058E-09.01610.01616631.91060.700.000639              8              2                    O 13q     352220 1 1 2 3 2 2    69.0   81.0
45114400.609296 1.166E-78 5.850E-13.02640.02621589.82350.220.000065             14              6                    Q  1m     582220 3 3 2 3 2 2     9.0    9.0
45114400.610400 2.003E-74 1.005E-08.02420.02421589.82350.700.000791             14              6                    Q  1q     352220 1 1 2 3 2 2     9.0    9.0
45114406.697400 2.758E-64 9.408E-09.01610.01616904.05820.700.000691              9              3                    O 10q     352220 1 1 2 3 2 2    17.0   21.0
45114431.619300 2.706E-64 2.592E-10.01610.01616304.80690.700.000603              6              0                    O 18q     352220 1 1 2 3 2 2    33.0   37.0
45114444.095900 8.431E-71 2.082E-07.01610.01620947.42170.700.000838             10              4                    S 11q     352220 1 1 2 3 2 2    81.0   69.0
45114445.263700 1.604E-73 7.769E-11.01920.01920687.91170.700.000643              7              0                    O 21q     352220 1 1 2 3 2 2   117.0  129.0
45114445.581700 1.192E-57 1.811E-08.01220.01213839.11330.570.000613              8              3                    Q  6q     352220 1 1 2 3 2 2    13.0   13.0
45114445.582134 2.221E-60 3.371E-11.01460.01513839.11330.060.000063              8              3                    Q  6m     582220 3 3 2 3 2 2    13.0   13.0
45114447.278700 1.012E-37 2.570E-09.00930.009 4051.94300.560.000461              4              0                    Q  8q     352220 1 1 2 3 2 2    17.0   17.0
45114447.279074 3.210E-40 8.176E-12.00900.009 4051.94300.050.000050              4              0                    Q  8m     582220 3 3 2 3 2 2    17.0   17.0
45114451.664011 8.808E-75 3.040E-11.04890.04920894.89090.160.000077             12              5                    Q  7m     582220 3 3 2 3 2 2    45.0   45.0
45114451.664700 3.523E-72 1.214E-08.01890.01920894.89090.650.000887             12              5                    Q  7q     352220 1 1 2 3 2 2    45.0   45.0
45114451.825400 5.292E-71 8.951E-09.01910.01920074.41780.670.000969             11              4                    O 10q     352220 1 1 2 3 2 2    17.0   21.0
45114470.146100 7.128E-50 3.714E-09.01300.013 9883.73750.700.000549              6              1                    O 10q     352220 1 1 2 3 2 2    17.0   21.0
45114474.442400 8.829E-52 4.343E-09.01300.01310955.61770.700.000584              7              2                    O  7q     352220 1 1 2 3 2 2    33.0   45.0
45114477.012000 1.410E-71 2.144E-09.01920.01920161.71090.700.000705              9              2                    O 16q     352220 1 1 2 3 2 2    29.0   33.0
45114478.006800 7.492E-74 1.628E-08.02320.02321589.82350.700.000885             14              6                    S  1q     352220 1 1 2 3 2 2    21.0    9.0
45114489.747900 1.280E-52 1.341E-07.01000.01012031.60910.700.000593              5              1                    S 12q     352220 1 1 2 3 2 2    29.0   25.0
45114512.473100 2.549E-68 1.907E-07.01570.01619376.02850.640.000543             11              5                    S  4q     352220 1 1 2 3 2 2    13.0    9.0
45114517.344800 1.628E-74 9.928E-09.02420.02421505.77950.700.000836             14              6                    S  0q     352220 1 1 2 3 2 2     5.0    1.0
45114519.035200 1.692E-55 3.182E-09.01610.01612384.08180.530.000495              8              3                    O  3q     352220 1 1 2 3 2 2     9.0   21.0
45114524.617800 3.833E-64 2.559E-07.01300.01317833.76470.700.000698              8              3                    S 11q     352220 1 1 2 3 2 2    81.0   69.0
45114531.778000 1.574E-65 4.150E-09.01580.01617190.39110.650.000860             10              4                    O  6q     352220 1 1 2 3 2 2     9.0   13.0
45114537.752500 5.446E-73 2.423E-10.01610.01620687.91170.700.000734              6              0                    Q 21q     352220 1 1 2 3 2 2   129.0  129.0
45114537.752772 1.019E-74 4.463E-12.01510.01520687.91170.160.000079              6              0                    Q 21m     572220 3 3 2 3 2 2   129.0  129.0
45114546.213500 1.485E-67 3.949E-08.01760.01818491.92960.700.000807             11              5                    S  0q     352220 1 1 2 3 2 2     5.0    1.0
45114562.575800 7.511E-73 1.309E-07.01900.01921542.11970.660.000722             12              5                    S  8q     352220 1 1 2 3 2 2    21.0   17.0
45114563.548500 3.099E-59 3.265E-09.01300.01314399.22040.700.000635              6              1                    Q 14q     352220 1 1 2 3 2 2    29.0   29.0
45114563.548910 2.758E-61 2.888E-11.01190.01214399.22040.100.000066              6              1                    Q 14m     582220 3 3 2 3 2 2    29.0   29.0
45114571.991100 2.288E-60 6.951E-10.01300.01314881.55250.700.000636              5              0                    Q 17q     352220 1 1 2 3 2 2   105.0  105.0
45114571.991544 2.902E-62 8.784E-12.01210.01214881.55250.100.000069              5              0                    Q 17m     582220 3 3 2 3 2 2   105.0  105.0
45114580.991976 5.893E-70 4.811E-11.03800.03818499.22170.110.000072             10              4                    Q  8m     582220 3 3 2 3 2 2    17.0   17.0
45114580.992000 1.830E-67 1.490E-08.01590.01618499.22170.660.000782             10              4                    Q  8q     352220 1 1 2 3 2 2    17.0   17.0
45114585.745000 3.963E-70 5.566E-09.01920.01919846.89020.700.000798             10              3                    O 13q     352220 1 1 2 3 2 2    69.0   81.0
45114589.525000 2.783E-67 1.513E-07.01630.01619026.00430.700.000477             11              5                    S  3q     352220 1 1 2 3 2 2    33.0   21.0
45114596.956300 9.627E-67 1.138E-07.01300.01318950.12220.700.000709              7              2                    S 15q     352220 1 1 2 3 2 2   105.0   93.0
45114599.177400 1.077E-37 1.615E-08.01300.013 4161.16620.540.000427              5              1                    S  0q     352220 1 1 2 3 2 2     5.0    1.0
45114604.769900 7.488E-67 7.394E-08.01700.01718581.71030.700.000761             11              5                    S  1q     352220 1 1 2 3 2 2    21.0    9.0
45114616.175900 2.924E-56 2.872E-08.01000.01013485.98970.700.000615              4              0                    S 16q     352220 1 1 2 3 2 2    37.0   33.0
45114616.401600 4.685E-56 1.765E-08.01210.01213265.26810.550.000600              8              3                    Q  5q     352220 1 1 2 3 2 2    33.0   33.0
45114616.402012 6.332E-59 2.377E-11.01410.01413265.26810.060.000062              8              3                    Q  5m     582220 3 3 2 3 2 2    33.0   33.0
45114619.758300 2.027E-67 1.115E-07.01740.01718760.34360.700.000536             11              5                    S  2q     352220 1 1 2 3 2 2     9.0    5.0
45114621.240500 1.703E-35 2.504E-09.00940.009 3187.47050.570.000479              4              0                    Q  7q     352220 1 1 2 3 2 2    45.0   45.0
45114621.240860 4.286E-38 6.323E-12.00900.009 3187.47050.040.000052              4              0                    Q  7m     582220 3 3 2 3 2 2    45.0   45.0
45114640.290900 1.098E-31 4.664E-10.01380.014  705.51890.600.000429              4              0                    O  3q     352220 1 1 2 3 2 2     9.0   21.0
45114644.521200 3.123E-68 8.163E-09.01610.01618816.74070.700.000740              9              3                    Q 12q     352220 1 1 2 3 2 2    25.0   25.0
45114644.521270 2.121E-70 5.564E-11.02050.02018816.74070.130.000074              9              3                    Q 12m     582220 3 3 2 3 2 2    25.0   25.0
45114663.138900 7.749E-50 1.386E-07.01000.01010926.97290.700.000581              5              1                    S 11q     352220 1 1 2 3 2 2    81.0   69.0
45114664.642743 1.398E-74 4.183E-11.04920.04920947.42170.180.000079             11              4                    Q 11m     582220 3 3 2 3 2 2    69.0   69.0
45114664.643400 2.399E-72 7.169E-09.01890.01920947.42170.640.000933             11              4                    Q 11q     352220 1 1 2 3 2 2    69.0   69.0
45114682.749000 4.461E-57 8.640E-09.01300.01313507.28160.700.000624              7              2                    Q 10q     352220 1 1 2 3 2 2    21.0   21.0
45114682.749410 2.174E-59 4.220E-11.01220.01213507.28160.080.000064              7              2                    Q 10m     582220 3 3 2 3 2 2    21.0   21.0
45114717.621100 4.911E-47 9.657E-10.01300.013 8298.60140.700.000521              5              0                    O 12q     352220 1 1 2 3 2 2    21.0   25.0
45114718.567900 9.824E-62 1.651E-09.01610.01615649.59370.700.000624              7              1                    O 15q     352220 1 1 2 3 2 2    81.0   93.0
45114728.765000 1.402E-71 5.858E-09.01300.01320687.91170.700.000774              5              0                    S 21q     352220 1 1 2 3 2 2   141.0  129.0
45114740.337700 3.174E-71 1.232E-09.01920.01919806.99550.700.000986             12              5                    O  5q     352220 1 1 2 3 2 2    21.0   33.0
45114746.393600 4.778E-55 1.946E-08.01520.01512084.69700.560.000486              8              3                    O  2q     352220 1 1 2 3 2 2     1.0    5.0
45114751.264600 1.562E-70 1.233E-09.01610.01619595.53450.700.000722              7              1                    Q 18q     352220 1 1 2 3 2 2    37.0   37.0
45114751.264789 2.226E-72 1.767E-11.01460.01519595.53450.160.000076              7              1                    Q 18m     582220 3 3 2 3 2 2    37.0   37.0
45114752.263700 4.744E-37 2.988E-08.00970.010 4273.74060.530.000453              5              1                    S  1q     352220 1 1 2 3 2 2    21.0    9.0
45114753.116000 5.038E-69 3.591E-08.01300.01319595.53450.700.000751              6              1                    S 18q     352220 1 1 2 3 2 2    41.0   37.0
45114759.633700 1.311E-55 1.735E-08.01320.01312778.81530.700.000581              8              3                    Q  4q     352220 1 1 2 3 2 2     9.0    9.0
45114759.634121 1.189E-58 1.581E-11.01280.01312778.81530.060.000061              8              3                    Q  4m     582220 3 3 2 3 2 2     9.0    9.0
45114775.494100 2.011E-34 2.445E-09.00930.009 2414.89700.570.000474              4              0                    Q  6q     352220 1 1 2 3 2 2    13.0   13.0
45114775.494463 3.861E-37 4.713E-12.00900.009 2414.89700.040.000051              4              0                    Q  6m     582220 3 3 2 3 2 2    13.0   13.0
45114778.060500 1.065E-62 2.599E-07.01300.01316904.05820.700.000682              8              3                    S 10q     352220 1 1 2 3 2 2    25.0   21.0
45114794.436571 3.055E-74 2.281E-11.04280.04320314.82630.160.000077             12              5                    Q  6m     582220 3 3 2 3 2 2    13.0   13.0
45114794.437100 1.578E-71 1.177E-08.01870.01920314.82630.630.000879             12              5                    Q  6q     352220 1 1 2 3 2 2    13.0   13.0
45114795.278500 3.952E-51 2.546E-09.01300.01310261.12850.700.000578              7              2                    O  6q     352220 1 1 2 3 2 2     9.0   13.0
45114797.512600 2.650E-68 3.636E-09.01610.01618950.12220.700.000720              8              2                    Q 15q     352220 1 1 2 3 2 2    93.0   93.0
45114797.512655 2.720E-70 3.742E-11.01560.01618950.12220.140.000073              8              2                    Q 15m     582220 3 3 2 3 2 2    93.0   93.0
45114807.858700 3.765E-48 1.397E-07.01000.010 9883.73750.700.000551              5              1                    S 10q     352220 1 1 2 3 2 2    25.0   21.0
45114820.325200 4.261E-62 8.453E-09.01610.01616033.74170.700.000700              9              3                    O  9q     352220 1 1 2 3 2 2    45.0   57.0
45114837.533800 1.802E-69 2.185E-07.01610.01620074.41780.700.000815             10              4                    S 10q     352220 1 1 2 3 2 2    25.0   21.0
45114842.404100 1.836E-47 3.321E-09.01300.013 8908.44080.700.000571              6              1                    O  9q     352220 1 1 2 3 2 2    45.0   57.0
45114847.430600 1.765E-64 1.502E-09.01540.01516649.46880.590.000841             10              4                    O  5q     352220 1 1 2 3 2 2    21.0   33.0
45114850.404800 6.508E-71 5.839E-10.01920.01919595.53450.700.000655              8              1                    O 18q     352220 1 1 2 3 2 2    33.0   37.0
45114862.534800 1.338E-61 5.119E-09.01610.01615537.17360.700.000641              8              2                    O 12q     352220 1 1 2 3 2 2    21.0   25.0
45114872.699400 1.274E-65 1.421E-08.01590.01617808.71100.660.000775             10              4                    Q  7q     352220 1 1 2 3 2 2    45.0   45.0
45114872.699445 3.287E-68 3.680E-11.03860.03917808.71100.110.000072             10              4                    Q  7m     582220 3 3 2 3 2 2    45.0   45.0
45114874.830300 2.055E-54 1.738E-08.01440.01412384.08180.700.000550              8              3                    Q  3q     352220 1 1 2 3 2 2    21.0   21.0
45114874.830786 1.107E-57 9.387E-12.01200.01212384.08180.070.000060              8              3                    Q  3m     582220 3 3 2 3 2 2    21.0   21.0
45114878.190000 1.010E-37 4.488E-08.01040.010 4497.83850.550.000490              5              1                    S  2q     352220 1 1 2 3 2 2     9.0    5.0
45114879.985100 6.965E-73 3.471E-09.02190.02220894.89090.650.001123             13              5                    O  7q     352220 1 1 2 3 2 2    33.0   45.0
45114880.325100 2.064E-71 1.152E-07.01610.01620918.19810.700.000770              9              3                    S 14q     352220 1 1 2 3 2 2    33.0   29.0
45114884.629300 6.712E-53 3.209E-08.01000.01012123.81910.700.000583              4              0                    S 15q     352220 1 1 2 3 2 2   105.0   93.0
45114895.992500 3.817E-31 2.741E-09.01320.013  354.37320.620.000428              4              0                    O  2q     352220 1 1 2 3 2 2     1.0    5.0
45114907.163100 1.289E-72 4.818E-09.02200.02220947.42170.660.001094             12              4                    O 11q     352220 1 1 2 3 2 2    57.0   69.0
45114909.279200 1.307E-32 2.400E-09.00940.009 1740.18960.570.000469              4              0                    Q  5q     352220 1 1 2 3 2 2    33.0   33.0
45114909.279574 1.814E-35 3.345E-12.00890.009 1740.18960.030.000051              4              0                    Q  5m     582220 3 3 2 3 2 2    33.0   33.0
45114914.483900 2.803E-56 3.124E-09.01300.01313191.15250.700.000627              6              1                    Q 13q     352220 1 1 2 3 2 2    81.0   81.0
45114914.484253 2.232E-58 2.514E-11.01160.01213191.15250.080.000063              6              1                    Q 13m     582220 3 3 2 3 2 2    81.0   81.0
45114923.231500 1.150E-45 1.371E-07.01000.010 8908.44080.700.000560              5              1                    S  9q     352220 1 1 2 3 2 2    69.0   57.0
45114937.618700 6.407E-69 8.203E-09.01910.01919256.38140.670.000980             11              4                    O  9q     352220 1 1 2 3 2 2    45.0   57.0
45114942.336505 5.251E-75 3.370E-11.02500.02520918.19810.190.000081             10              3                    Q 14m     582220 3 3 2 3 2 2    29.0   29.0
45114942.336900 5.713E-73 3.659E-09.01920.01920918.19810.700.000875             10              3                    Q 14q     352220 1 1 2 3 2 2    29.0   29.0
45114951.234200 9.921E-55 8.283E-09.01300.01312584.71620.700.000618              7              2                    Q  9q     352220 1 1 2 3 2 2    57.0   57.0
45114951.234650 4.071E-57 3.414E-11.01220.01212584.71620.080.000063              7              2                    Q  9m     582220 3 3 2 3 2 2    57.0   57.0
45114959.693900 4.763E-71 1.389E-07.01900.01920894.89090.660.000706             12              5                    S  7q     352220 1 1 2 3 2 2    57.0   45.0
45114960.143600 7.768E-61 2.808E-10.01610.01614881.55250.700.000589              6              0                    O 17q     352220 1 1 2 3 2 2    93.0  105.0
45114961.600000 2.177E-54 1.826E-08.01670.01712084.69700.670.000502              8              3                    Q  2q     352220 1 1 2 3 2 2     5.0    5.0
45114961.600392 5.544E-58 4.664E-12.01010.01012084.69700.090.000057              8              3                    Q  2m     582220 3 3 2 3 2 2     5.0    5.0
45114970.667600 9.798E-65 1.261E-07.01300.01317771.57110.700.000721              7              2                    S 14q     352220 1 1 2 3 2 2    33.0   29.0
45114972.828100 5.760E-58 6.657E-10.01300.01313485.98970.700.000608              5              0                    Q 16q     352220 1 1 2 3 2 2    33.0   33.0
45114972.828633 6.688E-60 7.722E-12.01220.01213485.98970.090.000066              5              0                    Q 16m     582220 3 3 2 3 2 2    33.0   33.0
45114975.604000 9.823E-38 6.102E-08.00930.009 4831.39150.530.000501              5              1                    S  3q     352220 1 1 2 3 2 2    33.0   21.0
45114993.364200 1.936E-60 2.564E-07.01300.01316033.74170.700.000673              8              3                    S  9q     352220 1 1 2 3 2 2    69.0   57.0
45115008.640300 2.634E-44 1.309E-07.01000.010 8007.58220.700.000550              5              1                    S  8q     352220 1 1 2 3 2 2    21.0   17.0
45115019.629200 1.428E-53 2.522E-08.01420.01411883.48780.700.000504              8              3                    Q  1q     352220 1 1 2 3 2 2     9.0    9.0
45115019.629611 8.735E-58 1.546E-12.01300.01311883.48780.090.000053              8              3                    Q  1m     582220 3 3 2 3 2 2     9.0    9.0
45115021.905200 5.584E-32 2.374E-09.00960.010 1168.79750.570.000436              4              0                    Q  4q     352220 1 1 2 3 2 2     9.0    9.0
45115021.905554 5.189E-35 2.216E-12.00900.009 1168.79750.040.000048              4              0                    Q  4m     582220 3 3 2 3 2 2     9.0    9.0
45115043.446900 5.748E-39 7.764E-08.00900.009 5271.37940.520.000510              5              1                    S  4q     352220 1 1 2 3 2 2    13.0    9.0
45115050.189400 1.475E-72 3.086E-11.01920.01919376.02850.700.000911             12              5                    O  4q     352220 1 1 2 3 2 2     5.0    9.0
45115053.760500 9.138E-66 7.694E-09.01610.01617833.76470.700.000727              9              3                    Q 11q     352220 1 1 2 3 2 2    69.0   69.0
45115053.760615 5.448E-68 4.595E-11.01980.02017833.76470.130.000073              9              3                    Q 11m     582220 3 3 2 3 2 2    69.0   69.0
45115054.827000 3.438E-73 2.593E-09.02230.02220918.19810.700.000906             11              3                    O 14q     352220 1 1 2 3 2 2    25.0   29.0
45115063.583900 3.540E-42 1.213E-07.00850.009 7187.52560.470.000517              5              1                    S  7q     352220 1 1 2 3 2 2    57.0   45.0
45115080.969200 1.712E-39 9.381E-08.00890.009 5813.92170.510.000519              5              1                    S  5q     352220 1 1 2 3 2 2    45.0   33.0
45115086.212577 6.247E-73 1.621E-11.03530.03519806.99550.140.000076             12              5                    Q  5m     582220 3 3 2 3 2 2    33.0   33.0
45115086.213100 4.405E-70 1.140E-08.01920.01919806.99550.700.000856             12              5                    Q  5q     352220 1 1 2 3 2 2    33.0   33.0
45115087.731000 3.328E-41 1.087E-07.00880.009 6454.38870.500.000529              5              1                    S  6q     352220 1 1 2 3 2 2    17.0   13.0
45115097.470400 1.401E-68 2.297E-09.01920.01918950.12220.700.000685              9              2                    O 15q     352220 1 1 2 3 2 2    81.0   93.0
45115098.266200 6.374E-50 9.592E-10.01300.013 9654.19720.700.000567              7              2                    O  5q     352220 1 1 2 3 2 2    21.0   33.0
45115112.768900 1.231E-30 2.388E-09.01060.011  705.51890.580.000424              4              0                    Q  3q     352220 1 1 2 3 2 2    21.0   21.0
45115112.769320 6.783E-34 1.322E-12.00970.010  705.51890.040.000047              4              0                    Q  3m     582220 3 3 2 3 2 2    21.0   21.0
45115119.046000 3.613E-44 9.522E-10.01300.013 7132.06350.700.000543              5              0                    O 11q     352220 1 1 2 3 2 2    57.0   69.0
45115128.274700 1.381E-50 3.500E-08.01000.01010801.01210.700.000592              4              0                    S 14q     352220 1 1 2 3 2 2    33.0   29.0
45115128.356000 6.878E-65 1.361E-08.01580.01617190.39110.640.000758             10              4                    Q  6q     352220 1 1 2 3 2 2    13.0   13.0
45115128.356080 1.365E-67 2.710E-11.03310.03317190.39110.110.000071             10              4                    Q  6m     582220 3 3 2 3 2 2    13.0   13.0
45115133.810800 6.526E-71 8.447E-11.01920.01919212.98830.700.000644              7              0                    O 20q     352220 1 1 2 3 2 2    37.0   41.0
45115134.247800 1.051E-65 4.197E-11.01630.01616190.70270.700.000758             10              4                    O  4q     352220 1 1 2 3 2 2     5.0    9.0
45115135.662200 1.929E-70 2.254E-10.01610.01619212.98830.700.000731              6              0                    Q 20q     352220 1 1 2 3 2 2    41.0   41.0
45115135.662583 3.398E-72 3.964E-12.01470.01519212.98830.160.000077              6              0                    Q 20m     582220 3 3 2 3 2 2    41.0   41.0
45115145.766100 1.715E-68 5.708E-09.01920.01918816.74070.700.000797             10              3                    O 12q     352220 1 1 2 3 2 2    21.0   25.0
45115169.129542 2.309E-73 3.489E-11.04900.04920074.41780.170.000078             11              4                    Q 10m     582220 3 3 2 3 2 2    21.0   21.0
45115169.130000 4.546E-71 6.857E-09.01890.01920074.41780.650.000920             11              4                    Q 10q     352220 1 1 2 3 2 2    21.0   21.0
45115170.819100 2.751E-59 2.451E-07.01300.01315228.88930.700.000649              8              3                    S  8q     352220 1 1 2 3 2 2    21.0   17.0
45115171.924294 3.012E-75 1.147E-11.06100.06120894.89090.210.000078             13              5                    Q  7m     582220 3 3 2 3 2 2    45.0   45.0
45115171.925500 1.134E-72 4.308E-09.02180.02220894.89090.630.001009             13              5                    Q  7q     352220 1 1 2 3 2 2    45.0   45.0
45115176.253800 2.544E-67 2.193E-07.01610.01619256.38140.700.000806             10              4                    S  9q     352220 1 1 2 3 2 2    69.0   57.0
45115181.370100 1.687E-30 2.517E-09.01310.013  354.37320.570.000431              4              0                    Q  2q     352220 1 1 2 3 2 2     5.0    5.0
45115181.370465 4.390E-34 6.581E-13.00940.009  354.37320.080.000048              4              0                    Q  2m     582220 3 3 2 3 2 2     5.0    5.0
45115195.416900 1.734E-53 7.950E-09.01300.01311732.11480.700.000598              7              2                    Q  8q     352220 1 1 2 3 2 2    17.0   17.0
45115195.417402 5.846E-56 2.687E-11.01240.01211732.11480.070.000063              7              2                    Q  8m     582220 3 3 2 3 2 2    17.0   17.0
45115200.341500 1.079E-65 4.200E-08.01300.01318253.41720.700.000736              6              1                    S 17q     352220 1 1 2 3 2 2   117.0  105.0
45115202.175400 3.379E-46 2.783E-09.01300.013 8007.58220.700.000571              6              1                    O  8q     352220 1 1 2 3 2 2    13.0   17.0
45115212.320100 4.925E-61 7.126E-09.01610.01615228.88930.700.000700              9              3                    O  8q     352220 1 1 2 3 2 2    13.0   17.0
45115212.870000 1.304E-59 1.739E-09.01610.01614399.22040.700.000627              7              1                    O 14q     352220 1 1 2 3 2 2    25.0   29.0
45115227.322900 1.315E-29 3.484E-09.01340.013  118.48690.580.000405              4              0                    Q  1q     352220 1 1 2 3 2 2     9.0    9.0
45115227.323339 8.212E-34 2.186E-13.01220.012  118.48690.100.000042              4              0                    Q  1m     582220 3 3 2 3 2 2     9.0    9.0
45115242.017300 6.766E-69 7.304E-09.01300.01319212.98830.700.000762              5              0                    S 20q     352220 1 1 2 3 2 2    45.0   41.0
45115244.639000 2.219E-54 2.985E-09.01300.01312031.60910.700.000618              6              1                    Q 12q     352220 1 1 2 3 2 2    25.0   25.0
45115244.639401 1.563E-56 2.129E-11.01160.01212031.60910.090.000065              6              1                    Q 12m     582220 3 3 2 3 2 2    25.0   25.0
45115263.906100 1.362E-53 2.735E-08.01420.01411782.39090.700.000524              8              3                    S  0q     352220 1 1 2 3 2 2     5.0    1.0
45115277.667600 2.237E-66 3.411E-09.01610.01617771.57110.700.000731              8              2                    Q 14q     352220 1 1 2 3 2 2    29.0   29.0
45115277.667840 2.089E-68 3.190E-11.01580.01617771.57110.130.000075              8              2                    Q 14m     582220 3 3 2 3 2 2    29.0   29.0
45115283.118500 2.195E-70 1.336E-07.01900.01920314.82630.670.000690             12              5                    S  6q     352220 1 1 2 3 2 2    17.0   13.0
45115293.661300 2.626E-67 1.153E-09.01610.01618253.41720.700.000714              7              1                    Q 17q     352220 1 1 2 3 2 2   105.0  105.0
45115293.661635 3.472E-69 1.525E-11.01460.01518253.41720.150.000077              7              1                    Q 17m     582220 3 3 2 3 2 2   105.0  105.0
45115307.726900 7.231E-62 1.356E-07.01300.01316631.91060.700.000706              7              2                    S 13q     352220 1 1 2 3 2 2    93.0   81.0
45115310.596600 2.398E-57 2.268E-07.01300.01314495.44310.700.000637              8              3                    S  7q     352220 1 1 2 3 2 2    57.0   45.0
45115312.501300 5.401E-59 5.062E-09.01610.01614493.53840.700.000654              8              2                    O 11q     352220 1 1 2 3 2 2    57.0   69.0
45115317.844000 5.033E-70 1.106E-09.02060.02119026.00430.700.000736             12              5                    O  3q     352220 1 1 2 3 2 2     9.0   21.0
45115328.256041 8.851E-73 1.071E-11.02700.02719376.02850.150.000071             12              5                    Q  4m     582220 3 3 2 3 2 2     9.0    9.0
45115328.256400 9.224E-70 1.112E-08.01920.01919376.02850.700.000822             12              5                    Q  4q     352220 1 1 2 3 2 2     9.0    9.0
45115328.645400 2.044E-72 2.364E-09.02230.02220314.82630.700.001141             13              5                    O  6q     352220 1 1 2 3 2 2     9.0   13.0
45115346.368100 2.002E-47 3.729E-08.01000.010 9523.79160.700.000582              4              0                    S 13q     352220 1 1 2 3 2 2    93.0   81.0
45115347.984200 2.266E-63 1.311E-08.01550.01616649.46880.620.000724             10              4                    Q  5q     352220 1 1 2 3 2 2    33.0   33.0
45115347.984370 3.276E-66 1.901E-11.02720.02716649.46880.100.000070             10              4                    Q  5m     582220 3 3 2 3 2 2    33.0   33.0
45115355.695100 1.108E-54 6.365E-10.01300.01312123.81910.700.000618              5              0                    Q 15q     352220 1 1 2 3 2 2    93.0   93.0
45115355.695667 1.170E-56 6.724E-12.01220.01212123.81910.100.000065              5              0                    Q 15m     582220 3 3 2 3 2 2    93.0   93.0
45115375.424300 6.583E-53 5.221E-08.01390.01411883.48780.700.000561              8              3                    S  1q     352220 1 1 2 3 2 2    21.0    9.0
45115378.966200 1.113E-68 1.289E-07.01610.01619846.89020.700.000798              9              3                    S 13q     352220 1 1 2 3 2 2    93.0   81.0
45115381.605900 7.998E-51 4.307E-11.01320.013 9139.89760.700.000523              7              2                    O  4q     352220 1 1 2 3 2 2     5.0    9.0
45115389.279900 5.948E-68 7.055E-09.01910.01918499.22170.670.000980             11              4                    O  8q     352220 1 1 2 3 2 2    13.0   17.0
45115390.582200 3.351E-63 1.258E-09.01740.01715818.28780.700.000628             10              4                    O  3q     352220 1 1 2 3 2 2     9.0   21.0
45115412.855100 1.531E-56 2.025E-07.01300.01313839.11330.700.000638              8              3                    S  6q     352220 1 1 2 3 2 2    17.0   13.0
45115414.682500 1.868E-51 7.642E-09.01300.01310955.61770.700.000607              7              2                    Q  7q     352220 1 1 2 3 2 2    45.0   45.0
45115414.683016 5.020E-54 2.059E-11.01230.01210955.61770.070.000060              7              2                    Q  7m     582220 3 3 2 3 2 2    45.0   45.0
45115429.451300 2.288E-64 7.247E-09.01610.01616904.05820.700.000718              9              3                    Q 10q     352220 1 1 2 3 2 2    21.0   21.0
45115429.451542 1.178E-66 3.739E-11.02030.02016904.05820.110.000072              9              3                    Q 10m     582220 3 3 2 3 2 2    21.0   21.0
45115453.752000 1.612E-53 8.013E-08.01440.01412084.69700.700.000574              8              3                    S  2q     352220 1 1 2 3 2 2     9.0    5.0
45115463.285100 2.853E-66 2.115E-07.01610.01618499.22170.700.000792             10              4                    S  8q     352220 1 1 2 3 2 2    21.0   17.0
45115476.779200 2.159E-58 3.034E-10.01610.01613485.98970.700.000604              6              0                    O 16q     352220 1 1 2 3 2 2    29.0   33.0
45115477.825200 5.612E-55 1.738E-07.01300.01313265.26810.700.000627              8              3                    S  5q     352220 1 1 2 3 2 2    45.0   33.0
45115494.217600 1.244E-67 6.330E-10.01920.01918253.41720.700.000657              8              1                    O 17q     352220 1 1 2 3 2 2    93.0  105.0
45115497.587900 1.895E-53 1.107E-07.01320.01312384.08180.700.000591              8              3                    S  3q     352220 1 1 2 3 2 2    33.0   21.0
45115505.879700 1.410E-54 1.426E-07.01300.01312778.81530.700.000610              8              3                    S  4q     352220 1 1 2 3 2 2    13.0    9.0
45115511.199400 2.065E-42 9.098E-10.01300.013 6030.92030.700.000547              5              0                    O 10q     352220 1 1 2 3 2 2    17.0   21.0
45115521.328585 6.556E-72 6.360E-12.02040.02019026.00430.150.000072             12              5                    Q  3m     582220 3 3 2 3 2 2    21.0   21.0
45115521.328900 1.142E-68 1.104E-08.02060.02119026.00430.700.000771             12              5                    Q  3q     352220 1 1 2 3 2 2    21.0   21.0
45115523.527000 2.551E-71 4.978E-09.02200.02220074.41780.660.001107             12              4                    O 10q     352220 1 1 2 3 2 2    17.0   21.0
45115531.466400 5.464E-63 1.277E-08.01630.01616190.70270.700.000709             10              4                    Q  4q     352220 1 1 2 3 2 2     9.0    9.0
45115531.466638 5.322E-66 1.246E-11.02140.02116190.70270.100.000069             10              4                    Q  4m     582220 3 3 2 3 2 2     9.0    9.0
45115535.743300 1.350E-29 3.767E-09.01320.013    0.00000.550.000447              4              0                    S  0q     352220 1 1 2 3 2 2     5.0    1.0
45115538.052200 2.447E-45 3.884E-08.01000.010 8298.60140.700.000571              4              0                    S 12q     352220 1 1 2 3 2 2    29.0   25.0
45115539.560100 5.937E-69 1.195E-07.01900.01919806.99550.670.000675             12              5                    S  5q     352220 1 1 2 3 2 2    45.0   33.0
45115541.830500 1.811E-69 1.013E-08.02010.02018760.34360.700.000661             12              5                    O  2q     352220 1 1 2 3 2 2     1.0    5.0
45115544.627293 2.130E-72 2.899E-11.02490.02519846.89020.190.000080             10              3                    Q 13m     582220 3 3 2 3 2 2    81.0   81.0
45115544.627400 2.557E-70 3.475E-09.01920.01919846.89020.700.000836             10              3                    Q 13q     352220 1 1 2 3 2 2    81.0   81.0
45115548.060400 3.362E-44 2.119E-09.01300.013 7187.52560.700.000567              6              1                    O  7q     352220 1 1 2 3 2 2    33.0   45.0
45115553.553400 1.207E-51 2.852E-09.01300.01310926.97290.700.000609              6              1                    Q 11q     352220 1 1 2 3 2 2    69.0   69.0
45115553.553916 7.421E-54 1.777E-11.01160.01210926.97290.080.000064              6              1                    Q 11m     582220 3 3 2 3 2 2    69.0   69.0
45115581.724300 3.234E-59 5.472E-09.01610.01614495.44310.700.000687              9              3                    O  7q     352220 1 1 2 3 2 2    33.0   45.0
45115604.141130 1.148E-74 9.523E-12.05290.05320314.82630.200.000079             13              5                    Q  6m     582220 3 3 2 3 2 2    13.0   13.0
45115604.142100 5.545E-72 4.600E-09.02230.02220314.82630.700.000988             13              5                    Q  6q     352220 1 1 2 3 2 2    13.0   13.0
45115608.381100 1.485E-50 7.372E-09.01300.01310261.12850.700.000598              7              2                    Q  6q     352220 1 1 2 3 2 2    13.0   13.0
45115608.381666 3.057E-53 1.522E-11.01200.01210261.12850.070.000062              7              2                    Q  6m     582220 3 3 2 3 2 2    13.0   13.0
45115608.935500 4.645E-60 1.419E-07.01300.01315537.17360.700.000690              7              2                    S 12q     352220 1 1 2 3 2 2    29.0   25.0
45115612.578600 2.210E-63 4.757E-08.01300.01316936.25540.700.000722              6              1                    S 16q     352220 1 1 2 3 2 2    37.0   33.0
45115614.647700 1.322E-62 1.164E-08.01940.01915535.74330.680.000564             10              4                    O  2q     352220 1 1 2 3 2 2     1.0    5.0
45115622.242500 2.542E-71 2.815E-11.04890.04919256.38140.170.000077             11              4                    Q  9m     582220 3 3 2 3 2 2    57.0   57.0
45115622.242700 5.868E-69 6.487E-09.01890.01919256.38140.650.000902             11              4                    Q  9q     352220 1 1 2 3 2 2    57.0   57.0
45115636.812241 1.148E-73 1.800E-11.01870.01920161.71090.200.000081              9              2                    Q 16m     582220 3 3 2 3 2 2    33.0   33.0
45115636.812300 9.513E-72 1.483E-09.01920.01920161.71090.700.000814              9              2                    Q 16q     352220 1 1 2 3 2 2    33.0   33.0
45115643.371200 1.540E-48 6.272E-10.01330.013 8722.70200.550.000515              7              2                    O  3q     352220 1 1 2 3 2 2     9.0   21.0
45115644.796100 3.990E-70 5.554E-08.01610.01620161.71090.700.000822              8              2                    S 16q     352220 1 1 2 3 2 2    37.0   33.0
45115665.874067 2.762E-72 3.144E-12.01400.01418760.34360.180.000068             12              5                    Q  2m     582220 3 3 2 3 2 2     5.0    5.0
45115665.874300 1.013E-68 1.152E-08.02010.02018760.34360.700.000693             12              5                    Q  2q     352220 1 1 2 3 2 2     5.0    5.0
45115675.601700 5.173E-66 5.717E-09.01920.01917833.76470.700.000786             10              3                    O 11q     352220 1 1 2 3 2 2    57.0   69.0
45115678.611600 7.591E-62 1.267E-08.01740.01715818.28780.700.000665             10              4                    Q  3q     352220 1 1 2 3 2 2    21.0   21.0
45115678.611794 4.407E-65 7.375E-12.01590.01615818.28780.120.000067             10              4                    Q  3m     582220 3 3 2 3 2 2    21.0   21.0
45115689.690800 1.306E-66 2.437E-09.01920.01917771.57110.700.000704              9              2                    O 14q     352220 1 1 2 3 2 2    25.0   29.0
45115692.887900 1.251E-56 1.812E-09.01610.01613191.15250.700.000629              7              1                    O 13q     352220 1 1 2 3 2 2    69.0   81.0
45115698.824100 5.718E-72 1.023E-09.02230.02220161.71090.700.000760             10              2                    O 16q     352220 1 1 2 3 2 2    29.0   33.0
45115699.800900 5.963E-29 7.197E-09.01000.010  118.48690.560.000439              4              0                    S  1q     352220 1 1 2 3 2 2    21.0    9.0
45115700.655400 2.000E-64 1.963E-07.01610.01617808.71100.700.000776             10              4                    S  7q     352220 1 1 2 3 2 2    57.0   45.0
45115702.407900 1.975E-42 3.951E-08.01000.010 7132.06350.700.000560              4              0                    S 11q     352220 1 1 2 3 2 2    81.0   69.0
45115703.426700 5.829E-67 2.099E-10.01610.01617750.33200.700.000723              6              0                    Q 19q     352220 1 1 2 3 2 2   117.0  117.0
45115703.427204 9.588E-69 3.451E-12.01460.01517750.33200.160.000078              6              0                    Q 19m     582220 3 3 2 3 2 2   117.0  117.0
45115720.344900 1.954E-52 6.085E-10.01300.01310801.01210.700.000610              5              0                    Q 14q     352220 1 1 2 3 2 2    29.0   29.0
45115720.345368 1.858E-54 5.795E-12.01210.01210801.01210.090.000066              5              0                    Q 14m     582220 3 3 2 3 2 2    29.0   29.0
45115720.923100 2.667E-65 8.732E-09.01300.01317750.33200.700.000726              5              0                    S 19q     352220 1 1 2 3 2 2   129.0  117.0
45115724.234200 2.585E-71 1.142E-09.02230.02219806.99550.700.001131             13              5                    O  5q     352220 1 1 2 3 2 2    21.0   33.0
45115726.471900 1.406E-63 3.195E-09.01610.01616631.91060.700.000720              8              2                    Q 13q     352220 1 1 2 3 2 2    81.0   81.0
45115726.472235 1.183E-65 2.691E-11.01560.01616631.91060.140.000074              8              2                    Q 13m     582220 3 3 2 3 2 2    81.0   81.0
45115733.234900 1.140E-68 1.003E-07.01920.01919376.02850.700.000567             12              5                    S  4q     352220 1 1 2 3 2 2    13.0    9.0
45115744.686800 1.767E-57 4.861E-09.01610.01613507.28160.700.000647              8              2                    O 10q     352220 1 1 2 3 2 2    17.0   21.0
45115762.137803 3.875E-72 1.042E-12.02120.02118581.71030.180.000063             12              5                    Q  1m     582220 3 3 2 3 2 2     9.0    9.0
45115762.138000 5.895E-68 1.582E-08.02080.02118581.71030.700.000695             12              5                    Q  1q     352220 1 1 2 3 2 2     9.0    9.0
45115765.174900 1.757E-70 2.883E-09.02230.02219846.89020.700.000880             11              3                    O 13q     352220 1 1 2 3 2 2    69.0   81.0
45115772.105000 3.851E-62 6.831E-09.01610.01616033.74170.700.000713              9              3                    Q  9q     352220 1 1 2 3 2 2    57.0   57.0
45115772.105332 1.679E-64 2.986E-11.01970.02016033.74170.120.000072              9              3                    Q  9m     582220 3 3 2 3 2 2    57.0   57.0
45115775.862900 6.841E-49 7.153E-09.01300.013 9654.19720.700.000587              7              2                    Q  5q     352220 1 1 2 3 2 2    33.0   33.0
45115775.863454 1.022E-51 1.072E-11.01180.012 9654.19720.070.000061              7              2                    Q  5m     582220 3 3 2 3 2 2    33.0   33.0
45115789.207200 7.343E-62 1.322E-08.01700.01715535.74330.700.000589             10              4                    Q  2q     352220 1 1 2 3 2 2     5.0    5.0
45115789.207530 2.020E-65 3.647E-12.01090.01115535.74330.140.000060             10              4                    Q  2m     582220 3 3 2 3 2 2     5.0    5.0
45115796.746500 2.266E-67 9.203E-11.01920.01917750.33200.700.000642              7              0                    O 19q     352220 1 1 2 3 2 2   105.0  117.0
45115805.983300 4.357E-65 1.078E-09.01610.01616936.25540.700.000715              7              1                    Q 16q     352220 1 1 2 3 2 2    33.0   33.0
45115805.983785 5.302E-67 1.313E-11.01490.01516936.25540.140.000076              7              1                    Q 16m     582220 3 3 2 3 2 2    33.0   33.0
45115806.818300 3.225E-66 5.542E-09.01900.01917808.71100.660.001000             11              4                    O  7q     352220 1 1 2 3 2 2    33.0   45.0
45115821.982200 5.241E-67 1.379E-07.01610.01618816.74070.700.000782              9              3                    S 12q     352220 1 1 2 3 2 2    29.0   25.0
45115836.329500 1.229E-29 1.108E-08.01050.011  354.37320.560.000447              4              0                    S  2q     352220 1 1 2 3 2 2     9.0    5.0
45115838.505900 1.256E-40 3.923E-08.01000.010 6030.92030.700.000549              4              0                    S 10q     352220 1 1 2 3 2 2    25.0   21.0
45115840.621300 5.383E-50 2.721E-09.01300.013 9883.73750.700.000602              6              1                    Q 10q     352220 1 1 2 3 2 2    21.0   21.0
45115840.621689 2.847E-52 1.460E-11.01190.012 9883.73750.080.000063              6              1                    Q 10m     572220 3 3 2 3 2 2    21.0   21.0
45115863.060200 4.532E-61 1.818E-08.01760.01815345.80980.700.000599             10              4                    Q  1q     352220 1 1 2 3 2 2     9.0    9.0
45115863.060471 3.000E-65 1.206E-12.01630.01615345.80980.140.000059             10              4                    Q  1m     582220 3 3 2 3 2 2     9.0    9.0
45115867.204300 1.220E-67 7.843E-08.01920.01919026.00430.700.000552             12              5                    S  3q     352220 1 1 2 3 2 2    33.0   21.0
45115874.623200 2.041E-57 1.447E-07.01300.01314493.53840.700.000667              7              2                    S 11q     352220 1 1 2 3 2 2    81.0   69.0
45115878.467100 2.023E-43 1.382E-09.01300.013 6454.38870.700.000561              6              1                    O  6q     352220 1 1 2 3 2 2     9.0   13.0
45115881.554400 7.737E-48 6.282E-09.01640.016 8406.36090.580.000501              7              2                    O  2q     352220 1 1 2 3 2 2     1.0    5.0
45115889.822600 1.048E-63 1.749E-07.01610.01617190.39110.700.000765             10              4                    S  6q     352220 1 1 2 3 2 2    17.0   13.0
45115892.928000 7.092E-40 8.337E-10.01300.013 5001.96290.700.000551              5              0                    O  9q     352220 1 1 2 3 2 2    45.0   57.0
45115898.607300 8.108E-70 1.129E-07.01920.01920074.41780.700.000922             11              4                    S 10q     352220 1 1 2 3 2 2    25.0   21.0
45115916.509400 2.186E-48 7.003E-09.01320.013 9139.89760.700.000571              7              2                    Q  4q     352220 1 1 2 3 2 2     9.0    9.0
45115916.509949 2.196E-51 7.060E-12.01160.012 9139.89760.070.000060              7              2                    Q  4m     582220 3 3 2 3 2 2     9.0    9.0
45115927.305900 1.354E-58 3.613E-09.01610.01613839.11330.700.000696              9              3                    O  6q     352220 1 1 2 3 2 2     9.0   13.0
45115934.288300 5.799E-68 1.850E-08.02080.02118491.92960.700.000934             12              5                    S  0q     352220 1 1 2 3 2 2     5.0    1.0
45115943.941300 8.643E-68 5.655E-08.02060.02118760.34360.700.000578             12              5                    S  2q     352220 1 1 2 3 2 2     9.0    5.0
45115943.949900 1.120E-29 1.539E-08.00950.009  705.51890.550.000456              4              0                    S  3q     352220 1 1 2 3 2 2    33.0   21.0
45115945.458800 4.918E-38 3.796E-08.00860.009 5001.96290.470.000514              4              0                    S  9q     352220 1 1 2 3 2 2    69.0   57.0
45115965.622900 3.076E-67 3.630E-08.02010.02018581.71030.700.000880             12              5                    S  1q     352220 1 1 2 3 2 2    21.0    9.0
45115967.879601 2.453E-73 7.125E-12.04270.04319806.99550.200.000078             13              5                    Q  5m     582220 3 3 2 3 2 2    33.0   33.0
45115967.880500 1.608E-70 4.662E-09.02230.02219806.99550.700.000974             13              5                    Q  5q     352220 1 1 2 3 2 2    33.0   33.0
45115981.817300 4.562E-55 3.259E-10.01610.01612123.81910.700.000589              6              0                    O 15q     352220 1 1 2 3 2 2    81.0   93.0
45115991.289900 3.426E-60 5.241E-08.01300.01315649.59370.700.000697              6              1                    S 15q     352220 1 1 2 3 2 2   105.0   93.0
45116021.593600 5.955E-31 1.994E-08.00920.009 1168.79750.540.000453              4              0                    S  4q     352220 1 1 2 3 2 2    13.0    9.0
45116022.474800 1.413E-36 3.572E-08.00870.009 4051.94300.490.000503              4              0                    S  8q     352220 1 1 2 3 2 2    21.0   17.0
45116027.021431 2.238E-70 2.209E-11.04870.04918499.22170.170.000077             11              4                    Q  8m     582220 3 3 2 3 2 2    17.0   17.0
45116027.021500 6.209E-68 6.108E-09.01890.01918499.22170.650.000895             11              4                    Q  8q     352220 1 1 2 3 2 2    17.0   17.0
45116029.761400 3.812E-47 6.987E-09.01440.014 8722.70200.700.000546              7              2                    Q  3q     352220 1 1 2 3 2 2    21.0   21.0
45116029.761957 2.278E-50 4.190E-12.01240.012 8722.70200.080.000059              7              2                    Q  3m     582220 3 3 2 3 2 2    21.0   21.0
45116030.276664 8.350E-74 1.410E-11.05950.06020074.41780.230.000081             12              4                    Q 10m     582220 3 3 2 3 2 2    21.0   21.0
45116030.277700 1.551E-71 2.613E-09.02170.02220074.41780.630.001034             12              4                    Q 10q     352220 1 1 2 3 2 2    21.0   21.0
45116031.941600 3.226E-62 1.494E-07.01610.01616649.46880.700.000753             10              4                    S  5q     352220 1 1 2 3 2 2    45.0   33.0
45116066.320200 2.476E-49 5.803E-10.01300.013 9523.79160.700.000602              5              0                    Q 13q     352220 1 1 2 3 2 2    81.0   81.0
45116066.320671 2.105E-51 4.944E-12.01190.012 9523.79160.090.000065              5              0                    Q 13m     582220 3 3 2 3 2 2    81.0   81.0
45116066.960100 8.100E-72 1.932E-10.02230.02219376.02850.700.001020             13              5                    O  4q     352220 1 1 2 3 2 2     5.0    9.0
45116068.521400 1.566E-31 2.449E-08.00910.009 1740.18960.530.000471              4              0                    S  5q     352220 1 1 2 3 2 2    45.0   33.0
45116068.910900 2.327E-34 3.263E-08.00890.009 3187.47050.500.000518              4              0                    S  7q     352220 1 1 2 3 2 2    57.0   45.0
45116074.584800 4.574E-61 2.133E-08.01760.01815250.36570.700.000610             10              4                    S  0q     352220 1 1 2 3 2 2     5.0    1.0
45116081.866300 5.213E-61 6.446E-09.01610.01615228.88930.700.000708              9              3                    Q  8q     352220 1 1 2 3 2 2    17.0   17.0
45116081.866633 1.881E-63 2.332E-11.01970.02015228.88930.120.000071              9              3                    Q  8m     582220 3 3 2 3 2 2    17.0   17.0
45116084.324700 2.615E-33 2.882E-08.00900.009 2414.89700.520.000507              4              0                    S  6q     352220 1 1 2 3 2 2    17.0   13.0
45116090.174200 3.252E-69 4.831E-09.02200.02219256.38140.660.001120             12              4                    O  9q     352220 1 1 2 3 2 2    45.0   57.0
45116095.210900 1.029E-68 3.249E-09.01920.01918816.74070.700.000849             10              3                    Q 12q     352220 1 1 2 3 2 2    25.0   25.0
45116095.210951 7.675E-71 2.439E-11.02490.02518816.74070.180.000079             10              3                    Q 12m     582220 3 3 2 3 2 2    25.0   25.0
45116104.808800 7.340E-56 1.437E-07.01300.01313507.28160.700.000670              7              2                    S 10q     352220 1 1 2 3 2 2    25.0   21.0
45116105.130700 1.544E-47 2.596E-09.01300.013 8908.44080.700.000598              6              1                    Q  9q     352220 1 1 2 3 2 2    57.0   57.0
45116105.131076 6.892E-50 1.176E-11.01150.012 8908.44080.070.000063              6              1                    Q  9m     572220 3 3 2 3 2 2    57.0   57.0
45116112.983300 2.339E-65 6.842E-10.01920.01916936.25540.700.000659              8              1                    O 16q     352220 1 1 2 3 2 2    29.0   33.0
45116115.142600 4.377E-47 7.318E-09.01390.014 8406.36090.700.000481              7              2                    Q  2q     352220 1 1 2 3 2 2     5.0    5.0
45116115.143182 1.238E-50 2.077E-12.01080.011 8406.36090.100.000057              7              2                    Q  2m     582220 3 3 2 3 2 2     5.0    5.0
45116128.044400 6.958E-62 1.214E-07.01610.01616190.70270.700.000719             10              4                    S  4q     352220 1 1 2 3 2 2    13.0    9.0
45116144.945100 7.889E-62 2.992E-09.01610.01615537.17360.700.000707              8              2                    Q 12q     352220 1 1 2 3 2 2    25.0   25.0
45116144.945510 5.913E-64 2.244E-11.01550.01515537.17360.120.000073              8              2                    Q 12m     582220 3 3 2 3 2 2    25.0   25.0
45116151.089600 2.359E-60 4.204E-08.01700.01715345.80980.700.000681             10              4                    S  1q     352220 1 1 2 3 2 2    21.0    9.0
45116158.377100 3.631E-55 4.485E-09.01610.01612584.71620.700.000663              8              2                    O  9q     352220 1 1 2 3 2 2    45.0   57.0
45116158.421500 1.033E-54 1.859E-09.01610.01612031.60910.700.000631              7              1                    O 12q     352220 1 1 2 3 2 2    21.0   25.0
45116168.036300 1.044E-62 1.010E-08.01300.01316304.80690.700.000738              5              0                    S 18q     352220 1 1 2 3 2 2    41.0   37.0
45116172.278900 3.030E-46 1.009E-08.01420.014 8193.79430.700.000509              7              2                    Q  1q     352220 1 1 2 3 2 2     9.0    9.0
45116172.279438 2.060E-50 6.883E-13.01310.013 8193.79430.100.000053              7              2                    Q  1m     582220 3 3 2 3 2 2     9.0    9.0
45116176.155500 1.293E-64 5.561E-09.01920.01916904.05820.700.000799             10              3                    O 10q     352220 1 1 2 3 2 2    17.0   21.0
45116179.165200 8.221E-61 9.301E-08.01630.01615818.28780.700.000661             10              4                    S  3q     352220 1 1 2 3 2 2    33.0   21.0
45116185.481200 4.329E-67 6.294E-08.01610.01618950.12220.700.000806              8              2                    S 15q     352220 1 1 2 3 2 2   105.0   93.0
45116186.425800 6.287E-61 6.611E-08.01740.01715535.74330.700.000671             10              4                    S  2q     352220 1 1 2 3 2 2     9.0    5.0
45116189.710800 1.154E-65 3.777E-09.01880.01917190.39110.630.000995             11              4                    O  6q     352220 1 1 2 3 2 2     9.0   13.0
45116191.628500 4.926E-42 6.667E-10.01300.013 5813.92170.700.000552              6              1                    O  5q     352220 1 1 2 3 2 2    21.0   33.0
45116202.988700 2.466E-71 2.634E-10.02230.02219595.53450.700.000707              9              1                    O 18q     352220 1 1 2 3 2 2    33.0   37.0
45116210.972492 7.107E-73 6.874E-12.01740.01719595.53450.210.000081              8              1                    Q 18m     582220 3 3 2 3 2 2    37.0   37.0
45116210.972500 4.652E-71 4.436E-10.01920.01919595.53450.700.000801              8              1                    Q 18q     352220 1 1 2 3 2 2    37.0   37.0
45116213.827900 1.707E-64 1.420E-07.01610.01617833.76470.700.000766              9              3                    S 11q     352220 1 1 2 3 2 2    81.0   69.0
45116244.027100 1.809E-64 1.958E-10.01610.01616304.80690.700.000716              6              0                    Q 18q     352220 1 1 2 3 2 2    37.0   37.0
45116244.027578 2.760E-66 2.988E-12.01460.01516304.80690.160.000077              6              0                    Q 18m     582220 3 3 2 3 2 2    37.0   37.0
45116247.595800 2.440E-57 1.785E-09.01610.01613265.26810.700.000683              9              3                    O  5q     352220 1 1 2 3 2 2    21.0   33.0
45116255.614600 8.965E-64 2.555E-09.01920.01916631.91060.700.000704              9              2                    O 13q     352220 1 1 2 3 2 2    69.0   81.0
45116259.820900 2.187E-69 4.821E-08.02200.02219806.99550.650.000766             13              5                    S  5q     352220 1 1 2 3 2 2    45.0   33.0
45116262.883300 1.716E-38 7.220E-10.01300.013 4051.94300.700.000551              5              0                    O  8q     352220 1 1 2 3 2 2    13.0   17.0
45116267.442444 3.558E-73 4.845E-12.03260.03319376.02850.210.000074             13              5                    Q  4m     582220 3 3 2 3 2 2     9.0    9.0
45116267.443200 3.426E-70 4.653E-09.02230.02219376.02850.700.000936             13              5                    Q  4q     352220 1 1 2 3 2 2     9.0    9.0
45116275.734091 9.276E-71 1.552E-11.01930.01918950.12220.190.000079              9              2                    Q 15m     582220 3 3 2 3 2 2    93.0   93.0
45116275.734200 8.330E-69 1.383E-09.01920.01918950.12220.700.000770              9              2                    Q 15q     352220 1 1 2 3 2 2    93.0   93.0
45116290.043800 5.616E-62 1.007E-09.01610.01615649.59370.700.000709              7              1                    Q 15q     352220 1 1 2 3 2 2    93.0   93.0
45116290.044293 6.246E-64 1.121E-11.01460.01515649.59370.150.000075              7              1                    Q 15m     582220 3 3 2 3 2 2    93.0   93.0
45116299.324200 1.693E-53 1.388E-07.01300.01312584.71620.700.000660              7              2                    S  9q     352220 1 1 2 3 2 2    69.0   57.0
45116300.931800 2.209E-69 1.922E-08.01610.01619595.53450.700.000785              7              1                    S 18q     352220 1 1 2 3 2 2    41.0   37.0
45116337.205800 4.834E-58 5.633E-08.01300.01314399.22040.700.000685              6              1                    S 14q     352220 1 1 2 3 2 2    33.0   29.0
45116346.301400 3.403E-46 2.478E-09.01300.013 8007.58220.700.000593              6              1                    Q  8q     352220 1 1 2 3 2 2    17.0   17.0
45116346.301825 1.252E-48 9.257E-12.01150.012 8007.58220.070.000059              6              1                    Q  8m     572220 3 3 2 3 2 2    17.0   17.0
45116355.683700 1.175E-67 1.176E-07.01920.01919256.38140.700.000927             11              4                    S  9q     352220 1 1 2 3 2 2    69.0   57.0
45116356.247600 6.493E-71 1.626E-10.02380.02419026.00430.700.000810             13              5                    O  3q     352220 1 1 2 3 2 2     9.0   21.0
45116358.623800 4.458E-59 6.097E-09.01610.01614495.44310.700.000701              9              3                    Q  7q     352220 1 1 2 3 2 2    45.0   45.0
45116358.624289 1.292E-61 1.772E-11.01960.02014495.44310.110.000067              9              3                    Q  7m     582220 3 3 2 3 2 2    45.0   45.0
45116385.289100 4.243E-66 5.745E-09.01890.01917808.71100.650.000887             11              4                    Q  7q     352220 1 1 2 3 2 2    45.0   45.0
45116385.289148 1.234E-68 1.680E-11.04850.04817808.71100.160.000076             11              4                    Q  7m     582220 3 3 2 3 2 2    45.0   45.0
45116392.994800 2.697E-47 5.527E-10.01300.013 8298.60140.700.000595              5              0                    Q 12q     352220 1 1 2 3 2 2    25.0   25.0
45116392.995241 2.029E-49 4.171E-12.01190.012 8298.60140.090.000064              5              0                    Q 12m     582220 3 3 2 3 2 2    25.0   25.0
45116426.807100 7.865E-69 3.079E-09.02230.02218816.74070.700.000904             11              3                    O 12q     352220 1 1 2 3 2 2    21.0   25.0
45116434.500900 3.255E-46 1.199E-08.01420.014 8087.00260.700.000521              7              2                    S  0q     352220 1 1 2 3 2 2     5.0    1.0
45116437.431800 8.082E-65 1.004E-10.01920.01916304.80690.700.000645              7              0                    O 18q     352220 1 1 2 3 2 2    33.0   37.0
45116441.395400 5.843E-69 1.136E-09.02230.02218950.12220.700.000764             10              2                    O 15q     352220 1 1 2 3 2 2    81.0   93.0
45116457.915800 2.988E-52 1.301E-07.01300.01311732.11480.700.000646              7              2                    S  8q     352220 1 1 2 3 2 2    21.0   17.0
45116475.236000 8.759E-53 3.475E-10.01610.01610801.01210.700.000605              6              0                    O 14q     352220 1 1 2 3 2 2    25.0   29.0
45116485.627500 3.131E-42 1.320E-10.01320.013 5271.37940.700.000508              6              1                    O  4q     352220 1 1 2 3 2 2     5.0    9.0
45116505.224820 2.669E-72 2.927E-12.02450.02419026.00430.210.000075             13              5                    Q  3m     582220 3 3 2 3 2 2    21.0   21.0
45116505.225400 4.274E-69 4.672E-09.02380.02419026.00430.700.000864             13              5                    Q  3q     352220 1 1 2 3 2 2    21.0   21.0
45116533.567500 3.100E-59 2.798E-09.01610.01614493.53840.700.000700              8              2                    Q 11q     352220 1 1 2 3 2 2    69.0   69.0
45116533.568003 2.042E-61 1.849E-11.01550.01614493.53840.130.000072              8              2                    Q 11m     582220 3 3 2 3 2 2    69.0   69.0
45116537.011400 1.872E-64 1.976E-09.01920.01916649.46880.700.000986             11              4                    O  5q     352220 1 1 2 3 2 2    21.0   33.0
45116540.927200 1.287E-57 3.852E-10.01630.01612778.81530.700.000644              9              3                    O  4q     352220 1 1 2 3 2 2     5.0    9.0
45116542.939900 4.613E-69 4.485E-08.02230.02219376.02850.700.000644             13              5                    S  4q     352220 1 1 2 3 2 2    13.0    9.0
45116552.580200 5.510E-54 3.920E-09.01610.01611732.11480.700.000663              8              2                    O  8q     352220 1 1 2 3 2 2    13.0   17.0
45116557.203700 4.620E-63 1.416E-07.01610.01616904.05820.700.000749              9              3                    S 10q     352220 1 1 2 3 2 2    25.0   21.0
45116558.669100 1.590E-45 2.378E-08.01390.014 8193.79430.700.000531              7              2                    S  1q     352220 1 1 2 3 2 2    21.0    9.0
45116563.319300 4.516E-44 2.369E-09.01300.013 7187.52560.700.000588              6              1                    Q  7q     352220 1 1 2 3 2 2    45.0   45.0
45116563.319745 1.330E-46 7.083E-12.01150.011 7187.52560.070.000062              6              1                    Q  7m     582220 3 3 2 3 2 2    45.0   45.0
45116580.332700 3.163E-50 1.182E-07.01300.01310955.61770.700.000634              7              2                    S  7q     352220 1 1 2 3 2 2    57.0   45.0
45116584.820000 3.223E-59 1.138E-08.01300.01314881.55250.700.000726              5              0                    S 17q     352220 1 1 2 3 2 2   117.0  105.0
45116590.970900 5.293E-70 3.375E-09.02320.02318760.34360.700.000757             13              5                    O  2q     352220 1 1 2 3 2 2     1.0    5.0
45116593.518700 2.265E-71 3.525E-11.02230.02219212.98830.700.000675              8              0                    O 20q     352220 1 1 2 3 2 2    37.0   41.0
45116598.202727 9.836E-72 1.230E-11.05930.05919256.38140.220.000080             12              4                    Q  9m     582220 3 3 2 3 2 2    57.0   57.0
45116598.203400 2.122E-69 2.648E-09.02170.02219256.38140.630.001027             12              4                    Q  9q     352220 1 1 2 3 2 2    57.0   57.0
45116598.870500 2.947E-66 3.017E-09.01920.01917833.76470.700.000835             10              3                    Q 11q     352220 1 1 2 3 2 2    69.0   69.0
45116598.870574 1.942E-68 1.992E-11.02490.02517833.76470.180.000076             10              3                    Q 11m     582220 3 3 2 3 2 2    69.0   69.0
45116602.096100 2.885E-58 5.790E-09.01610.01613839.11330.700.000687              9              3                    Q  6q     352220 1 1 2 3 2 2    13.0   13.0
45116602.096586 6.456E-61 1.299E-11.01880.01913839.11330.110.000070              9              3                    Q  6m     582220 3 3 2 3 2 2    13.0   13.0
45116608.977500 5.728E-52 1.869E-09.01610.01610926.97290.700.000617              7              1                    O 11q     352220 1 1 2 3 2 2    57.0   69.0
45116610.041700 3.180E-68 4.394E-09.02200.02218499.22170.660.001120             12              4                    O  8q     352220 1 1 2 3 2 2    13.0   17.0
45116619.525000 2.224E-36 5.762E-10.01300.013 3187.47050.700.000547              5              0                    O  7q     352220 1 1 2 3 2 2    33.0   45.0
45116647.668700 2.081E-62 5.209E-09.01920.01916033.74170.700.000808             10              3                    O  9q     352220 1 1 2 3 2 2    45.0   57.0
45116650.046100 3.796E-46 3.764E-08.01440.014 8406.36090.700.000571              7              2                    S  2q     352220 1 1 2 3 2 2     9.0    5.0
45116650.543600 4.886E-55 5.911E-08.01300.01313191.15250.700.000692              6              1                    S 13q     352220 1 1 2 3 2 2    93.0   81.0
45116666.403200 2.394E-49 1.036E-07.01300.01310261.12850.700.000624              7              2                    S  6q     352220 1 1 2 3 2 2    17.0   13.0
45116674.368200 4.293E-65 6.853E-08.01610.01617771.57110.700.000752              8              2                    S 14q     352220 1 1 2 3 2 2    33.0   29.0
45116682.644374 1.132E-72 1.462E-12.01670.01718760.34360.230.000071             13              5                    Q  2m     582220 3 3 2 3 2 2     5.0    5.0
45116682.645000 3.797E-69 4.896E-09.02320.02318760.34360.700.000762             13              5                    Q  2q     352220 1 1 2 3 2 2     5.0    5.0
45116683.477994 9.842E-73 1.396E-12.01730.01719212.98830.210.000084              7              0                    Q 20m     582220 3 3 2 3 2 2    41.0   41.0
45116683.478000 5.259E-71 7.465E-11.01920.01919212.98830.700.000783              7              0                    Q 20q     352220 1 1 2 3 2 2    41.0   41.0
45116698.110500 2.248E-65 5.418E-09.01870.01917190.39110.630.000879             11              4                    Q  6q     352220 1 1 2 3 2 2    13.0   13.0
45116698.110511 5.068E-68 1.229E-11.04240.04217190.39110.160.000076             11              4                    Q  6m     582220 3 3 2 3 2 2    13.0   13.0
45116699.608800 1.978E-44 5.254E-10.01300.013 7132.06350.700.000564              5              0                    Q 11q     352220 1 1 2 3 2 2    69.0   69.0
45116699.609268 1.302E-46 3.472E-12.01220.012 7132.06350.090.000063              5              0                    Q 11m     582220 3 3 2 3 2 2    69.0   69.0
45116707.358100 4.210E-46 5.334E-08.01320.013 8722.70200.700.000587              7              2                    S  3q     352220 1 1 2 3 2 2    33.0   21.0
45116708.788800 3.401E-62 7.364E-10.01920.01915649.59370.700.000671              8              1                    O 15q     352220 1 1 2 3 2 2    81.0   93.0
45116716.103000 1.014E-47 8.729E-08.01300.013 9654.19720.700.000612              7              2                    S  5q     352220 1 1 2 3 2 2    45.0   33.0
45116729.612000 2.865E-47 7.020E-08.01300.013 9139.89760.700.000601              7              2                    S  4q     352220 1 1 2 3 2 2    13.0    9.0
45116744.326100 1.323E-66 1.150E-07.01920.01918499.22170.700.000889             11              4                    S  8q     352220 1 1 2 3 2 2    21.0   17.0
45116746.888700 6.741E-60 9.392E-10.01610.01614399.22040.700.000690              7              1                    Q 14q     352220 1 1 2 3 2 2    29.0   29.0
45116746.889201 6.804E-62 9.451E-12.01510.01514399.22040.140.000072              7              1                    Q 14m     582220 3 3 2 3 2 2    29.0   29.0
45116748.871700 5.128E-68 3.673E-08.02230.02219026.00430.700.000626             13              5                    S  3q     352220 1 1 2 3 2 2    33.0   21.0
45116755.368900 4.314E-43 2.272E-09.01300.013 6454.38870.700.000556              6              1                    Q  6q     352220 1 1 2 3 2 2    13.0   13.0
45116755.369402 9.777E-46 5.225E-12.01160.012 6454.38870.060.000061              6              1                    Q  6m     582220 3 3 2 3 2 2    13.0   13.0
45116758.432000 1.744E-41 4.975E-11.01330.013 4831.39150.550.000516              6              1                    O  3q     352220 1 1 2 3 2 2     9.0   21.0
45116759.331100 4.544E-61 1.826E-10.01610.01614881.55250.700.000708              6              0                    Q 17q     352220 1 1 2 3 2 2   105.0  105.0
45116759.331574 6.399E-63 2.553E-12.01460.01514881.55250.150.000076              6              0                    Q 17m     572220 3 3 2 3 2 2   105.0  105.0
45116796.335900 5.404E-62 2.641E-09.01920.01915537.17360.700.000700              9              2                    O 12q     352220 1 1 2 3 2 2    21.0   25.0
45116800.541013 1.594E-72 4.869E-13.02520.02518581.71030.230.000065             13              5                    Q  1m     582220 3 3 2 3 2 2     9.0    9.0
45116800.541600 2.210E-68 6.738E-09.02420.02418581.71030.700.000791             13              5                    Q  1q     352220 1 1 2 3 2 2     9.0    9.0
45116805.482100 3.745E-57 9.435E-11.01740.01712384.08180.700.000588              9              3                    O  3q     352220 1 1 2 3 2 2     9.0   21.0
45116811.899300 1.111E-56 5.536E-09.01610.01613265.26810.700.000673              9              3                    Q  5q     352220 1 1 2 3 2 2    33.0   33.0
45116811.899757 1.819E-59 9.099E-12.01760.01813265.26810.110.000069              9              3                    Q  5m     582220 3 3 2 3 2 2    33.0   33.0
45116847.440400 1.039E-64 5.141E-10.01920.01916190.70270.700.000911             11              4                    O  4q     352220 1 1 2 3 2 2     5.0    9.0
45116853.783500 8.164E-61 1.366E-07.01610.01616033.74170.700.000733              9              3                    S  9q     352220 1 1 2 3 2 2    69.0   57.0
45116862.481800 2.774E-69 3.665E-09.01610.01619212.98830.700.000822              6              0                    S 20q     352220 1 1 2 3 2 2    45.0   41.0
45116867.151800 6.860E-67 1.275E-09.01920.01917771.57110.700.000763              9              2                    Q 14q     352220 1 1 2 3 2 2    29.0   29.0
45116867.151809 7.004E-69 1.310E-11.01870.01917771.57110.190.000078              9              2                    Q 14m     582220 3 3 2 3 2 2    29.0   29.0
45116879.758200 4.595E-66 2.206E-08.01610.01618253.41720.700.000808              7              1                    S 17q     352220 1 1 2 3 2 2   117.0  105.0
45116882.186200 7.630E-68 4.082E-10.01920.01918253.41720.700.000762              8              1                    Q 17q     352220 1 1 2 3 2 2   105.0  105.0
45116882.186292 1.085E-69 5.808E-12.01740.01718253.41720.200.000081              8              1                    Q 17m     582220 3 3 2 3 2 2   105.0  105.0
45116883.128100 3.667E-68 2.690E-08.02380.02418760.34360.700.000656             13              5                    S  2q     352220 1 1 2 3 2 2     9.0    5.0
45116892.426800 1.020E-57 2.615E-09.01610.01613507.28160.700.000695              8              2                    Q 10q     352220 1 1 2 3 2 2    21.0   21.0
45116892.427263 5.819E-60 1.497E-11.01550.01613507.28160.130.000071              8              2                    Q 10m     582220 3 3 2 3 2 2    21.0   21.0
45116921.664300 2.329E-41 2.191E-09.01300.013 5813.92170.700.000572              6              1                    Q  5q     352220 1 1 2 3 2 2    33.0   33.0
45116921.664686 3.850E-44 3.682E-12.01140.011 5813.92170.070.000061              6              1                    Q  5m     572220 3 3 2 3 2 2    33.0   33.0
45116926.052000 4.714E-52 3.171E-09.01610.01610955.61770.700.000657              8              2                    O  7q     352220 1 1 2 3 2 2    33.0   45.0
45116931.159800 4.236E-53 6.060E-08.01300.01312031.60910.700.000658              6              1                    S 12q     352220 1 1 2 3 2 2    29.0   25.0
45116949.519400 1.293E-67 1.720E-08.02320.02318581.71030.700.000999             13              5                    S  1q     352220 1 1 2 3 2 2    21.0    9.0
45116951.059000 2.373E-68 8.569E-09.02420.02418491.92960.700.001060             13              5                    S  0q     352220 1 1 2 3 2 2     5.0    1.0
45116956.734700 1.196E-49 3.666E-10.01610.016 9523.79160.700.000607              6              0                    O 13q     352220 1 1 2 3 2 2    69.0   81.0
45116961.131500 1.752E-35 4.055E-10.01300.013 2414.89700.700.000543              5              0                    O  6q     352220 1 1 2 3 2 2     9.0   13.0
45116966.060500 7.271E-64 5.141E-09.01920.01916649.46880.700.000856             11              4                    Q  5q     352220 1 1 2 3 2 2    33.0   33.0
45116966.060654 1.204E-66 8.565E-12.03490.03516649.46880.160.000075             11              4                    Q  5m     582220 3 3 2 3 2 2    33.0   33.0
45116971.989900 9.459E-57 1.253E-08.01300.01313485.98970.700.000685              5              0                    S 16q     352220 1 1 2 3 2 2    37.0   33.0
45116972.439200 4.783E-68 2.920E-10.02230.02218253.41720.700.000706              9              1                    O 17q     352220 1 1 2 3 2 2    93.0  105.0
45116985.302200 1.165E-42 4.982E-10.01300.013 6030.92030.700.000582              5              0                    Q 10q     352220 1 1 2 3 2 2    21.0   21.0
45116985.302693 6.629E-45 2.847E-12.01190.012 6030.92030.080.000063              5              0                    Q 10m     582220 3 3 2 3 2 2    21.0   21.0
45116987.603900 3.052E-56 5.352E-09.01630.01612778.81530.700.000652              9              3                    Q  4q     352220 1 1 2 3 2 2     9.0    9.0
45116987.604446 3.382E-59 5.962E-12.01600.01612778.81530.110.000068              9              3                    Q  4m     582220 3 3 2 3 2 2     9.0    9.0
45117007.941000 2.739E-40 1.431E-09.01320.013 4497.83850.590.000513              6              1                    O  2q     352220 1 1 2 3 2 2     1.0    5.0
45117039.343400 6.244E-56 3.396E-09.01700.01712084.69700.700.000556              9              3                    O  2q     352220 1 1 2 3 2 2     1.0    5.0
45117043.794200 2.528E-50 1.828E-09.01610.016 9883.73750.700.000620              7              1                    O 10q     352220 1 1 2 3 2 2    17.0   21.0
45117043.794300 2.405E-67 7.341E-08.01920.01918816.74070.700.000888             10              3                    S 12q     352220 1 1 2 3 2 2    29.0   25.0
45117044.859400 2.441E-66 3.189E-09.02230.02217833.76470.700.000904             11              3                    O 11q     352220 1 1 2 3 2 2    57.0   69.0
45117058.085000 2.332E-61 1.096E-10.01920.01914881.55250.700.000648              7              0                    O 17q     352220 1 1 2 3 2 2    93.0  105.0
45117058.448600 7.198E-65 2.787E-09.01920.01916904.05820.700.000823             10              3                    Q 10q     352220 1 1 2 3 2 2    21.0   21.0
45117058.448696 4.136E-67 1.606E-11.02480.02516904.05820.180.000077             10              3                    Q 10m     582220 3 3 2 3 2 2    21.0   21.0
45117061.476400 8.505E-41 2.134E-09.01320.013 5271.37940.700.000532              6              1                    Q  4q     352220 1 1 2 3 2 2     9.0    9.0
45117061.476821 9.488E-44 2.393E-12.01170.012 5271.37940.070.000056              6              1                    Q  4m     582220 3 3 2 3 2 2     9.0    9.0
45117069.913100 9.194E-65 1.067E-07.01920.01917808.71100.700.000871             11              4                    S  7q     352220 1 1 2 3 2 2    57.0   45.0
45117084.497600 1.835E-66 3.684E-09.02190.02217808.71100.650.001123             12              4                    O  7q     352220 1 1 2 3 2 2    33.0   45.0
45117089.857800 2.538E-61 4.635E-09.01920.01915228.88930.700.000808             10              3                    O  8q     352220 1 1 2 3 2 2    13.0   17.0
45117098.722491 8.893E-71 9.994E-12.05910.05918499.22170.220.000079             12              4                    Q  8m     582220 3 3 2 3 2 2    17.0   17.0
45117098.723100 2.282E-68 2.555E-09.02180.02218499.22170.640.001032             12              4                    Q  8q     352220 1 1 2 3 2 2    17.0   17.0
45117104.620200 1.127E-59 1.276E-07.01610.01615228.88930.700.000723              9              3                    S  8q     352220 1 1 2 3 2 2    21.0   17.0
45117115.724200 3.082E-62 7.226E-08.01610.01616631.91060.700.000773              8              2                    S 13q     352220 1 1 2 3 2 2    93.0   81.0
45117119.461600 7.037E-65 3.268E-11.02060.02115818.28780.700.000736             11              4                    O  3q     352220 1 1 2 3 2 2     9.0   21.0
45117128.782100 4.708E-55 5.281E-09.01740.01712384.08180.700.000618              9              3                    Q  3q     352220 1 1 2 3 2 2    21.0   21.0
45117128.782606 3.123E-58 3.514E-12.01770.01812384.08180.240.000065              9              3                    Q  3m     582220 3 3 2 3 2 2    21.0   21.0
45117140.380500 5.552E-67 1.236E-09.02230.02217771.57110.700.000768             10              2                    O 14q     352220 1 1 2 3 2 2    25.0   29.0
45117156.283845 2.889E-71 1.044E-11.02970.03018816.74070.230.000080             11              3                    Q 12m     582220 3 3 2 3 2 2    25.0   25.0
45117156.284400 3.644E-69 1.307E-09.02230.02218816.74070.700.000958             11              3                    Q 12q     352220 1 1 2 3 2 2    25.0   25.0
45117174.158700 1.650E-39 2.118E-09.01440.014 4831.39150.700.000539              6              1                    Q  3q     352220 1 1 2 3 2 2    21.0   21.0
45117174.159250 1.100E-42 1.403E-12.01220.012 4831.39150.070.000059              6              1                    Q  3m     572220 3 3 2 3 2 2    21.0   21.0
45117177.009100 5.918E-57 8.748E-10.01610.01613191.15250.700.000696              7              1                    Q 13q     352220 1 1 2 3 2 2    81.0   81.0
45117177.009549 5.385E-59 8.062E-12.01460.01513191.15250.140.000073              7              1                    Q 13m     582220 3 3 2 3 2 2    81.0   81.0
45117178.663500 2.470E-50 6.066E-08.01300.01310926.97290.700.000648              6              1                    S 11q     352220 1 1 2 3 2 2    81.0   69.0
45117189.399200 1.724E-63 4.934E-09.01920.01916190.70270.700.000822             11              4                    Q  4q     352220 1 1 2 3 2 2     9.0    9.0
45117189.399350 1.939E-66 5.580E-12.02650.02716190.70270.160.000073             11              4                    Q  4m     582220 3 3 2 3 2 2     9.0    9.0
45117221.323500 2.206E-55 2.444E-09.01610.01612584.71620.700.000689              8              2                    Q  9q     352220 1 1 2 3 2 2    57.0   57.0
45117221.324029 1.070E-57 1.185E-11.01550.01512584.71620.120.000071              8              2                    Q  9m     582220 3 3 2 3 2 2    57.0   57.0
45117235.045500 4.926E-55 5.483E-09.01700.01712084.69700.700.000565              9              3                    Q  2q     352220 1 1 2 3 2 2     5.0    5.0
45117235.045974 1.554E-58 1.737E-12.01130.01112084.69700.130.000063              9              3                    Q  2m     582220 3 3 2 3 2 2     5.0    5.0
45117249.146600 4.322E-40 4.725E-10.01300.013 5001.96290.700.000576              5              0                    Q  9q     352220 1 1 2 3 2 2    57.0   57.0
45117249.147148 2.087E-42 2.292E-12.01180.012 5001.96290.080.000062              5              0                    Q  9m     582220 3 3 2 3 2 2    57.0   57.0
45117250.436500 1.109E-58 1.701E-10.01610.01613485.98970.700.000699              6              0                    Q 16q     352220 1 1 2 3 2 2    33.0   33.0
45117250.437011 1.435E-60 2.197E-12.01490.01513485.98970.140.000075              6              0                    Q 16m     582220 3 3 2 3 2 2    33.0   33.0
45117259.168400 2.054E-39 2.211E-09.01390.014 4497.83850.700.000507              6              1                    Q  2q     352220 1 1 2 3 2 2     5.0    5.0
45117259.168886 6.496E-43 6.943E-13.01150.012 4497.83850.110.000053              6              1                    Q  2m     572220 3 3 2 3 2 2     5.0    5.0
45117277.320500 2.593E-51 2.278E-09.01610.01610261.12850.700.000651              8              2                    O  6q     352220 1 1 2 3 2 2     9.0   13.0
45117282.898300 4.572E-60 7.870E-10.01920.01914399.22040.700.000670              8              1                    O 14q     352220 1 1 2 3 2 2    25.0   29.0
45117285.814700 5.881E-34 2.281E-10.01300.013 1740.18960.700.000535              5              0                    O  5q     352220 1 1 2 3 2 2    21.0   33.0
45117306.076100 3.204E-54 7.512E-09.01760.01811883.48780.700.000567              9              3                    Q  1q     352220 1 1 2 3 2 2     9.0    9.0
45117306.076671 2.438E-58 5.733E-13.01570.01611883.48780.260.000055              9              3                    Q  1m     582220 3 3 2 3 2 2     9.0    9.0
45117310.403600 9.519E-58 1.151E-07.01610.01614495.44310.700.000708              9              3                    S  7q     352220 1 1 2 3 2 2    57.0   45.0
45117312.308300 2.234E-59 2.677E-09.01920.01914493.53840.700.000704              9              2                    O 11q     352220 1 1 2 3 2 2    57.0   69.0
45117316.082900 1.500E-38 3.038E-09.01420.014 4273.74060.700.000512              6              1                    Q  1q     352220 1 1 2 3 2 2     9.0    9.0
45117316.083331 1.143E-42 2.327E-13.01290.013 4273.74060.120.000049              6              1                    Q  1m     582220 3 3 2 3 2 2     9.0    9.0
45117329.724500 2.081E-53 1.349E-08.01300.01312123.81910.700.000701              5              0                    S 15q     352220 1 1 2 3 2 2   105.0   93.0
45117335.852100 4.745E-64 9.427E-08.01920.01917190.39110.700.000853             11              4                    S  6q     352220 1 1 2 3 2 2    17.0   13.0
45117351.355100 2.524E-63 2.745E-09.02010.02015535.74330.700.000661             11              4                    O  2q     352220 1 1 2 3 2 2     1.0    5.0
45117368.192400 2.359E-62 4.833E-09.02060.02115818.28780.700.000771             11              4                    Q  3q     352220 1 1 2 3 2 2    21.0   21.0
45117368.192485 1.594E-65 3.285E-12.01990.02015818.28780.160.000068             11              4                    Q  3m     582220 3 3 2 3 2 2    21.0   21.0
45117382.843400 1.542E-67 6.805E-11.01920.01917750.33200.700.000772              7              0                    Q 19q     352220 1 1 2 3 2 2   117.0  117.0
45117382.843511 2.697E-69 1.190E-12.01730.01717750.33200.210.000083              7              0                    Q 19m     582220 3 3 2 3 2 2   117.0  117.0
45117385.271400 7.899E-68 3.886E-11.02230.02217750.33200.700.000676              8              0                    O 19q     352220 1 1 2 3 2 2   105.0  117.0
45117392.510600 1.157E-48 5.923E-08.01300.013 9883.73750.700.000656              6              1                    S 10q     352220 1 1 2 3 2 2    25.0   21.0
45117410.543700 9.124E-64 2.442E-08.01610.01616936.25540.700.000792              7              1                    S 16q     352220 1 1 2 3 2 2    37.0   33.0
45117415.682000 4.194E-64 1.169E-09.01920.01916631.91060.700.000757              9              2                    Q 13q     352220 1 1 2 3 2 2    81.0   81.0
45117415.682084 3.895E-66 1.094E-11.01870.01916631.91060.190.000079              9              2                    Q 13m     582220 3 3 2 3 2 2    81.0   81.0
45117425.757400 1.382E-47 3.810E-10.01610.016 8298.60140.700.000609              6              0                    O 12q     352220 1 1 2 3 2 2    21.0   25.0
45117461.859400 6.892E-48 1.725E-09.01610.016 8908.44080.700.000623              7              1                    O  9q     352220 1 1 2 3 2 2    45.0   57.0
45117471.642300 5.880E-57 9.995E-08.01610.01613839.11330.700.000697              9              3                    S  6q     352220 1 1 2 3 2 2    17.0   13.0
45117475.332200 1.053E-65 4.260E-09.01610.01617750.33200.700.000806              6              0                    S 19q     352220 1 1 2 3 2 2   129.0  117.0
45117475.624700 1.180E-62 2.570E-09.01920.01916033.74170.700.000817             10              3                    Q  9q     352220 1 1 2 3 2 2    57.0   57.0
45117475.624810 5.812E-65 1.270E-11.02470.02516033.74170.170.000076             10              3                    Q  9m     582220 3 3 2 3 2 2    57.0   57.0
45117490.176700 1.203E-38 4.477E-10.01300.013 4051.94300.700.000571              5              0                    Q  8q     352220 1 1 2 3 2 2    17.0   17.0
45117490.177190 4.824E-41 1.805E-12.01210.012 4051.94300.080.000062              5              0                    Q  8m     582220 3 3 2 3 2 2    17.0   17.0
45117502.009900 1.798E-59 3.838E-09.01920.01914495.44310.700.000807             10              3                    O  7q     352220 1 1 2 3 2 2    33.0   45.0
45117502.399800 2.255E-62 4.990E-09.02010.02015535.74330.700.000693             11              4                    Q  2q     352220 1 1 2 3 2 2     5.0    5.0
45117502.399950 7.264E-66 1.618E-12.01350.01315535.74330.190.000068             11              4                    Q  2m     582220 3 3 2 3 2 2     5.0    5.0
45117509.683900 1.229E-65 3.731E-10.01920.01916936.25540.700.000754              8              1                    Q 16q     352220 1 1 2 3 2 2    33.0   33.0
45117509.684087 1.616E-67 4.915E-12.01740.01716936.25540.200.000080              8              1                    Q 16m     582220 3 3 2 3 2 2    33.0   33.0
45117512.065100 1.925E-60 7.404E-08.01610.01615537.17360.700.000732              8              2                    S 12q     352220 1 1 2 3 2 2    29.0   25.0
45117513.893800 7.170E-66 2.746E-09.02230.02217190.39110.700.001141             12              4                    O  6q     352220 1 1 2 3 2 2     9.0   13.0
45117519.853600 3.750E-54 2.285E-09.01610.01611732.11480.700.000682              8              2                    Q  8q     352220 1 1 2 3 2 2    17.0   17.0
45117519.854256 1.511E-56 9.244E-12.01540.01511732.11480.120.000070              8              2                    Q  8m     582220 3 3 2 3 2 2    17.0   17.0
45117537.351600 3.764E-54 9.979E-09.01760.01811782.39090.700.000576              9              3                    S  0q     352220 1 1 2 3 2 2     5.0    1.0
45117537.844078 4.954E-69 7.733E-12.06060.06117808.71100.210.000079             12              4                    Q  7m     582220 3 3 2 3 2 2    45.0   45.0
45117537.844600 1.558E-66 2.417E-09.02180.02217808.71100.630.001009             12              4                    Q  7q     352220 1 1 2 3 2 2    45.0   45.0
45117544.531300 1.429E-62 7.923E-08.01920.01916649.46880.700.000865             11              4                    S  5q     352220 1 1 2 3 2 2    45.0   33.0
45117557.752900 7.894E-65 7.702E-08.01920.01917833.76470.700.000869             10              3                    S 11q     352220 1 1 2 3 2 2    81.0   69.0
45117572.085500 3.405E-46 5.630E-08.01300.013 8908.44080.700.000642              6              1                    S  9q     352220 1 1 2 3 2 2    69.0   57.0
45117580.481300 4.546E-55 8.134E-10.01610.01612031.60910.700.000689              7              1                    Q 12q     352220 1 1 2 3 2 2    25.0   25.0
45117580.481735 3.699E-57 6.726E-12.01460.01512031.60910.130.000072              7              1                    Q 12m     582220 3 3 2 3 2 2    25.0   25.0
45117588.798800 2.079E-55 8.316E-08.01610.01613265.26810.700.000686              9              3                    S  5q     352220 1 1 2 3 2 2    45.0   33.0
45117591.546100 7.194E-34 7.549E-11.01320.013 1168.79750.700.000494              5              0                    O  4q     352220 1 1 2 3 2 2     5.0    9.0
45117591.939600 1.380E-61 6.809E-09.02080.02115345.80980.700.000695             11              4                    Q  1q     352220 1 1 2 3 2 2     9.0    9.0
45117591.939664 1.075E-65 5.335E-13.02000.02015345.80980.190.000063             11              4                    Q  1m     582220 3 3 2 3 2 2     9.0    9.0
45117595.840700 1.833E-38 3.992E-09.01420.014 4161.16620.700.000522              6              1                    S  0q     352220 1 1 2 3 2 2     5.0    1.0
45117604.714900 6.511E-50 1.332E-09.01610.016 9654.19720.700.000640              8              2                    O  5q     352220 1 1 2 3 2 2    21.0   33.0
45117605.473800 5.420E-67 5.208E-08.02230.02218499.22170.700.001029             12              4                    S  8q     352220 1 1 2 3 2 2    21.0   17.0
45117622.185000 6.270E-65 3.200E-09.02230.02216904.05820.700.000907             11              3                    O 10q     352220 1 1 2 3 2 2    17.0   21.0
45117629.376100 1.984E-53 2.069E-08.01700.01711883.48780.700.000615              9              3                    S  1q     352220 1 1 2 3 2 2    21.0    9.0
45117657.805700 4.118E-51 1.422E-08.01300.01310801.01210.700.000687              5              0                    S 14q     352220 1 1 2 3 2 2    33.0   29.0
45117660.119400 6.531E-59 1.195E-10.01920.01913485.98970.700.000651              7              0                    O 16q     352220 1 1 2 3 2 2    29.0   33.0
45117662.394100 5.018E-55 6.586E-08.01610.01612778.81530.700.000645              9              3                    S  4q     352220 1 1 2 3 2 2    13.0    9.0
45117681.722200 5.194E-54 3.380E-08.01740.01712084.69700.700.000604              9              3                    S  2q     352220 1 1 2 3 2 2     9.0    5.0
45117693.085600 6.445E-54 4.908E-08.01630.01612384.08180.700.000645              9              3                    S  3q     352220 1 1 2 3 2 2    33.0   21.0
45117697.798900 3.003E-62 6.307E-08.01920.01916190.70270.700.000826             11              4                    S  4q     352220 1 1 2 3 2 2    13.0    9.0
45117702.467500 9.070E-66 3.202E-10.02230.02216936.25540.700.000686              9              1                    O 16q     352220 1 1 2 3 2 2    29.0   33.0
45117707.420400 1.971E-36 4.251E-10.01300.013 3187.47050.700.000537              5              0                    Q  7q     352220 1 1 2 3 2 2    45.0   45.0
45117707.420928 6.371E-39 1.382E-12.01200.012 3187.47050.070.000061              5              0                    Q  7m     582220 3 3 2 3 2 2    45.0   45.0
45117716.776600 7.510E-45 5.201E-08.01300.013 8007.58220.700.000631              6              1                    S  8q     352220 1 1 2 3 2 2    21.0   17.0
45117717.877000 2.070E-55 1.583E-10.01610.01612123.81910.700.000691              6              0                    Q 15q     352220 1 1 2 3 2 2    93.0   93.0
45117717.877584 2.450E-57 1.879E-12.01500.01512123.81910.150.000074              6              0                    Q 15m     582220 3 3 2 3 2 2    93.0   93.0
45117731.809600 9.063E-38 8.248E-09.01390.014 4273.74060.700.000523              6              1                    S  1q     352220 1 1 2 3 2 2    21.0    9.0
45117778.299944 7.479E-69 8.808E-12.03080.03117833.76470.230.000081             11              3                    Q 11m     582220 3 3 2 3 2 2    69.0   69.0
45117778.300400 1.054E-66 1.238E-09.02230.02217833.76470.700.000943             11              3                    Q 11q     352220 1 1 2 3 2 2    69.0   69.0
45117787.475600 3.932E-52 2.142E-09.01610.01610955.61770.700.000676              8              2                    Q  7q     352220 1 1 2 3 2 2    45.0   45.0
45117787.476138 1.279E-54 6.994E-12.01530.01510955.61770.110.000070              8              2                    Q  7m     582220 3 3 2 3 2 2    45.0   45.0
45117787.777400 1.639E-61 9.358E-09.02080.02115250.36570.700.000739             11              4                    S  0q     352220 1 1 2 3 2 2     5.0    1.0
45117797.241500 3.437E-61 4.705E-08.01920.01915818.28780.700.000790             11              4                    S  3q     352220 1 1 2 3 2 2    33.0   21.0
45117800.724600 3.870E-64 1.323E-09.02230.02216631.91060.700.000772             10              2                    O 13q     352220 1 1 2 3 2 2    69.0   81.0
45117803.474000 7.525E-58 2.647E-09.01920.01913507.28160.700.000713              9              2                    O 10q     352220 1 1 2 3 2 2    17.0   21.0
45117826.045900 9.698E-43 4.652E-08.01300.013 7187.52560.700.000620              6              1                    S  7q     352220 1 1 2 3 2 2    57.0   45.0
45117835.017300 2.107E-38 1.345E-08.01440.014 4497.83850.700.000538              6              1                    S  2q     352220 1 1 2 3 2 2     9.0    5.0
45117835.953400 4.453E-57 8.332E-10.01920.01913191.15250.700.000675              8              1                    O 13q     352220 1 1 2 3 2 2    69.0   81.0
45117840.670400 9.030E-61 1.964E-08.02010.02015345.80980.700.000783             11              4                    S  1q     352220 1 1 2 3 2 2    21.0    9.0
45117844.358600 2.528E-61 3.231E-08.02060.02115535.74330.700.000771             11              4                    S  2q     352220 1 1 2 3 2 2     9.0    5.0
45117851.324400 1.554E-61 2.368E-09.01920.01915228.88930.700.000812             10              3                    Q  8q     352220 1 1 2 3 2 2    17.0   17.0
45117851.324499 6.424E-64 9.820E-12.02470.02515228.88930.170.000076             10              3                    Q  8m     582220 3 3 2 3 2 2    17.0   17.0
45117861.927400 1.366E-46 1.553E-09.01610.016 8007.58220.700.000623              7              1                    O  8q     352220 1 1 2 3 2 2    13.0   17.0
45117864.844100 8.226E-58 7.385E-08.01610.01614493.53840.700.000738              8              2                    S 11q     352220 1 1 2 3 2 2    81.0   69.0
45117876.191400 2.416E-35 1.530E-13.01440.014  705.51890.700.000481              5              0                    O  3q     352220 1 1 2 3 2 2     9.0   21.0
45117881.508000 1.054E-44 3.886E-10.01610.016 7132.06350.700.000586              6              0                    O 11q     352220 1 1 2 3 2 2    57.0   69.0
45117883.055800 8.492E-59 2.856E-09.01920.01913839.11330.700.000792             10              3                    O  6q     352220 1 1 2 3 2 2     9.0   13.0
45117897.484800 1.372E-60 2.629E-08.01610.01615649.59370.700.000777              7              1                    S 15q     352220 1 1 2 3 2 2   105.0   93.0
45117897.864400 1.364E-64 1.687E-09.02230.02216649.46880.700.001131             12              4                    O  5q     352220 1 1 2 3 2 2    21.0   33.0
45117899.494900 8.738E-42 4.016E-08.01300.013 6454.38870.700.000609              6              1                    S  6q     352220 1 1 2 3 2 2    17.0   13.0
45117899.929300 2.267E-35 4.046E-10.01300.013 2414.89700.700.000530              5              0                    Q  6q     352220 1 1 2 3 2 2    13.0   13.0
45117899.929732 5.686E-38 1.021E-12.01170.012 2414.89700.060.000061              5              0                    Q  6m     582220 3 3 2 3 2 2    13.0   13.0
45117904.194500 2.201E-38 1.954E-08.01320.013 4831.39150.700.000579              6              1                    S  3q     352220 1 1 2 3 2 2    33.0   21.0
45117906.399400 6.701E-50 4.891E-10.01630.016 9139.89760.700.000614              8              2                    O  4q     352220 1 1 2 3 2 2     5.0    9.0
45117918.871840 2.040E-68 5.705E-12.05260.05317190.39110.210.000078             12              4                    Q  6m     582220 3 3 2 3 2 2    13.0   13.0
45117918.872300 8.175E-66 2.269E-09.02230.02217190.39110.700.000988             12              4                    Q  6q     352220 1 1 2 3 2 2    13.0   13.0
45117924.088300 2.282E-62 1.067E-09.01920.01915537.17360.700.000766              9              2                    Q 12q     352220 1 1 2 3 2 2    25.0   25.0
45117924.088391 1.910E-64 8.974E-12.01860.01915537.17360.170.000078              9              2                    Q 12m     582220 3 3 2 3 2 2    25.0   25.0
45117936.923200 4.292E-40 3.327E-08.01300.013 5813.92170.700.000597              6              1                    S  5q     352220 1 1 2 3 2 2    45.0   33.0
45117938.378200 1.367E-39 2.625E-08.01300.013 5271.37940.700.000589              6              1                    S  4q     352220 1 1 2 3 2 2    13.0    9.0
45117955.722600 5.755E-48 1.467E-08.01300.013 9523.79160.700.000649              5              0                    S 13q     352220 1 1 2 3 2 2    93.0   81.0
45117957.067500 2.397E-52 7.551E-10.01610.01610926.97290.700.000680              7              1                    Q 11q     352220 1 1 2 3 2 2    69.0   69.0
45117957.067974 1.727E-54 5.537E-12.01450.01510926.97290.130.000071              7              1                    Q 11m     572220 3 3 2 3 2 2    69.0   69.0
45118007.893400 2.123E-63 7.694E-08.01920.01916904.05820.700.000852             10              3                    S 10q     352220 1 1 2 3 2 2    25.0   21.0
45118023.566500 3.045E-51 2.016E-09.01610.01610261.12850.700.000666              8              2                    Q  6q     352220 1 1 2 3 2 2    13.0   13.0
45118023.567058 7.688E-54 5.112E-12.01520.01510261.12850.110.000069              8              2                    Q  6m     582220 3 3 2 3 2 2    13.0   13.0
45118026.952100 1.940E-65 3.620E-08.01920.01917771.57110.700.000828              9              2                    S 14q     352220 1 1 2 3 2 2    33.0   29.0
45118041.992200 4.628E-65 6.180E-11.01920.01916304.80690.700.000760              7              0                    Q 18q     352220 1 1 2 3 2 2    37.0   37.0
45118041.992443 7.541E-67 1.008E-12.01730.01716304.80690.210.000080              7              0                    Q 18m     582220 3 3 2 3 2 2    37.0   37.0
45118043.843600 3.975E-63 4.791E-09.01610.01616304.80690.700.000796              6              0                    S 18q     352220 1 1 2 3 2 2    41.0   37.0
45118045.873800 4.060E-65 5.265E-08.02230.02217808.71100.700.001008             12              4                    S  7q     352220 1 1 2 3 2 2    57.0   45.0
45118066.805900 1.436E-33 3.872E-10.01300.013 1740.18960.700.000522              5              0                    Q  5q     352220 1 1 2 3 2 2    33.0   33.0
45118066.806463 2.650E-36 7.190E-13.01160.012 1740.18960.060.000060              5              0                    Q  5m     582220 3 3 2 3 2 2    33.0   33.0
45118088.963632 2.579E-69 5.569E-12.02270.02317771.57110.240.000082             10              2                    Q 14m     582220 3 3 2 3 2 2    29.0   29.0
45118088.963900 2.362E-67 5.050E-10.02230.02217771.57110.700.000879             10              2                    Q 14q     352220 1 1 2 3 2 2    29.0   29.0
45118098.041100 1.534E-62 3.394E-10.01920.01915649.59370.700.000767              8              1                    Q 15q     352220 1 1 2 3 2 2    93.0   93.0
45118098.041323 1.860E-64 4.126E-12.01780.01815649.59370.200.000080              8              1                    Q 15m     582220 3 3 2 3 2 2    93.0   93.0
45118137.556400 1.566E-32 1.667E-10.01320.013  354.37320.580.000516              5              0                    O  2q     352220 1 1 2 3 2 2     1.0    5.0
45118141.132400 2.821E-65 4.270E-11.02230.02216304.80690.700.000661              8              0                    O 18q     352220 1 1 2 3 2 2    33.0   37.0
45118160.258400 1.039E-62 3.095E-09.02230.02216033.74170.700.000915             11              3                    O  9q     352220 1 1 2 3 2 2    45.0   57.0
45118161.756800 3.536E-53 1.470E-10.01610.01610801.01210.700.000681              6              0                    Q 14q     352220 1 1 2 3 2 2    29.0   29.0
45118161.757334 3.815E-55 1.591E-12.01460.01510801.01210.140.000073              6              0                    Q 14m     582220 3 3 2 3 2 2    29.0   29.0
45118174.837100 2.875E-56 7.167E-08.01610.01613507.28160.700.000722              8              2                    S 10q     352220 1 1 2 3 2 2    25.0   21.0
45118180.415000 2.211E-50 1.216E-11.01740.017 8722.70200.700.000582              8              2                    O  3q     352220 1 1 2 3 2 2     9.0   21.0
45118185.967300 1.293E-59 2.185E-09.01920.01914495.44310.700.000804             10              3                    Q  7q     352220 1 1 2 3 2 2    45.0   45.0
45118185.967482 4.358E-62 7.397E-12.02450.02514495.44310.160.000073             10              3                    Q  7m     582220 3 3 2 3 2 2    45.0   45.0
45118207.231000 5.998E-33 3.746E-10.01320.013 1168.79750.700.000544              5              0                    Q  4q     352220 1 1 2 3 2 2     9.0    9.0
45118207.231499 7.526E-36 4.732E-13.01200.012 1168.79750.060.000056              5              0                    Q  4m     582220 3 3 2 3 2 2     9.0    9.0
45118222.755600 6.790E-46 1.482E-08.01300.013 8298.60140.700.000636              5              0                    S 12q     352220 1 1 2 3 2 2    29.0   25.0
45118227.472500 1.368E-49 1.909E-09.01610.016 9654.19720.700.000654              8              2                    Q  5q     352220 1 1 2 3 2 2    33.0   33.0
45118227.473039 2.544E-52 3.566E-12.01480.015 9654.19720.110.000068              8              2                    Q  5m     582220 3 3 2 3 2 2    33.0   33.0
45118231.631300 1.927E-57 1.775E-09.01920.01913265.26810.700.000791             10              3                    O  5q     352220 1 1 2 3 2 2    21.0   33.0
45118235.515200 1.181E-64 6.847E-10.02230.02216190.70270.700.001020             12              4                    O  4q     352220 1 1 2 3 2 2     5.0    9.0
45118242.534500 1.508E-44 1.309E-09.01610.016 7187.52560.700.000637              7              1                    O  7q     352220 1 1 2 3 2 2    33.0   45.0
45118243.739466 4.841E-67 3.990E-12.04220.04216649.46880.200.000077             12              4                    Q  5m     582220 3 3 2 3 2 2    33.0   33.0
45118243.739800 2.609E-64 2.133E-09.02230.02216649.46880.700.000974             12              4                    Q  5q     352220 1 1 2 3 2 2    33.0   33.0
45118244.342500 1.394E-55 1.298E-10.01920.01912123.81910.700.000653              7              0                    O 15q     352220 1 1 2 3 2 2    81.0   93.0
45118269.350700 1.604E-55 2.533E-09.01920.01912584.71620.700.000719              9              2                    O  9q     352220 1 1 2 3 2 2    45.0   57.0
45118306.293100 1.036E-50 6.995E-10.01610.016 9883.73750.700.000672              7              1                    Q 10q     352220 1 1 2 3 2 2    21.0   21.0
45118306.293547 6.524E-53 4.494E-12.01450.015 9883.73750.130.000070              7              1                    Q 10m     572220 3 3 2 3 2 2    21.0   21.0
45118320.485400 1.296E-31 3.695E-10.01440.014  705.51890.700.000497              5              0                    Q  3q     352220 1 1 2 3 2 2    21.0   21.0
45118320.485866 9.781E-35 2.807E-13.01260.013  705.51890.090.000055              5              0                    Q  3m     582220 3 3 2 3 2 2    21.0   21.0
45118322.963300 6.286E-43 3.865E-10.01610.016 6030.92030.700.000617              6              0                    O 10q     352220 1 1 2 3 2 2    17.0   21.0
45118339.489354 1.601E-67 7.190E-12.03070.03116904.05820.230.000080             11              3                    Q 10m     582220 3 3 2 3 2 2    21.0   21.0
45118339.489600 2.548E-65 1.140E-09.02230.02216904.05820.700.000929             11              3                    Q 10q     352220 1 1 2 3 2 2    21.0   21.0
45118343.018300 1.879E-58 2.760E-08.01610.01614399.22040.700.000760              7              1                    S 14q     352220 1 1 2 3 2 2    33.0   29.0
45118368.099300 3.746E-55 8.710E-10.01920.01912031.60910.700.000679              8              1                    O 12q     352220 1 1 2 3 2 2    21.0   25.0
45118393.986800 8.687E-60 9.706E-10.01920.01914493.53840.700.000754              9              2                    Q 11q     352220 1 1 2 3 2 2    69.0   69.0
45118393.986971 6.474E-62 7.262E-12.01860.01914493.53840.180.000077              9              2                    Q 11m     582220 3 3 2 3 2 2    69.0   69.0
45118397.998900 1.328E-62 3.486E-10.02230.02215649.59370.700.000705              9              1                    O 15q     352220 1 1 2 3 2 2    81.0   93.0
45118398.551400 4.276E-49 1.830E-09.01630.016 9139.89760.700.000637              8              2                    Q  4q     352220 1 1 2 3 2 2     9.0    9.0
45118398.551921 5.416E-52 2.329E-12.01450.014 9139.89760.120.000067              8              2                    Q  4m     582220 3 3 2 3 2 2     9.0    9.0
45118398.893500 3.700E-61 7.378E-08.01920.01916033.74170.700.000829             10              3                    S  9q     352220 1 1 2 3 2 2    69.0   57.0
45118405.970400 1.749E-31 3.835E-10.01390.014  354.37320.700.000505              5              0                    Q  2q     352220 1 1 2 3 2 2     5.0    5.0
45118405.970876 6.301E-35 1.391E-13.01200.012  354.37320.120.000056              5              0                    Q  2m     582220 3 3 2 3 2 2     5.0    5.0
45118407.553700 2.155E-64 4.827E-08.02230.02217190.39110.700.000963             12              4                    S  6q     352220 1 1 2 3 2 2    17.0   13.0
45118424.729700 6.209E-49 6.785E-10.01700.017 8406.36090.700.000565              8              2                    O  2q     352220 1 1 2 3 2 2     1.0    5.0
45118425.333200 2.369E-62 1.393E-09.02230.02215537.17360.700.000776             10              2                    O 12q     352220 1 1 2 3 2 2    21.0   25.0
45118442.389700 6.440E-54 6.758E-08.01610.01612584.71620.700.000700              8              2                    S  9q     352220 1 1 2 3 2 2    69.0   57.0
45118458.048300 5.295E-43 1.464E-08.01300.013 7132.06350.700.000623              5              0                    S 11q     352220 1 1 2 3 2 2    81.0   69.0
45118463.223400 1.349E-30 5.254E-10.01420.014  118.48690.700.000511              5              0                    Q  1q     352220 1 1 2 3 2 2     9.0    9.0
45118463.223893 1.175E-34 4.608E-14.01270.013  118.48690.110.000053              5              0                    Q  1m     582220 3 3 2 3 2 2     9.0    9.0
45118479.633800 8.149E-59 2.026E-09.01920.01913839.11330.700.000788             10              3                    Q  6q     352220 1 1 2 3 2 2    13.0   13.0
45118479.634015 2.153E-61 5.401E-12.02430.02413839.11330.150.000072             10              3                    Q  6m     582220 3 3 2 3 2 2    13.0   13.0
45118513.581985 7.776E-67 2.604E-12.03210.03216190.70270.210.000076             12              4                    Q  4m     582220 3 3 2 3 2 2     9.0    9.0
45118513.582200 6.095E-64 2.023E-09.02230.02216190.70270.700.000936             12              4                    Q  4q     352220 1 1 2 3 2 2     9.0    9.0
45118525.560500 7.982E-65 4.341E-11.02380.02415818.28780.700.000810             12              4                    O  3q     352220 1 1 2 3 2 2     9.0   21.0
45118536.210100 7.312E-48 1.792E-09.01740.017 8722.70200.700.000587              8              2                    Q  3q     352220 1 1 2 3 2 2    21.0   21.0
45118536.210644 5.578E-51 1.373E-12.01450.015 8722.70200.130.000062              8              2                    Q  3m     582220 3 3 2 3 2 2    21.0   21.0
45118546.135200 2.010E-57 7.562E-10.01920.01912778.81530.700.000746             10              3                    O  4q     352220 1 1 2 3 2 2     5.0    9.0
45118572.206200 1.186E-59 5.253E-09.01610.01614881.55250.700.000784              6              0                    S 17q     352220 1 1 2 3 2 2   117.0  105.0
45118581.844800 4.338E-50 1.360E-10.01610.016 9523.79160.700.000651              6              0                    Q 13q     352220 1 1 2 3 2 2    81.0   81.0
45118581.845316 4.247E-52 1.337E-12.01460.015 9523.79160.140.000070              6              0                    Q 13m     582220 3 3 2 3 2 2    81.0   81.0
45118593.945800 1.388E-62 3.841E-08.01920.01916631.91060.700.000810              9              2                    S 13q     352220 1 1 2 3 2 2    93.0   81.0
45118602.018300 1.066E-43 9.994E-10.01610.016 6454.38870.700.000631              7              1                    O  6q     352220 1 1 2 3 2 2     9.0   13.0
45118627.509600 2.878E-48 6.473E-10.01610.016 8908.44080.700.000664              7              1                    Q  9q     352220 1 1 2 3 2 2    57.0   57.0
45118627.510052 1.558E-50 3.574E-12.01450.014 8908.44080.120.000067              7              1                    Q  9m     572220 3 3 2 3 2 2    57.0   57.0
45118639.936100 8.267E-48 1.849E-09.01700.017 8406.36090.700.000564              8              2                    Q  2q     352220 1 1 2 3 2 2     5.0    5.0
45118639.936646 3.015E-51 6.774E-13.01350.013 8406.36090.150.000063              8              2                    Q  2m     582220 3 3 2 3 2 2     5.0    5.0
45118650.018300 1.780E-60 3.076E-10.01920.01914399.22040.700.000739              8              1                    Q 14q     352220 1 1 2 3 2 2    29.0   29.0
45118650.018532 1.985E-62 3.462E-12.01730.01714399.22040.190.000079              8              1                    Q 14m     582220 3 3 2 3 2 2    29.0   29.0
45118659.612300 1.314E-61 2.860E-09.02230.02215228.88930.700.000915             11              3                    O  8q     352220 1 1 2 3 2 2    13.0   17.0
45118660.675900 3.253E-41 1.411E-08.01300.013 6030.92030.700.000637              5              0                    S 10q     352220 1 1 2 3 2 2    25.0   21.0
45118665.526000 1.123E-61 5.598E-11.01920.01914881.55250.700.000737              7              0                    Q 17q     352220 1 1 2 3 2 2   105.0  105.0
45118665.526324 1.703E-63 8.403E-13.01730.01714881.55250.200.000081              7              0                    Q 17m     572220 3 3 2 3 2 2   105.0  105.0
45118667.593600 1.104E-52 6.184E-08.01610.01611732.11480.700.000687              8              2                    S  8q     352220 1 1 2 3 2 2    21.0   17.0
45118697.086800 6.534E-63 4.115E-08.02230.02216649.46880.700.000978             12              4                    S  5q     352220 1 1 2 3 2 2    45.0   33.0
45118709.094600 2.553E-54 2.320E-09.01920.01911732.11480.700.000719              9              2                    O  8q     352220 1 1 2 3 2 2    13.0   17.0
45118709.322700 5.661E-47 2.522E-09.01760.018 8193.79430.700.000568              8              2                    Q  1q     352220 1 1 2 3 2 2     9.0    9.0
45118709.323202 4.999E-51 2.237E-13.01560.016 8193.79430.160.000059              8              2                    Q  1m     582220 3 3 2 3 2 2     9.0    9.0
45118729.045131 6.373E-66 1.532E-12.02400.02415818.28780.220.000074             12              4                    Q  3m     582220 3 3 2 3 2 2    21.0   21.0
45118729.045400 8.228E-63 1.960E-09.02380.02415818.28780.700.000864             12              4                    Q  3q     352220 1 1 2 3 2 2    21.0   21.0
45118732.184900 3.060E-57 1.893E-09.01920.01913265.26810.700.000771             10              3                    Q  5q     352220 1 1 2 3 2 2    33.0   33.0
45118732.185133 6.004E-60 3.776E-12.02250.02213265.26810.160.000074             10              3                    Q  5m     582220 3 3 2 3 2 2    33.0   33.0
45118733.617500 5.014E-60 6.811E-08.01920.01915228.88930.700.000819             10              3                    S  8q     352220 1 1 2 3 2 2    21.0   17.0
45118748.485000 1.845E-55 2.830E-08.01610.01613191.15250.700.000729              7              1                    S 13q     352220 1 1 2 3 2 2    93.0   81.0
45118748.882000 2.275E-40 3.722E-10.01610.016 5001.96290.700.000622              6              0                    O  9q     352220 1 1 2 3 2 2    45.0   57.0
45118759.606936 1.439E-66 4.724E-12.02190.02216631.91060.240.000081             10              2                    Q 13m     582220 3 3 2 3 2 2    81.0   81.0
45118759.607000 1.428E-64 4.618E-10.02230.02216631.91060.700.000864             10              2                    Q 13q     352220 1 1 2 3 2 2    81.0   81.0
45118760.343600 1.902E-30 7.739E-10.01420.014    0.00000.700.000488              5              0                    S  0q     352220 1 1 2 3 2 2     5.0    1.0
45118766.430800 4.664E-64 5.933E-10.02320.02315535.74330.700.000757             12              4                    O  2q     352220 1 1 2 3 2 2     1.0    5.0
45118811.078300 2.710E-53 1.402E-10.01920.01910801.01210.700.000654              7              0                    O 14q     352220 1 1 2 3 2 2    25.0   29.0
45118824.788200 2.286E-57 7.226E-11.02060.02112384.08180.700.000680             10              3                    O  3q     352220 1 1 2 3 2 2     9.0   21.0
45118826.227900 2.766E-58 8.807E-10.01920.01913507.28160.700.000743              9              2                    Q 10q     352220 1 1 2 3 2 2    21.0   21.0
45118826.228184 1.812E-60 5.795E-12.01910.01913507.28160.170.000076              9              2                    Q 10m     582220 3 3 2 3 2 2    21.0   21.0
45118829.709400 1.230E-38 1.324E-08.01300.013 5001.96290.700.000625              5              0                    S  9q     352220 1 1 2 3 2 2    69.0   57.0
45118844.882374 2.246E-65 5.708E-12.02950.03016033.74170.220.000077             11              3                    Q  9m     582220 3 3 2 3 2 2    57.0   57.0
45118844.882400 4.095E-63 1.037E-09.02230.02216033.74170.700.000920             11              3                    Q  9q     352220 1 1 2 3 2 2    57.0   57.0
45118850.422000 1.132E-50 5.467E-08.01610.01610955.61770.700.000687              8              2                    S  7q     352220 1 1 2 3 2 2    57.0   45.0
45118862.267800 4.007E-66 1.412E-10.02230.02216936.25540.700.000780              9              1                    Q 16q     352220 1 1 2 3 2 2    33.0   33.0
45118862.267849 5.593E-68 1.975E-12.02040.02016936.25540.250.000082              9              1                    Q 16m     582220 3 3 2 3 2 2    33.0   33.0
45118866.082300 8.150E-62 4.686E-11.02230.02214881.55250.700.000675              8              0                    O 17q     352220 1 1 2 3 2 2    93.0  105.0
45118870.251600 3.966E-64 1.247E-08.01920.01916936.25540.700.000786              8              1                    S 16q     352220 1 1 2 3 2 2    37.0   33.0
45118879.066800 2.124E-52 8.952E-10.01920.01910926.97290.700.000682              8              1                    O 11q     352220 1 1 2 3 2 2    57.0   69.0
45118890.474478 2.897E-66 7.538E-13.01620.01615535.74330.220.000071             12              4                    Q  2m     582220 3 3 2 3 2 2     5.0    5.0
45118890.474600 7.773E-63 2.004E-09.02320.02315535.74330.700.000762             12              4                    Q  2q     352220 1 1 2 3 2 2     5.0    5.0
45118907.517400 9.533E-30 1.669E-09.01390.014  118.48690.700.000544              5              0                    S  1q     352220 1 1 2 3 2 2    21.0    9.0
45118918.560700 1.364E-62 3.273E-08.02230.02216190.70270.700.000934             12              4                    S  4q     352220 1 1 2 3 2 2    13.0    9.0
45118919.949500 6.138E-47 5.988E-10.01610.016 8007.58220.700.000659              7              1                    Q  8q     352220 1 1 2 3 2 2    17.0   17.0
45118919.949932 2.795E-49 2.781E-12.01440.014 8007.58220.110.000066              7              1                    Q  8m     572220 3 3 2 3 2 2    17.0   17.0
45118938.541700 3.519E-42 6.516E-10.01610.016 5813.92170.700.000620              7              1                    O  5q     352220 1 1 2 3 2 2    21.0   33.0
45118943.353800 8.212E-57 1.791E-09.01920.01912778.81530.700.000748             10              3                    Q  4q     352220 1 1 2 3 2 2     9.0    9.0
45118943.354098 1.107E-59 2.419E-12.01970.02012778.81530.150.000073             10              3                    Q  4m     582220 3 3 2 3 2 2     9.0    9.0
45118959.294400 7.869E-47 3.856E-09.01760.018 8087.00260.700.000566              8              2                    S  0q     352220 1 1 2 3 2 2     5.0    1.0
45118964.279500 3.407E-37 1.207E-08.01300.013 4051.94300.700.000614              5              0                    S  8q     352220 1 1 2 3 2 2    21.0   17.0
45118977.646700 4.568E-48 1.255E-10.01610.016 8298.60140.700.000641              6              0                    Q 12q     352220 1 1 2 3 2 2    25.0   25.0
45118977.647227 4.036E-50 1.114E-12.01460.015 8298.60140.140.000071              6              0                    Q 12m     582220 3 3 2 3 2 2    25.0   25.0
45118990.839900 8.282E-50 4.655E-08.01610.01610261.12850.700.000676              8              2                    S  6q     352220 1 1 2 3 2 2    17.0   13.0
45118998.038357 4.278E-66 2.484E-13.02400.02415345.80980.240.000062             12              4                    Q  1m     582220 3 3 2 3 2 2     9.0    9.0
45118998.038500 4.717E-62 2.714E-09.02420.02415345.80980.700.000791             12              4                    Q  1q     352220 1 1 2 3 2 2     9.0    9.0
45119013.923300 4.146E-58 6.048E-08.01920.01914495.44310.700.000802             10              3                    S  7q     352220 1 1 2 3 2 2    57.0   45.0
45119015.828000 9.960E-60 1.440E-09.02230.02214493.53840.700.000787             10              2                    O 11q     352220 1 1 2 3 2 2    57.0   69.0
45119021.655300 2.158E-30 2.808E-09.01440.014  354.37320.700.000522              5              0                    S  2q     352220 1 1 2 3 2 2     9.0    5.0
45119062.041500 1.800E-60 3.769E-10.02230.02214399.22040.700.000692              9              1                    O 14q     352220 1 1 2 3 2 2    25.0   29.0
45119062.844300 3.369E-57 5.629E-09.01610.01613485.98970.700.000773              6              0                    S 16q     352220 1 1 2 3 2 2    37.0   33.0
45119063.639000 5.397E-35 1.065E-08.01300.013 3187.47050.700.000571              5              0                    S  7q     352220 1 1 2 3 2 2    57.0   45.0
45119065.117800 4.247E-46 8.420E-09.01700.017 8193.79430.700.000603              8              2                    S  1q     352220 1 1 2 3 2 2    21.0    9.0
45119065.694000 6.503E-57 4.428E-10.02010.02012084.69700.700.000619             10              3                    O  2q     352220 1 1 2 3 2 2     1.0    5.0
45119068.966900 9.494E-64 3.858E-08.02230.02216904.05820.700.000950             11              3                    S 10q     352220 1 1 2 3 2 2    25.0   21.0
45119074.920800 1.536E-61 2.415E-08.02230.02215818.28780.700.000893             12              4                    S  3q     352220 1 1 2 3 2 2    33.0   21.0
45119088.896100 3.381E-48 3.796E-08.01610.016 9654.19720.700.000665              8              2                    S  5q     352220 1 1 2 3 2 2    45.0   33.0
45119101.476600 2.120E-30 4.181E-09.01320.013  705.51890.700.000564              5              0                    S  3q     352220 1 1 2 3 2 2    33.0   21.0
45119101.549300 8.565E-61 3.920E-08.01920.01915537.17360.700.000761              9              2                    S 12q     352220 1 1 2 3 2 2    29.0   25.0
45119112.817600 1.241E-55 1.733E-09.02060.02112384.08180.700.000688             10              3                    Q  3q     352220 1 1 2 3 2 2    21.0   21.0
45119112.817959 1.014E-58 1.421E-12.01770.01812384.08180.180.000071             10              3                    Q  3m     582220 3 3 2 3 2 2    21.0   21.0
45119114.500000 1.555E-53 2.835E-08.01610.01612031.60910.700.000733              7              1                    S 12q     352220 1 1 2 3 2 2    29.0   25.0
45119120.086200 9.763E-60 2.487E-09.02230.02214495.44310.700.000916             11              3                    O  7q     352220 1 1 2 3 2 2    33.0   45.0
45119121.549700 2.331E-52 2.001E-09.01920.01910955.61770.700.000714              9              2                    O  7q     352220 1 1 2 3 2 2    33.0   45.0
45119127.222700 5.816E-34 9.063E-09.01300.013 2414.89700.700.000590              5              0                    S  6q     352220 1 1 2 3 2 2    17.0   13.0
45119132.088100 1.091E-46 1.428E-08.01740.017 8406.36090.700.000620              8              2                    S  2q     352220 1 1 2 3 2 2     9.0    5.0
45119144.797400 9.160E-48 2.939E-08.01610.016 9139.89760.700.000651              8              2                    S  4q     352220 1 1 2 3 2 2    13.0    9.0
45119146.028800 1.199E-31 5.732E-09.01300.013 1168.79750.700.000572              5              0                    S  4q     352220 1 1 2 3 2 2    13.0    9.0
45119154.701300 3.326E-32 7.392E-09.01300.013 1740.18960.700.000547              5              0                    S  5q     352220 1 1 2 3 2 2    45.0   33.0
45119157.814600 5.884E-39 3.436E-10.01610.016 4051.94300.700.000622              6              0                    O  8q     352220 1 1 2 3 2 2    13.0   17.0
45119158.967700 1.282E-46 2.136E-08.01630.016 8722.70200.700.000637              8              2                    S  3q     352220 1 1 2 3 2 2    33.0   21.0
45119167.230000 1.509E-57 2.778E-10.01920.01913191.15250.700.000742              8              1                    Q 13q     352220 1 1 2 3 2 2    81.0   81.0
45119167.230343 1.544E-59 2.850E-12.01730.01713191.15250.190.000078              8              1                    Q 13m     582220 3 3 2 3 2 2    81.0   81.0
45119168.541600 1.101E-61 1.624E-08.02380.02415535.74330.700.000872             12              4                    S  2q     352220 1 1 2 3 2 2     9.0    5.0
45119175.852200 6.520E-62 4.326E-09.02420.02415250.36570.700.000836             12              4                    S  0q     352220 1 1 2 3 2 2     5.0    1.0
45119182.774600 7.885E-45 5.548E-10.01610.016 7187.52560.700.000633              7              1                    Q  7q     352220 1 1 2 3 2 2    45.0   45.0
45119182.775151 2.934E-47 2.106E-12.01430.014 7187.52560.120.000069              7              1                    Q  7m     572220 3 3 2 3 2 2    45.0   45.0
45119201.523400 3.792E-61 9.553E-09.02320.02315345.80980.700.000885             12              4                    S  1q     352220 1 1 2 3 2 2    21.0    9.0
45119221.130500 5.783E-56 7.980E-10.01920.01912584.71620.700.000739              9              2                    Q  9q     352220 1 1 2 3 2 2    57.0   57.0
45119221.130871 3.277E-58 4.492E-12.01910.01912584.71620.170.000073              9              2                    Q  9m     572220 3 3 2 3 2 2    57.0   57.0
45119240.253500 1.278E-55 1.773E-09.02010.02012084.69700.700.000625             10              3                    Q  2q     352220 1 1 2 3 2 2     5.0    5.0
45119240.253869 5.016E-59 6.989E-13.01380.01412084.69700.200.000068             10              3                    Q  2m     582220 3 3 2 3 2 2     5.0    5.0
45119241.100400 2.499E-57 5.152E-08.01920.01913839.11330.700.000771             10              3                    S  6q     352220 1 1 2 3 2 2    17.0   13.0
45119250.124100 5.410E-42 3.111E-10.01630.016 5271.37940.700.000600              7              1                    O  4q     352220 1 1 2 3 2 2     5.0    9.0
45119256.249000 2.646E-59 5.058E-11.01920.01913485.98970.700.000743              7              0                    Q 16q     352220 1 1 2 3 2 2    33.0   33.0
45119256.249552 3.732E-61 7.113E-13.01790.01813485.98970.200.000080              7              0                    Q 16m     582220 3 3 2 3 2 2    33.0   33.0
45119297.353900 5.263E-62 9.370E-10.02230.02215228.88930.700.000915             11              3                    Q  8q     352220 1 1 2 3 2 2    17.0   17.0
45119297.353953 2.468E-64 4.412E-12.02930.02915228.88930.210.000078             11              3                    Q  8m     582220 3 3 2 3 2 2    17.0   17.0
45119325.382200 8.218E-55 2.402E-09.02080.02111883.48780.700.000650             10              3                    Q  1q     352220 1 1 2 3 2 2     9.0    9.0
45119325.382600 7.838E-59 2.300E-13.01840.01811883.48780.180.000063             10              3                    Q  1m     582220 3 3 2 3 2 2     9.0    9.0
45119348.462800 3.234E-45 1.153E-10.01610.016 7132.06350.700.000654              6              0                    Q 11q     352220 1 1 2 3 2 2    69.0   69.0
45119348.463450 2.561E-47 9.186E-13.01450.015 7132.06350.120.000068              6              0                    Q 11m     582220 3 3 2 3 2 2    69.0   69.0
45119360.248800 3.756E-50 1.501E-10.01920.019 9523.79160.700.000655              7              0                    O 13q     352220 1 1 2 3 2 2    69.0   81.0
45119368.230900 9.637E-51 8.997E-10.01920.019 9883.73750.700.000672              8              1                    O 10q     352220 1 1 2 3 2 2    17.0   21.0
45119374.778000 7.592E-63 4.146E-10.02230.02215537.17360.700.000833             10              2                    Q 12q     352220 1 1 2 3 2 2    25.0   25.0
45119374.778072 7.002E-65 3.866E-12.02240.02215537.17360.230.000080             10              2                    Q 12m     582220 3 3 2 3 2 2    25.0   25.0
45119415.120900 7.298E-44 5.160E-10.01610.016 6454.38870.700.000624              7              1                    Q  6q     352220 1 1 2 3 2 2    13.0   13.0
45119415.121487 2.134E-46 1.539E-12.01420.014 6454.38870.100.000068              7              1                    Q  6m     572220 3 3 2 3 2 2    13.0   13.0
45119416.142300 8.595E-56 4.189E-08.01920.01913265.26810.700.000754             10              3                    S  5q     352220 1 1 2 3 2 2    45.0   33.0
45119441.188700 8.817E-51 2.773E-08.01610.01610926.97290.700.000723              7              1                    S 11q     352220 1 1 2 3 2 2    81.0   69.0
45119486.009700 5.896E-61 1.339E-08.01920.01915649.59370.700.000815              8              1                    S 15q     352220 1 1 2 3 2 2   105.0   93.0
45119501.700100 1.405E-65 2.192E-11.02230.02216304.80690.700.000771              8              0                    Q 18q     352220 1 1 2 3 2 2    37.0   37.0
45119501.700146 2.410E-67 3.769E-13.01970.02016304.80690.260.000086              8              0                    Q 18m     582220 3 3 2 3 2 2    37.0   37.0
45119505.290700 1.413E-51 1.582E-09.01920.01910261.12850.700.000707              9              2                    O  6q     352220 1 1 2 3 2 2     9.0   13.0
45119517.064500 7.191E-54 5.911E-09.01610.01612123.81910.700.000761              6              0                    S 15q     352220 1 1 2 3 2 2   105.0   93.0
45119534.681700 1.423E-41 5.515E-11.01740.017 4831.39150.700.000580              7              1                    O  3q     352220 1 1 2 3 2 2     9.0   21.0
45119539.931800 2.009E-55 3.227E-08.01920.01912778.81530.700.000754             10              3                    S  4q     352220 1 1 2 3 2 2    13.0    9.0
45119540.988600 4.934E-59 1.982E-09.02230.02213839.11330.700.000915             11              3                    O  6q     352220 1 1 2 3 2 2     9.0   13.0
45119542.559600 1.205E-54 3.967E-09.02080.02111782.39090.700.000653             10              3                    S  0q     352220 1 1 2 3 2 2     5.0    1.0
45119548.115500 8.346E-37 2.991E-10.01610.016 3187.47050.700.000617              6              0                    O  7q     352220 1 1 2 3 2 2    33.0   45.0
45119554.054200 3.598E-58 3.870E-08.01920.01914493.53840.700.000779              9              2                    S 11q     352220 1 1 2 3 2 2    81.0   69.0
45119563.249000 2.288E-59 5.137E-11.02230.02213485.98970.700.000665              8              0                    O 16q     352220 1 1 2 3 2 2    29.0   33.0
45119572.932100 3.421E-58 1.454E-09.02230.02213507.28160.700.000795             10              2                    O 10q     352220 1 1 2 3 2 2    17.0   21.0
45119576.262700 4.890E-63 1.266E-10.02230.02215649.59370.700.000773              9              1                    Q 15q     352220 1 1 2 3 2 2    93.0   93.0
45119576.262759 6.384E-65 1.659E-12.01980.02015649.59370.250.000083              9              1                    Q 15m     582220 3 3 2 3 2 2    93.0   93.0
45119578.323400 1.706E-61 3.852E-08.02230.02216033.74170.700.000913             11              3                    S  9q     352220 1 1 2 3 2 2    69.0   57.0
45119578.640800 9.497E-55 7.228E-10.01920.01911732.11480.700.000733              9              2                    Q  8q     352220 1 1 2 3 2 2    17.0   17.0
45119578.641292 4.563E-57 3.490E-12.01850.01811732.11480.170.000075              9              2                    Q  8m     582220 3 3 2 3 2 2    17.0   17.0
45119591.659400 1.627E-63 2.312E-09.01920.01916304.80690.700.000835              7              0                    S 18q     352220 1 1 2 3 2 2    41.0   37.0
45119613.371200 2.485E-54 2.326E-08.01920.01912384.08180.700.000731             10              3                    S  3q     352220 1 1 2 3 2 2    33.0   21.0
45119613.411600 6.891E-54 8.893E-09.02010.02011883.48780.700.000672             10              3                    S  1q     352220 1 1 2 3 2 2    21.0    9.0
45119616.138400 3.822E-42 4.832E-10.01610.016 5813.92170.700.000637              7              1                    Q  5q     352220 1 1 2 3 2 2    33.0   33.0
45119616.138932 8.323E-45 1.075E-12.01440.014 5813.92170.110.000068              7              1                    Q  5m     572220 3 3 2 3 2 2    33.0   33.0
45119637.472100 1.913E-54 1.536E-08.02060.02112084.69700.700.000709             10              3                    S  2q     352220 1 1 2 3 2 2     9.0    5.0
45119650.509600 1.118E-55 2.499E-10.01920.01912031.60910.700.000723              8              1                    Q 12q     352220 1 1 2 3 2 2    25.0   25.0
45119650.510027 1.045E-57 2.352E-12.01730.01712031.60910.190.000077              8              1                    Q 12m     582220 3 3 2 3 2 2    25.0   25.0
45119693.438500 1.838E-43 1.057E-10.01610.016 6030.92030.700.000648              6              0                    Q 10q     352220 1 1 2 3 2 2    21.0   21.0
45119693.439079 1.291E-45 7.472E-13.01450.014 6030.92030.120.000070              6              0                    Q 10m     582220 3 3 2 3 2 2    21.0   21.0
45119696.372700 1.769E-57 4.036E-10.02230.02213191.15250.700.000705              9              1                    O 13q     352220 1 1 2 3 2 2    69.0   81.0
45119698.557000 4.261E-60 8.450E-10.02230.02214495.44310.700.000898             11              3                    Q  7q     352220 1 1 2 3 2 2    45.0   45.0
45119698.557185 1.662E-62 3.315E-12.02930.02914495.44310.220.000078             11              3                    Q  7m     582220 3 3 2 3 2 2    45.0   45.0
45119728.352900 4.016E-49 2.645E-08.01610.016 9883.73750.700.000692              7              1                    S 10q     352220 1 1 2 3 2 2    25.0   21.0
45119785.027600 1.357E-41 4.579E-10.01630.016 5271.37940.700.000623              7              1                    Q  4q     352220 1 1 2 3 2 2     9.0    9.0
45119785.028144 2.034E-44 6.907E-13.01420.014 5271.37940.120.000063              7              1                    Q  4m     582220 3 3 2 3 2 2     9.0    9.0
45119790.076800 9.119E-42 6.452E-11.01700.017 4497.83850.700.000577              7              1                    O  2q     352220 1 1 2 3 2 2     1.0    5.0
45119815.818400 4.760E-56 4.554E-11.01920.01912123.81910.700.000720              7              0                    Q 15q     352220 1 1 2 3 2 2    93.0   93.0
45119815.818973 6.251E-58 6.007E-13.01730.01712123.81910.200.000079              7              0                    Q 15m     582220 3 3 2 3 2 2    93.0   93.0
45119834.652500 2.718E-48 8.780E-10.01920.019 8908.44080.700.000676              8              1                    O  9q     352220 1 1 2 3 2 2    45.0   57.0
45119858.666700 4.193E-50 1.092E-09.01920.019 9654.19720.700.000681              9              2                    O  5q     352220 1 1 2 3 2 2    21.0   33.0
45119891.429200 4.422E-48 1.588E-10.01920.019 8298.60140.700.000655              7              0                    O 12q     352220 1 1 2 3 2 2    21.0   25.0
45119898.449200 9.619E-53 6.557E-10.01920.01910955.61770.700.000716              9              2                    Q  7q     352220 1 1 2 3 2 2    45.0   45.0
45119898.449748 3.814E-55 2.613E-12.01840.01810955.61770.170.000074              9              2                    Q  7m     582220 3 3 2 3 2 2    45.0   45.0
45119917.958800 7.510E-36 2.397E-10.01610.016 2414.89700.700.000611              6              0                    O  6q     352220 1 1 2 3 2 2     9.0   13.0
45119921.071900 2.569E-40 4.438E-10.01740.017 4831.39150.700.000601              7              1                    Q  3q     352220 1 1 2 3 2 2    21.0   21.0
45119921.072550 2.341E-43 4.084E-13.01480.015 4831.39150.120.000065              7              1                    Q  3m     582220 3 3 2 3 2 2    21.0   21.0
45119921.212100 1.254E-57 1.379E-09.02230.02213265.26810.700.000898             11              3                    O  5q     352220 1 1 2 3 2 2    21.0   33.0
45119935.414100 1.383E-51 6.086E-09.01610.01610801.01210.700.000748              6              0                    S 14q     352220 1 1 2 3 2 2    33.0   29.0
45119939.096800 2.804E-60 3.681E-10.02230.02214493.53840.700.000825             10              2                    Q 11q     352220 1 1 2 3 2 2    69.0   69.0
45119939.096930 2.344E-62 3.093E-12.02260.02314493.53840.220.000080             10              2                    Q 11m     582220 3 3 2 3 2 2    69.0   69.0
45119953.980300 1.233E-56 3.705E-08.01920.01913507.28160.700.000758              9              2                    S 10q     352220 1 1 2 3 2 2    25.0   21.0
45119975.599600 1.149E-46 2.455E-08.01610.016 8908.44080.700.000698              7              1                    S  9q     352220 1 1 2 3 2 2    69.0   57.0
